📊 Resuming: 62 done, 1179 failed
🔍 Found 1372 chapters with fake translations

  ⏭️ [1/1372] SKIPPED (known failed): novel-133651/ch-3.json

  ⏭️ [2/1372] SKIPPED (known failed): novel-133651/ch-4.json

  ⏭️ [3/1372]  ⚠️ API error (attempt 1): Command '['openclaw', 'infer', 'model', 'run', '--model', 'qclaw/pool-deepseek-v4-pro', '--prompt', 'Translate this Chinese chapter title to English. Return ONLY the English title, no quotes, no explanation, no other text:\n\n第3章 买院子-《赶山1957：二斤猪肉换个媳妇》', '--json']' timed out after 120 seconds
  ⚠️ API error (attempt 2): Command '['openclaw', 'infer', 'model', 'run', '--model', 'qclaw/pool-deepseek-v4-pro', '--prompt', 'Translate this Chinese chapter title to English. Return ONLY the English title, no quotes, no explanation, no other text:\n\n第3章 买院子-《赶山1957：二斤猪肉换个媳妇》', '--json']' timed out after 120 seconds
  ⚠️ API error (attempt 1): Command '['openclaw', 'infer', 'model', 'run', '--model', 'qclaw/pool-deepseek-v4-pro', '--prompt', 'Translate the following Chinese novel chapter content to English. Return ONLY the translation, no explanation, no notes, no Chinese text:\n\n第(1/3)页\n\n\xa0\xa0\xa0\xa0儿媳妇改嫁？\r\n\n\xa0\xa0\xa0\xa0一笔勾销？\r\n\n\xa0\xa0\xa0\xa0“当真？”\r\n\n\xa0\xa0\xa0\xa0李虎话音落下，便见赵贵眼前一亮，开口道。\r\n\n\xa0\xa0\xa0\xa0长子死了。\r\n\n\xa0\xa0\xa0\xa0儿媳还有何用处？\r\n\n\xa0\xa0\xa0\xa0若是拿出去抵债，最好不过啊！\r\n\n\xa0\xa0\xa0\xa0“我不改嫁，我不嫁给李虎。”满身湿润，楚楚可怜的王乃香急忙拒绝道。\r\n\n\xa0\xa0\xa0\xa0村子里人说。\r\n\n\xa0\xa0\xa0\xa0李虎有脏病，若是嫁给了他，岂不是要传染给自己？\r\n\n\xa0\xa0\xa0\xa0下半辈子还不得毁了。\r\n\n\xa0\xa0\xa0\xa0更何况，这李虎长相丑陋，而且凶得很，半夜都得被吓醒。\r\n\n\xa0\xa0\xa0\xa0“你说不嫁就不嫁？”\r\n\n\xa0\xa0\xa0\xa0“我们老赵家把你娶来，可是没少花彩礼，今日我们老赵家遇到事了，你不上谁上？”\r\n\n\xa0\xa0\xa0\xa0“你嫁到我们家了，就得听婆家的话，我大儿子走了，那你就得听我这个老公爹的，让你嫁，你就得嫁。”\r\n\n\xa0\xa0\xa0\xa0赵贵怒声训斥道。\r\n\n\xa0\xa0\xa0\xa0与自己儿子的手相比，儿媳王乃香就算个屁！\r\n\n\xa0\xa0\xa0\xa0“今日你不嫁过去，我家强子的手可就要被砍断了。”\r\n\n\xa0\xa0\xa0\xa0“他一个男人，若是成了残疾。”\r\n\n\xa0\xa0\xa0\xa0“下半辈子可怎么办？”\r\n\n\xa0\xa0\xa0\xa0“你可不能这么自私啊！”赵贵家的婆娘焦急道。\r\n\n\xa0\xa0\xa0\xa0李虎见这老两口如此态度，心中顿时一乐。\r\n\n\xa0\xa0\xa0\xa0嘿。\r\n\n\xa0\xa0\xa0\xa0自己可是馋王乃香身子许久了，那真是日所思，夜所想啊……！\r\n\n\xa0\xa0\xa0\xa0想着晚上搂着这小寡妇香喷喷的身子入睡。\r\n\n\xa0\xa0\xa0\xa0这辈子就没白活。\r\n\n\xa0\xa0\xa0\xa0王乃香一个姑娘，哪里经历过这些，顿时有些慌乱起来。\r\n\n\xa0\xa0\xa0\xa0不知所措，那一双水灵灵，楚楚可怜的眼神，求助势的朝着李青山望了过去。\r\n\n\xa0\xa0\xa0\xa0“现在是新社会，婚姻自由，就算是父母之命媒妁之言，那也是王乃香娘家说了算，和你们婆家有什么关系？”\r\n\n\xa0\xa0\xa0\xa0李青山见赵贵一家子竟然用道德压人，哼一声站了出来道。\r\n\n\xa0\xa0\xa0\xa0“她是我们赵家花了彩礼娶回来的。”\r\n\n\xa0\xa0\xa0\xa0“自然是我们婆家说了算。”\r\n\n\xa0\xa0\xa0\xa0赵贵开口争辩道。\r\n\n\xa0\xa0\xa0\xa0“你给的谁彩礼问谁要去，再说了，乃香嫂子嫁过来是当老婆的，不是当寡妇的，你那短命的儿子死了，白白让人家一个黄花闺女守了三年寡。”\r\n\n\xa0\xa0\xa0\xa0“这是你们老赵家欠乃香嫂子的。”\r\n\n\xa0\xa0\xa0\xa0“话说回来。”\r\n\n\xa0\xa0\xa0\xa0“宣传的干事天天喊婚姻自由，你们这是要当落后分子，要被立典型的。”\r\n\n\xa0\xa0\xa0\xa0李青山怒声训斥之下，赵贵老两口和李虎顿时沉默了。\r\n\n\xa0\xa0\xa0\xa0他们不怕李青山。\r\n\n\xa0\xa0\xa0\xa0但是，怕政府的矫正啊！\r\n\n\xa0\xa0\xa0\xa0“你们若是逼我嫁给李虎，我就死。”\r\n\n\xa0\xa0\xa0\xa0就在这时。\r\n\n\xa0\xa0\xa0\xa0王乃香不知道从哪里翻出了剪刀，抵在自己白皙的脖颈之上，因为太过于锋利，脖颈处甚至渗出了丝丝鲜血。\r\n\n\xa0\xa0\xa0\xa0这是气急之下，动了真格了。\r\n\xa0\xa0\xa0\xa0第(1/3)页', '--json']' timed out after 120 seconds
  ⚠️ API error (attempt 2): Command '['openclaw', 'infer', 'model', 'run', '--model', 'qclaw/pool-deepseek-v4-pro', '--prompt', 'Translate the following Chinese novel chapter content to English. Return ONLY the translation, no explanation, no notes, no Chinese text:\n\n第(1/3)页\n\n\xa0\xa0\xa0\xa0儿媳妇改嫁？\r\n\n\xa0\xa0\xa0\xa0一笔勾销？\r\n\n\xa0\xa0\xa0\xa0“当真？”\r\n\n\xa0\xa0\xa0\xa0李虎话音落下，便见赵贵眼前一亮，开口道。\r\n\n\xa0\xa0\xa0\xa0长子死了。\r\n\n\xa0\xa0\xa0\xa0儿媳还有何用处？\r\n\n\xa0\xa0\xa0\xa0若是拿出去抵债，最好不过啊！\r\n\n\xa0\xa0\xa0\xa0“我不改嫁，我不嫁给李虎。”满身湿润，楚楚可怜的王乃香急忙拒绝道。\r\n\n\xa0\xa0\xa0\xa0村子里人说。\r\n\n\xa0\xa0\xa0\xa0李虎有脏病，若是嫁给了他，岂不是要传染给自己？\r\n\n\xa0\xa0\xa0\xa0下半辈子还不得毁了。\r\n\n\xa0\xa0\xa0\xa0更何况，这李虎长相丑陋，而且凶得很，半夜都得被吓醒。\r\n\n\xa0\xa0\xa0\xa0“你说不嫁就不嫁？”\r\n\n\xa0\xa0\xa0\xa0“我们老赵家把你娶来，可是没少花彩礼，今日我们老赵家遇到事了，你不上谁上？”\r\n\n\xa0\xa0\xa0\xa0“你嫁到我们家了，就得听婆家的话，我大儿子走了，那你就得听我这个老公爹的，让你嫁，你就得嫁。”\r\n\n\xa0\xa0\xa0\xa0赵贵怒声训斥道。\r\n\n\xa0\xa0\xa0\xa0与自己儿子的手相比，儿媳王乃香就算个屁！\r\n\n\xa0\xa0\xa0\xa0“今日你不嫁过去，我家强子的手可就要被砍断了。”\r\n\n\xa0\xa0\xa0\xa0“他一个男人，若是成了残疾。”\r\n\n\xa0\xa0\xa0\xa0“下半辈子可怎么办？”\r\n\n\xa0\xa0\xa0\xa0“你可不能这么自私啊！”赵贵家的婆娘焦急道。\r\n\n\xa0\xa0\xa0\xa0李虎见这老两口如此态度，心中顿时一乐。\r\n\n\xa0\xa0\xa0\xa0嘿。\r\n\n\xa0\xa0\xa0\xa0自己可是馋王乃香身子许久了，那真是日所思，夜所想啊……！\r\n\n\xa0\xa0\xa0\xa0想着晚上搂着这小寡妇香喷喷的身子入睡。\r\n\n\xa0\xa0\xa0\xa0这辈子就没白活。\r\n\n\xa0\xa0\xa0\xa0王乃香一个姑娘，哪里经历过这些，顿时有些慌乱起来。\r\n\n\xa0\xa0\xa0\xa0不知所措，那一双水灵灵，楚楚可怜的眼神，求助势的朝着李青山望了过去。\r\n\n\xa0\xa0\xa0\xa0“现在是新社会，婚姻自由，就算是父母之命媒妁之言，那也是王乃香娘家说了算，和你们婆家有什么关系？”\r\n\n\xa0\xa0\xa0\xa0李青山见赵贵一家子竟然用道德压人，哼一声站了出来道。\r\n\n\xa0\xa0\xa0\xa0“她是我们赵家花了彩礼娶回来的。”\r\n\n\xa0\xa0\xa0\xa0“自然是我们婆家说了算。”\r\n\n\xa0\xa0\xa0\xa0赵贵开口争辩道。\r\n\n\xa0\xa0\xa0\xa0“你给的谁彩礼问谁要去，再说了，乃香嫂子嫁过来是当老婆的，不是当寡妇的，你那短命的儿子死了，白白让人家一个黄花闺女守了三年寡。”\r\n\n\xa0\xa0\xa0\xa0“这是你们老赵家欠乃香嫂子的。”\r\n\n\xa0\xa0\xa0\xa0“话说回来。”\r\n\n\xa0\xa0\xa0\xa0“宣传的干事天天喊婚姻自由，你们这是要当落后分子，要被立典型的。”\r\n\n\xa0\xa0\xa0\xa0李青山怒声训斥之下，赵贵老两口和李虎顿时沉默了。\r\n\n\xa0\xa0\xa0\xa0他们不怕李青山。\r\n\n\xa0\xa0\xa0\xa0但是，怕政府的矫正啊！\r\n\n\xa0\xa0\xa0\xa0“你们若是逼我嫁给李虎，我就死。”\r\n\n\xa0\xa0\xa0\xa0就在这时。\r\n\n\xa0\xa0\xa0\xa0王乃香不知道从哪里翻出了剪刀，抵在自己白皙的脖颈之上，因为太过于锋利，脖颈处甚至渗出了丝丝鲜血。\r\n\n\xa0\xa0\xa0\xa0这是气急之下，动了真格了。\r\n\xa0\xa0\xa0\xa0第(1/3)页', '--json']' timed out after 120 seconds
   ⚠️ Translation failed or still Chinese, skipped

🏁 Done: 62/1372 translated
⚠️ 1180 failures saved to progress file
💾 Progress saved, resume later
-0010.json

  ⏭️ [103/1372] SKIPPED (known failed): novel-226-arrogant-mommy-with-genius-son/ch-0001.json

  ⏭️ [104/1372] SKIPPED (known failed): novel-226-arrogant-mommy-with-genius-son/ch-0002.json

  ⏭️ [105/1372] SKIPPED (known failed): novel-226-arrogant-mommy-with-genius-son/ch-0003.json

  ⏭️ [106/1372] SKIPPED (known failed): novel-226-arrogant-mommy-with-genius-son/ch-0004.json

  ⏭️ [107/1372] SKIPPED (known failed): novel-226-arrogant-mommy-with-genius-son/ch-0005.json

  ⏭️ [108/1372] SKIPPED (known failed): novel-226-arrogant-mommy-with-genius-son/ch-0006.json

  ⏭️ [109/1372] SKIPPED (known failed): novel-226-arrogant-mommy-with-genius-son/ch-0007.json

  ⏭️ [110/1372] SKIPPED (known failed): novel-226-arrogant-mommy-with-genius-son/ch-0008.json

  ⏭️ [111/1372] SKIPPED (known failed): novel-226-arrogant-mommy-with-genius-son/ch-0009.json

  ⏭️ [112/1372] SKIPPED (known failed): novel-226-arrogant-mommy-with-genius-son/ch-0010.json

  ⏭️ [113/1372] SKIPPED (known failed): novel-227-genius-doctor/ch-0001.json

  ⏭️ [114/1372] SKIPPED (known failed): novel-227-genius-doctor/ch-0002.json

  ⏭️ [115/1372] SKIPPED (known failed): novel-227-genius-doctor/ch-0003.json

  ⏭️ [116/1372] SKIPPED (known failed): novel-227-genius-doctor/ch-0004.json

  ⏭️ [117/1372] SKIPPED (known failed): novel-227-genius-doctor/ch-0005.json

  ⏭️ [118/1372] SKIPPED (known failed): novel-227-genius-doctor/ch-0007.json

  ⏭️ [119/1372] SKIPPED (known failed): novel-227-genius-doctor/ch-0008.json

  ⏭️ [120/1372] SKIPPED (known failed): novel-227-genius-doctor/ch-0009.json

  ⏭️ [121/1372] SKIPPED (known failed): novel-227-genius-doctor/ch-0010.json

  ⏭️ [122/1372] SKIPPED (known failed): novel-228-the-goddesss-super-bodyguard/ch-0001.json

  ⏭️ [123/1372] SKIPPED (known failed): novel-228-the-goddesss-super-bodyguard/ch-0002.json

  ⏭️ [124/1372] SKIPPED (known failed): novel-228-the-goddesss-super-bodyguard/ch-0003.json

  ⏭️ [125/1372] SKIPPED (known failed): novel-228-the-goddesss-super-bodyguard/ch-0004.json

  ⏭️ [126/1372] SKIPPED (known failed): novel-228-the-goddesss-super-bodyguard/ch-0005.json

  ⏭️ [127/1372] SKIPPED (known failed): novel-228-the-goddesss-super-bodyguard/ch-0006.json

  ⏭️ [128/1372] SKIPPED (known failed): novel-228-the-goddesss-super-bodyguard/ch-0007.json

  ⏭️ [129/1372] SKIPPED (known failed): novel-228-the-goddesss-super-bodyguard/ch-0008.json

  ⏭️ [130/1372] SKIPPED (known failed): novel-228-the-goddesss-super-bodyguard/ch-0009.json

  ⏭️ [131/1372] SKIPPED (known failed): novel-228-the-goddesss-super-bodyguard/ch-0010.json

  ⏭️ [132/1372] SKIPPED (known failed): novel-231-marry-first-love-uncle-later-i/ch-0001.json

  ⏭️ [133/1372] SKIPPED (known failed): novel-231-marry-first-love-uncle-later-i/ch-0002.json

  ⏭️ [134/1372] SKIPPED (known failed): novel-231-marry-first-love-uncle-later-i/ch-0003.json

  ⏭️ [135/1372] SKIPPED (known failed): novel-231-marry-first-love-uncle-later-i/ch-0004.json

  ⏭️ [136/1372] SKIPPED (known failed): novel-231-marry-first-love-uncle-later-i/ch-0005.json

  ⏭️ [137/1372] SKIPPED (known failed): novel-231-marry-first-love-uncle-later-i/ch-0006.json

  ⏭️ [138/1372] SKIPPED (known failed): novel-231-marry-first-love-uncle-later-i/ch-0007.json

  ⏭️ [139/1372] SKIPPED (known failed): novel-231-marry-first-love-uncle-later-i/ch-0008.json

  ⏭️ [140/1372] SKIPPED (known failed): novel-231-marry-first-love-uncle-later-i/ch-0009.json

  ⏭️ [141/1372] SKIPPED (known failed): novel-231-marry-first-love-uncle-later-i/ch-0010.json

  ⏭️ [142/1372] SKIPPED (known failed): novel-232-feng-batian-killers-crazy-wife/ch-0001.json

  ⏭️ [143/1372] SKIPPED (known failed): novel-232-feng-batian-killers-crazy-wife/ch-0002.json

  ⏭️ [144/1372] SKIPPED (known failed): novel-232-feng-batian-killers-crazy-wife/ch-0003.json

  ⏭️ [145/1372] SKIPPED (known failed): novel-232-feng-batian-killers-crazy-wife/ch-0004.json

  ⏭️ [146/1372] SKIPPED (known failed): novel-232-feng-batian-killers-crazy-wife/ch-0005.json

  ⏭️ [147/1372] SKIPPED (known failed): novel-232-feng-batian-killers-crazy-wife/ch-0006.json

  ⏭️ [148/1372] SKIPPED (known failed): novel-232-feng-batian-killers-crazy-wife/ch-0007.json

  ⏭️ [149/1372] SKIPPED (known failed): novel-232-feng-batian-killers-crazy-wife/ch-0008.json

  ⏭️ [150/1372] SKIPPED (known failed): novel-232-feng-batian-killers-crazy-wife/ch-0009.json

  ⏭️ [151/1372] SKIPPED (known failed): novel-232-feng-batian-killers-crazy-wife/ch-0010.json

  ⏭️ [152/1372] SKIPPED (known failed): novel-233-marriage-and-death/ch-0001.json

  ⏭️ [153/1372] SKIPPED (known failed): novel-233-marriage-and-death/ch-0002.json

  ⏭️ [154/1372] SKIPPED (known failed): novel-233-marriage-and-death/ch-0003.json

  ⏭️ [155/1372] SKIPPED (known failed): novel-233-marriage-and-death/ch-0004.json

  ⏭️ [156/1372] SKIPPED (known failed): novel-233-marriage-and-death/ch-0005.json

  ⏭️ [157/1372] SKIPPED (known failed): novel-233-marriage-and-death/ch-0006.json

  ⏭️ [158/1372] SKIPPED (known failed): novel-233-marriage-and-death/ch-0007.json

  ⏭️ [159/1372] SKIPPED (known failed): novel-233-marriage-and-death/ch-0008.json

  ⏭️ [160/1372] SKIPPED (known failed): novel-233-marriage-and-death/ch-0009.json

  ⏭️ [161/1372] SKIPPED (known failed): novel-233-marriage-and-death/ch-0010.json

  ⏭️ [162/1372] SKIPPED (known failed): novel-234-qing-ben-heimeng-is-a-guest/ch-0001.json

  ⏭️ [163/1372] SKIPPED (known failed): novel-234-qing-ben-heimeng-is-a-guest/ch-0002.json

  ⏭️ [164/1372] SKIPPED (known failed): novel-234-qing-ben-heimeng-is-a-guest/ch-0003.json

  ⏭️ [165/1372] SKIPPED (known failed): novel-234-qing-ben-heimeng-is-a-guest/ch-0005.json

  ⏭️ [166/1372] SKIPPED (known failed): novel-234-qing-ben-heimeng-is-a-guest/ch-0006.json

  ⏭️ [167/1372] SKIPPED (known failed): novel-234-qing-ben-heimeng-is-a-guest/ch-0007.json

  ⏭️ [168/1372] SKIPPED (known failed): novel-234-qing-ben-heimeng-is-a-guest/ch-0008.json

  ⏭️ [169/1372] SKIPPED (known failed): novel-234-qing-ben-heimeng-is-a-guest/ch-0009.json

  ⏭️ [170/1372] SKIPPED (known failed): novel-234-qing-ben-heimeng-is-a-guest/ch-0010.json

  ⏭️ [171/1372] SKIPPED (known failed): novel-235-famous-doctor-and-noble-lady/ch-0002.json

  ⏭️ [172/1372] SKIPPED (known failed): novel-235-famous-doctor-and-noble-lady/ch-0003.json

  ⏭️ [173/1372] SKIPPED (known failed): novel-235-famous-doctor-and-noble-lady/ch-0004.json

  ⏭️ [174/1372] SKIPPED (known failed): novel-235-famous-doctor-and-noble-lady/ch-0005.json

  ⏭️ [175/1372] SKIPPED (known failed): novel-235-famous-doctor-and-noble-lady/ch-0006.json

  ⏭️ [176/1372] SKIPPED (known failed): novel-235-famous-doctor-and-noble-lady/ch-0007.json

  ⏭️ [177/1372] SKIPPED (known failed): novel-235-famous-doctor-and-noble-lady/ch-0008.json

  ⏭️ [178/1372] SKIPPED (known failed): novel-235-famous-doctor-and-noble-lady/ch-0009.json

  ⏭️ [179/1372] SKIPPED (known failed): novel-235-famous-doctor-and-noble-lady/ch-0010.json

  ⏭️ [180/1372] SKIPPED (known failed): novel-236-four-husbands-fight-for-love-of/ch-0001.json

  ⏭️ [181/1372] SKIPPED (known failed): novel-236-four-husbands-fight-for-love-of/ch-0002.json

  ⏭️ [182/1372] SKIPPED (known failed): novel-236-four-husbands-fight-for-love-of/ch-0003.json

  ⏭️ [183/1372] SKIPPED (known failed): novel-236-four-husbands-fight-for-love-of/ch-0004.json

  ⏭️ [184/1372] SKIPPED (known failed): novel-236-four-husbands-fight-for-love-of/ch-0005.json

  ⏭️ [185/1372] SKIPPED (known failed): novel-236-four-husbands-fight-for-love-of/ch-0006.json

  ⏭️ [186/1372] SKIPPED (known failed): novel-236-four-husbands-fight-for-love-of/ch-0007.json

  ⏭️ [187/1372] SKIPPED (known failed): novel-236-four-husbands-fight-for-love-of/ch-0008.json

  ⏭️ [188/1372] SKIPPED (known failed): novel-236-four-husbands-fight-for-love-of/ch-0009.json

  ⏭️ [189/1372] SKIPPED (known failed): novel-236-four-husbands-fight-for-love-of/ch-0010.json

  ⏭️ [190/1372] SKIPPED (known failed): novel-237-become-immortal/ch-0001.json

  ⏭️ [191/1372] SKIPPED (known failed): novel-237-become-immortal/ch-0002.json

  ⏭️ [192/1372] SKIPPED (known failed): novel-237-become-immortal/ch-0003.json

  ⏭️ [193/1372] SKIPPED (known failed): novel-237-become-immortal/ch-0004.json

  ⏭️ [194/1372] SKIPPED (known failed): novel-237-become-immortal/ch-0005.json

  ⏭️ [195/1372] SKIPPED (known failed): novel-237-become-immortal/ch-0006.json

  ⏭️ [196/1372] SKIPPED (known failed): novel-237-become-immortal/ch-0007.json

  ⏭️ [197/1372] SKIPPED (known failed): novel-237-become-immortal/ch-0008.json

  ⏭️ [198/1372] SKIPPED (known failed): novel-237-become-immortal/ch-0009.json

  ⏭️ [199/1372] SKIPPED (known failed): novel-237-become-immortal/ch-0010.json

  ⏭️ [200/1372] SKIPPED (known failed): novel-238-flower-guarding-dragon/ch-0001.json

  ⏭️ [201/1372] SKIPPED (known failed): novel-238-flower-guarding-dragon/ch-0002.json

  ⏭️ [202/1372] SKIPPED (known failed): novel-238-flower-guarding-dragon/ch-0003.json

  ⏭️ [203/1372] SKIPPED (known failed): novel-238-flower-guarding-dragon/ch-0004.json

  ⏭️ [204/1372] SKIPPED (known failed): novel-238-flower-guarding-dragon/ch-0005.json

  ⏭️ [205/1372] SKIPPED (known failed): novel-238-flower-guarding-dragon/ch-0006.json

  ⏭️ [206/1372] SKIPPED (known failed): novel-238-flower-guarding-dragon/ch-0007.json

  ⏭️ [207/1372] SKIPPED (known failed): novel-238-flower-guarding-dragon/ch-0008.json

  ⏭️ [208/1372] SKIPPED (known failed): novel-238-flower-guarding-dragon/ch-0009.json

  ⏭️ [209/1372] SKIPPED (known failed): novel-238-flower-guarding-dragon/ch-0010.json

  ⏭️ [210/1372] SKIPPED (known failed): novel-239-killer-landlord-and-pretty-tenant/ch-0001.json

  ⏭️ [211/1372] SKIPPED (known failed): novel-239-killer-landlord-and-pretty-tenant/ch-0002.json

  ⏭️ [212/1372] SKIPPED (known failed): novel-239-killer-landlord-and-pretty-tenant/ch-0003.json

  ⏭️ [213/1372] SKIPPED (known failed): novel-239-killer-landlord-and-pretty-tenant/ch-0004.json

  ⏭️ [214/1372] SKIPPED (known failed): novel-239-killer-landlord-and-pretty-tenant/ch-0005.json

  ⏭️ [215/1372] SKIPPED (known failed): novel-239-killer-landlord-and-pretty-tenant/ch-0006.json

  ⏭️ [216/1372] SKIPPED (known failed): novel-239-killer-landlord-and-pretty-tenant/ch-0007.json

  ⏭️ [217/1372] SKIPPED (known failed): novel-239-killer-landlord-and-pretty-tenant/ch-0008.json

  ⏭️ [218/1372] SKIPPED (known failed): novel-239-killer-landlord-and-pretty-tenant/ch-0009.json

  ⏭️ [219/1372] SKIPPED (known failed): novel-239-killer-landlord-and-pretty-tenant/ch-0010.json

  ⏭️ [220/1372] SKIPPED (known failed): novel-240-special-military-doctor/ch-0001.json

  ⏭️ [221/1372] SKIPPED (known failed): novel-240-special-military-doctor/ch-0002.json

  ⏭️ [222/1372] SKIPPED (known failed): novel-240-special-military-doctor/ch-0003.json

  ⏭️ [223/1372] SKIPPED (known failed): novel-240-special-military-doctor/ch-0004.json

  ⏭️ [224/1372] SKIPPED (known failed): novel-240-special-military-doctor/ch-0005.json

  ⏭️ [225/1372] SKIPPED (known failed): novel-240-special-military-doctor/ch-0006.json

  ⏭️ [226/1372] SKIPPED (known failed): novel-240-special-military-doctor/ch-0007.json

  ⏭️ [227/1372] SKIPPED (known failed): novel-240-special-military-doctor/ch-0008.json

  ⏭️ [228/1372] SKIPPED (known failed): novel-240-special-military-doctor/ch-0009.json

  ⏭️ [229/1372] SKIPPED (known failed): novel-240-special-military-doctor/ch-0010.json

  ⏭️ [230/1372] SKIPPED (known failed): novel-241-the-pot-is-returned-to-the/ch-0001.json

  ⏭️ [231/1372] SKIPPED (known failed): novel-241-the-pot-is-returned-to-the/ch-0002.json

  ⏭️ [232/1372] SKIPPED (known failed): novel-241-the-pot-is-returned-to-the/ch-0003.json

  ⏭️ [233/1372] SKIPPED (known failed): novel-241-the-pot-is-returned-to-the/ch-0004.json

  ⏭️ [234/1372] SKIPPED (known failed): novel-241-the-pot-is-returned-to-the/ch-0005.json

  ⏭️ [235/1372] SKIPPED (known failed): novel-241-the-pot-is-returned-to-the/ch-0006.json

  ⏭️ [236/1372] SKIPPED (known failed): novel-241-the-pot-is-returned-to-the/ch-0007.json

  ⏭️ [237/1372] SKIPPED (known failed): novel-241-the-pot-is-returned-to-the/ch-0008.json

  ⏭️ [238/1372] SKIPPED (known failed): novel-241-the-pot-is-returned-to-the/ch-0009.json

  ⏭️ [239/1372] SKIPPED (known failed): novel-241-the-pot-is-returned-to-the/ch-0010.json

  ⏭️ [240/1372] SKIPPED (known failed): novel-242-tweezers-and-stirrups/ch-0001.json

  ⏭️ [241/1372] SKIPPED (known failed): novel-242-tweezers-and-stirrups/ch-0002.json

  ⏭️ [242/1372] SKIPPED (known failed): novel-242-tweezers-and-stirrups/ch-0003.json

  ⏭️ [243/1372] SKIPPED (known failed): novel-242-tweezers-and-stirrups/ch-0004.json

  ⏭️ [244/1372] SKIPPED (known failed): novel-242-tweezers-and-stirrups/ch-0005.json

  ⏭️ [245/1372] SKIPPED (known failed): novel-242-tweezers-and-stirrups/ch-0006.json

  ⏭️ [246/1372] SKIPPED (known failed): novel-242-tweezers-and-stirrups/ch-0007.json

  ⏭️ [247/1372] SKIPPED (known failed): novel-242-tweezers-and-stirrups/ch-0008.json

  ⏭️ [248/1372] SKIPPED (known failed): novel-242-tweezers-and-stirrups/ch-0009.json

  ⏭️ [249/1372] SKIPPED (known failed): novel-243-urban-all-round-system/ch-0001.json

  ⏭️ [250/1372] SKIPPED (known failed): novel-243-urban-all-round-system/ch-0002.json

  ⏭️ [251/1372] SKIPPED (known failed): novel-243-urban-all-round-system/ch-0003.json

  ⏭️ [252/1372] SKIPPED (known failed): novel-243-urban-all-round-system/ch-0004.json

  ⏭️ [253/1372] SKIPPED (known failed): novel-243-urban-all-round-system/ch-0005.json

  ⏭️ [254/1372] SKIPPED (known failed): novel-243-urban-all-round-system/ch-0006.json

  ⏭️ [255/1372] SKIPPED (known failed): novel-243-urban-all-round-system/ch-0007.json

  ⏭️ [256/1372] SKIPPED (known failed): novel-243-urban-all-round-system/ch-0008.json

  ⏭️ [257/1372] SKIPPED (known failed): novel-243-urban-all-round-system/ch-0009.json

  ⏭️ [258/1372] SKIPPED (known failed): novel-243-urban-all-round-system/ch-0010.json

  ⏭️ [259/1372] SKIPPED (known failed): novel-76fe332b/ch-0001.json

  ⏭️ [260/1372] SKIPPED (known failed): novel-76fe332b/ch-0002.json

  ⏭️ [261/1372] SKIPPED (known failed): novel-76fe332b/ch-0003.json

  ⏭️ [262/1372] SKIPPED (known failed): novel-76fe332b/ch-0004.json

  ⏭️ [263/1372] SKIPPED (known failed): novel-76fe332b/ch-0005.json

  ⏭️ [264/1372] SKIPPED (known failed): novel-76fe332b/ch-0006.json

  ⏭️ [265/1372] SKIPPED (known failed): novel-76fe332b/ch-0007.json

  ⏭️ [266/1372] SKIPPED (known failed): novel-76fe332b/ch-0008.json

  ⏭️ [267/1372] SKIPPED (known failed): novel-76fe332b/ch-0009.json

  ⏭️ [268/1372] SKIPPED (known failed): novel-76fe332b/ch-0010.json

  ⏭️ [269/1372] SKIPPED (known failed): novel-76fe332b/ch-0011.json

  ⏭️ [270/1372] SKIPPED (known failed): novel-76fe332b/ch-0012.json

  ⏭️ [271/1372] SKIPPED (known failed): novel-76fe332b/ch-0013.json

  ⏭️ [272/1372] SKIPPED (known failed): novel-76fe332b/ch-0014.json

  ⏭️ [273/1372] SKIPPED (known failed): novel-76fe332b/ch-0015.json

  ⏭️ [274/1372] SKIPPED (known failed): novel-76fe332b/ch-0016.json

  ⏭️ [275/1372] SKIPPED (known failed): novel-76fe332b/ch-0017.json

  ⏭️ [276/1372] SKIPPED (known failed): novel-76fe332b/ch-0018.json

  ⏭️ [277/1372] SKIPPED (known failed): novel-76fe332b/ch-0019.json

  ⏭️ [278/1372] SKIPPED (known failed): novel-76fe332b/ch-0020.json

  ⏭️ [279/1372] SKIPPED (known failed): novel-76fe332b/ch-0021.json

  ⏭️ [280/1372] SKIPPED (known failed): novel-76fe332b/ch-0022.json

  ⏭️ [281/1372] SKIPPED (known failed): novel-76fe332b/ch-0023.json

  ⏭️ [282/1372] SKIPPED (known failed): novel-76fe332b/ch-0024.json

  ⏭️ [283/1372] SKIPPED (known failed): novel-76fe332b/ch-0025.json

  ⏭️ [284/1372] SKIPPED (known failed): novel-76fe332b/ch-0026.json

  ⏭️ [285/1372] SKIPPED (known failed): novel-76fe332b/ch-0027.json

  ⏭️ [286/1372] SKIPPED (known failed): novel-76fe332b/ch-0028.json

  ⏭️ [287/1372] SKIPPED (known failed): novel-76fe332b/ch-0029.json

  ⏭️ [288/1372] SKIPPED (known failed): novel-76fe332b/ch-0030.json

  ⏭️ [289/1372] SKIPPED (known failed): novel-76fe332b/ch-0031.json

  ⏭️ [290/1372] SKIPPED (known failed): novel-76fe332b/ch-0032.json

  ⏭️ [291/1372] SKIPPED (known failed): novel-76fe332b/ch-0033.json

  ⏭️ [292/1372] SKIPPED (known failed): novel-76fe332b/ch-0034.json

  ⏭️ [293/1372] SKIPPED (known failed): novel-76fe332b/ch-0035.json

  ⏭️ [294/1372] SKIPPED (known failed): novel-76fe332b/ch-0036.json

  ⏭️ [295/1372] SKIPPED (known failed): novel-76fe332b/ch-0037.json

  ⏭️ [296/1372] SKIPPED (known failed): novel-76fe332b/ch-0038.json

  ⏭️ [297/1372] SKIPPED (known failed): novel-76fe332b/ch-0039.json

  ⏭️ [298/1372] SKIPPED (known failed): novel-76fe332b/ch-0040.json

  ⏭️ [299/1372] SKIPPED (known failed): novel-76fe332b/ch-0041.json

  ⏭️ [300/1372] SKIPPED (known failed): novel-76fe332b/ch-0042.json

  ⏭️ [301/1372] SKIPPED (known failed): novel-76fe332b/ch-0043.json

  ⏭️ [302/1372] SKIPPED (known failed): novel-76fe332b/ch-0044.json

  ⏭️ [303/1372] SKIPPED (known failed): novel-76fe332b/ch-0045.json

  ⏭️ [304/1372] SKIPPED (known failed): novel-76fe332b/ch-0046.json

  ⏭️ [305/1372] SKIPPED (known failed): novel-76fe332b/ch-0047.json

  ⏭️ [306/1372] SKIPPED (known failed): novel-76fe332b/ch-0048.json

  ⏭️ [307/1372] SKIPPED (known failed): novel-76fe332b/ch-0049.json

  ⏭️ [308/1372] SKIPPED (known failed): novel-76fe332b/ch-0050.json

  ⏭️ [309/1372] SKIPPED (known failed): novel-76fe332b/ch-0051.json

  ⏭️ [310/1372] SKIPPED (known failed): novel-76fe332b/ch-0052.json

  ⏭️ [311/1372] SKIPPED (known failed): novel-76fe332b/ch-0053.json

  ⏭️ [312/1372] SKIPPED (known failed): novel-76fe332b/ch-0054.json

  ⏭️ [313/1372] SKIPPED (known failed): novel-76fe332b/ch-0055.json

  ⏭️ [314/1372] SKIPPED (known failed): novel-76fe332b/ch-0056.json

  ⏭️ [315/1372] SKIPPED (known failed): novel-76fe332b/ch-0057.json

  ⏭️ [316/1372] SKIPPED (known failed): novel-76fe332b/ch-0058.json

  ⏭️ [317/1372] SKIPPED (known failed): novel-76fe332b/ch-0059.json

  ⏭️ [318/1372] SKIPPED (known failed): novel-76fe332b/ch-0060.json

  ⏭️ [319/1372] SKIPPED (known failed): novel-76fe332b/ch-0061.json

  ⏭️ [320/1372] SKIPPED (known failed): novel-76fe332b/ch-0062.json

  ⏭️ [321/1372] SKIPPED (known failed): novel-76fe332b/ch-0063.json

  ⏭️ [322/1372] SKIPPED (known failed): novel-76fe332b/ch-0064.json

  ⏭️ [323/1372] SKIPPED (known failed): novel-76fe332b/ch-0065.json

  ⏭️ [324/1372] SKIPPED (known failed): novel-76fe332b/ch-0066.json

  ⏭️ [325/1372] SKIPPED (known failed): novel-76fe332b/ch-0067.json

  ⏭️ [326/1372] SKIPPED (known failed): novel-76fe332b/ch-0068.json

  ⏭️ [327/1372] SKIPPED (known failed): novel-76fe332b/ch-0069.json

  ⏭️ [328/1372] SKIPPED (known failed): novel-76fe332b/ch-0070.json

  ⏭️ [329/1372] SKIPPED (known failed): novel-76fe332b/ch-0071.json

  ⏭️ [330/1372] SKIPPED (known failed): novel-76fe332b/ch-0072.json

  ⏭️ [331/1372] SKIPPED (known failed): novel-76fe332b/ch-0073.json

  ⏭️ [332/1372] SKIPPED (known failed): novel-76fe332b/ch-0074.json

  ⏭️ [333/1372] SKIPPED (known failed): novel-76fe332b/ch-0075.json

  ⏭️ [334/1372] SKIPPED (known failed): novel-76fe332b/ch-0076.json

  ⏭️ [335/1372] SKIPPED (known failed): novel-76fe332b/ch-0077.json

  ⏭️ [336/1372] SKIPPED (known failed): novel-76fe332b/ch-0078.json

  ⏭️ [337/1372] SKIPPED (known failed): novel-76fe332b/ch-0079.json

  ⏭️ [338/1372] SKIPPED (known failed): novel-76fe332b/ch-0080.json

  ⏭️ [339/1372] SKIPPED (known failed): novel-76fe332b/ch-0081.json

  ⏭️ [340/1372] SKIPPED (known failed): novel-76fe332b/ch-0082.json

  ⏭️ [341/1372] SKIPPED (known failed): novel-76fe332b/ch-0083.json

  ⏭️ [342/1372] SKIPPED (known failed): novel-76fe332b/ch-0084.json

  ⏭️ [343/1372] SKIPPED (known failed): novel-76fe332b/ch-0085.json

  ⏭️ [344/1372] SKIPPED (known failed): novel-76fe332b/ch-0086.json

  ⏭️ [345/1372] SKIPPED (known failed): novel-76fe332b/ch-0087.json

  ⏭️ [346/1372] SKIPPED (known failed): novel-76fe332b/ch-0088.json

  ⏭️ [347/1372] SKIPPED (known failed): novel-76fe332b/ch-0089.json

  ⏭️ [348/1372] SKIPPED (known failed): novel-76fe332b/ch-0090.json

  ⏭️ [349/1372] SKIPPED (known failed): novel-76fe332b/ch-0091.json

  ⏭️ [350/1372] SKIPPED (known failed): novel-76fe332b/ch-0092.json

  ⏭️ [351/1372] SKIPPED (known failed): novel-76fe332b/ch-0093.json

  ⏭️ [352/1372] SKIPPED (known failed): novel-76fe332b/ch-0094.json

  ⏭️ [353/1372] SKIPPED (known failed): novel-76fe332b/ch-0095.json

  ⏭️ [354/1372] SKIPPED (known failed): novel-76fe332b/ch-0096.json

  ⏭️ [355/1372] SKIPPED (known failed): novel-76fe332b/ch-0097.json

  ⏭️ [356/1372] SKIPPED (known failed): novel-76fe332b/ch-0098.json

  ⏭️ [357/1372] SKIPPED (known failed): novel-76fe332b/ch-0099.json

  ⏭️ [358/1372] SKIPPED (known failed): novel-76fe332b/ch-0100.json

  ⏭️ [359/1372] SKIPPED (known failed): novel-76fe332b/ch-0101.json

  ⏭️ [360/1372] SKIPPED (known failed): novel-76fe332b/ch-0102.json

  ⏭️ [361/1372] SKIPPED (known failed): novel-76fe332b/ch-0103.json

  ⏭️ [362/1372] SKIPPED (known failed): novel-76fe332b/ch-0104.json

  ⏭️ [363/1372] SKIPPED (known failed): novel-76fe332b/ch-0105.json

  ⏭️ [364/1372] SKIPPED (known failed): novel-76fe332b/ch-0106.json

  ⏭️ [365/1372] SKIPPED (known failed): novel-76fe332b/ch-0107.json

  ⏭️ [366/1372] SKIPPED (known failed): novel-76fe332b/ch-0108.json

  ⏭️ [367/1372] SKIPPED (known failed): novel-76fe332b/ch-0109.json

  ⏭️ [368/1372] SKIPPED (known failed): novel-76fe332b/ch-0110.json

  ⏭️ [369/1372] SKIPPED (known failed): novel-76fe332b/ch-0111.json

  ⏭️ [370/1372] SKIPPED (known failed): novel-76fe332b/ch-0112.json

  ⏭️ [371/1372] SKIPPED (known failed): novel-76fe332b/ch-0113.json

  ⏭️ [372/1372] SKIPPED (known failed): novel-76fe332b/ch-0114.json

  ⏭️ [373/1372] SKIPPED (known failed): novel-76fe332b/ch-0115.json

  ⏭️ [374/1372] SKIPPED (known failed): novel-76fe332b/ch-0116.json

  ⏭️ [375/1372] SKIPPED (known failed): novel-76fe332b/ch-0117.json

  ⏭️ [376/1372] SKIPPED (known failed): novel-76fe332b/ch-0118.json

  ⏭️ [377/1372] SKIPPED (known failed): novel-76fe332b/ch-0119.json

  ⏭️ [378/1372] SKIPPED (known failed): novel-76fe332b/ch-0120.json

  ⏭️ [379/1372] SKIPPED (known failed): novel-76fe332b/ch-0121.json

  ⏭️ [380/1372] SKIPPED (known failed): novel-76fe332b/ch-0122.json

  ⏭️ [381/1372] SKIPPED (known failed): novel-76fe332b/ch-0123.json

  ⏭️ [382/1372] SKIPPED (known failed): novel-76fe332b/ch-0124.json

  ⏭️ [383/1372] SKIPPED (known failed): novel-76fe332b/ch-0125.json

  ⏭️ [384/1372] SKIPPED (known failed): novel-76fe332b/ch-0126.json

  ⏭️ [385/1372] SKIPPED (known failed): novel-76fe332b/ch-0127.json

  ⏭️ [386/1372] SKIPPED (known failed): novel-76fe332b/ch-0128.json

  ⏭️ [387/1372] SKIPPED (known failed): novel-76fe332b/ch-0129.json

  ⏭️ [388/1372] SKIPPED (known failed): novel-76fe332b/ch-0130.json

  ⏭️ [389/1372] SKIPPED (known failed): novel-76fe332b/ch-0131.json

  ⏭️ [390/1372] SKIPPED (known failed): novel-76fe332b/ch-0132.json

  ⏭️ [391/1372] SKIPPED (known failed): novel-76fe332b/ch-0133.json

  ⏭️ [392/1372] SKIPPED (known failed): novel-76fe332b/ch-0134.json

  ⏭️ [393/1372] SKIPPED (known failed): novel-76fe332b/ch-0135.json

  ⏭️ [394/1372] SKIPPED (known failed): novel-76fe332b/ch-0136.json

  ⏭️ [395/1372] SKIPPED (known failed): novel-76fe332b/ch-0137.json

  ⏭️ [396/1372] SKIPPED (known failed): novel-76fe332b/ch-0138.json

  ⏭️ [397/1372] SKIPPED (known failed): novel-76fe332b/ch-0139.json

  ⏭️ [398/1372] SKIPPED (known failed): novel-76fe332b/ch-0140.json

  ⏭️ [399/1372] SKIPPED (known failed): novel-76fe332b/ch-0141.json

  ⏭️ [400/1372] SKIPPED (known failed): novel-76fe332b/ch-0142.json

  ⏭️ [401/1372] SKIPPED (known failed): novel-76fe332b/ch-0143.json

  ⏭️ [402/1372] SKIPPED (known failed): novel-76fe332b/ch-0144.json

  ⏭️ [403/1372] SKIPPED (known failed): novel-76fe332b/ch-0145.json

  ⏭️ [404/1372] SKIPPED (known failed): novel-76fe332b/ch-0146.json

  ⏭️ [405/1372] SKIPPED (known failed): novel-76fe332b/ch-0147.json

  ⏭️ [406/1372] SKIPPED (known failed): novel-76fe332b/ch-0148.json

  ⏭️ [407/1372] SKIPPED (known failed): novel-76fe332b/ch-0149.json

  ⏭️ [408/1372] SKIPPED (known failed): novel-76fe332b/ch-0150.json

  ⏭️ [409/1372] SKIPPED (known failed): novel-76fe332b/ch-0151.json

  ⏭️ [410/1372] SKIPPED (known failed): novel-76fe332b/ch-0152.json

  ⏭️ [411/1372] SKIPPED (known failed): novel-76fe332b/ch-0153.json

  ⏭️ [412/1372] SKIPPED (known failed): novel-76fe332b/ch-0154.json

  ⏭️ [413/1372] SKIPPED (known failed): novel-76fe332b/ch-0155.json

  ⏭️ [414/1372] SKIPPED (known failed): novel-76fe332b/ch-0156.json

  ⏭️ [415/1372] SKIPPED (known failed): novel-76fe332b/ch-0157.json

  ⏭️ [416/1372] SKIPPED (known failed): novel-76fe332b/ch-0158.json

  ⏭️ [417/1372] SKIPPED (known failed): novel-76fe332b/ch-0159.json

  ⏭️ [418/1372] SKIPPED (known failed): novel-76fe332b/ch-0160.json

  ⏭️ [419/1372] SKIPPED (known failed): novel-76fe332b/ch-0161.json

  ⏭️ [420/1372] SKIPPED (known failed): novel-76fe332b/ch-0162.json

  ⏭️ [421/1372] SKIPPED (known failed): novel-76fe332b/ch-0163.json

  ⏭️ [422/1372] SKIPPED (known failed): novel-76fe332b/ch-0164.json

  ⏭️ [423/1372] SKIPPED (known failed): novel-76fe332b/ch-0165.json

  ⏭️ [424/1372] SKIPPED (known failed): novel-76fe332b/ch-0166.json

  ⏭️ [425/1372] SKIPPED (known failed): novel-76fe332b/ch-0167.json

  ⏭️ [426/1372] SKIPPED (known failed): novel-76fe332b/ch-0168.json

  ⏭️ [427/1372] SKIPPED (known failed): novel-76fe332b/ch-0169.json

  ⏭️ [428/1372] SKIPPED (known failed): novel-76fe332b/ch-0170.json

  ⏭️ [429/1372] SKIPPED (known failed): novel-76fe332b/ch-0171.json

  ⏭️ [430/1372] SKIPPED (known failed): novel-76fe332b/ch-0172.json

  ⏭️ [431/1372] SKIPPED (known failed): novel-76fe332b/ch-0173.json

  ⏭️ [432/1372] SKIPPED (known failed): novel-76fe332b/ch-0174.json

  ⏭️ [433/1372] SKIPPED (known failed): novel-76fe332b/ch-0175.json

  ⏭️ [434/1372] SKIPPED (known failed): novel-76fe332b/ch-0176.json

  ⏭️ [435/1372] SKIPPED (known failed): novel-76fe332b/ch-0177.json

  ⏭️ [436/1372] SKIPPED (known failed): novel-76fe332b/ch-0178.json

  ⏭️ [437/1372] SKIPPED (known failed): novel-76fe332b/ch-0179.json

  ⏭️ [438/1372] SKIPPED (known failed): novel-76fe332b/ch-0180.json

  ⏭️ [439/1372] SKIPPED (known failed): novel-76fe332b/ch-0181.json

  ⏭️ [440/1372] SKIPPED (known failed): novel-76fe332b/ch-0182.json

  ⏭️ [441/1372] SKIPPED (known failed): novel-76fe332b/ch-0183.json

  ⏭️ [442/1372] SKIPPED (known failed): novel-76fe332b/ch-0184.json

  ⏭️ [443/1372] SKIPPED (known failed): novel-76fe332b/ch-0185.json

  ⏭️ [444/1372] SKIPPED (known failed): novel-76fe332b/ch-0186.json

  ⏭️ [445/1372] SKIPPED (known failed): novel-76fe332b/ch-0187.json

  ⏭️ [446/1372] SKIPPED (known failed): novel-76fe332b/ch-0188.json

  ⏭️ [447/1372] SKIPPED (known failed): novel-76fe332b/ch-0189.json

  ⏭️ [448/1372] SKIPPED (known failed): novel-76fe332b/ch-0190.json

  ⏭️ [449/1372] SKIPPED (known failed): novel-76fe332b/ch-0191.json

  ⏭️ [450/1372] SKIPPED (known failed): novel-76fe332b/ch-0192.json

  ⏭️ [451/1372] SKIPPED (known failed): novel-76fe332b/ch-0193.json

  ⏭️ [452/1372] SKIPPED (known failed): novel-76fe332b/ch-0194.json

  ⏭️ [453/1372] SKIPPED (known failed): novel-76fe332b/ch-0195.json

  ⏭️ [454/1372] SKIPPED (known failed): novel-76fe332b/ch-0196.json

  ⏭️ [455/1372] SKIPPED (known failed): novel-76fe332b/ch-0197.json

  ⏭️ [456/1372] SKIPPED (known failed): novel-76fe332b/ch-0198.json

  ⏭️ [457/1372] SKIPPED (known failed): novel-76fe332b/ch-0199.json

  ⏭️ [458/1372] SKIPPED (known failed): novel-76fe332b/ch-0200.json

  ⏭️ [459/1372] SKIPPED (known failed): novel-80da83ee/ch-0001.json

  ⏭️ [460/1372] SKIPPED (known failed): novel-80da83ee/ch-0002.json

  ⏭️ [461/1372] SKIPPED (known failed): novel-80da83ee/ch-0003.json

  ⏭️ [462/1372] SKIPPED (known failed): novel-80da83ee/ch-0004.json

  ⏭️ [463/1372] SKIPPED (known failed): novel-80da83ee/ch-0005.json

  ⏭️ [464/1372] SKIPPED (known failed): novel-80da83ee/ch-0006.json

  ⏭️ [465/1372] SKIPPED (known failed): novel-80da83ee/ch-0007.json

  ⏭️ [466/1372] SKIPPED (known failed): novel-80da83ee/ch-0008.json

  ⏭️ [467/1372] SKIPPED (known failed): novel-80da83ee/ch-0009.json

  ⏭️ [468/1372] SKIPPED (known failed): novel-80da83ee/ch-0010.json

  ⏭️ [469/1372] SKIPPED (known failed): novel-80da83ee/ch-0011.json

  ⏭️ [470/1372] SKIPPED (known failed): novel-80da83ee/ch-0012.json

  ⏭️ [471/1372] SKIPPED (known failed): novel-80da83ee/ch-0013.json

  ⏭️ [472/1372] SKIPPED (known failed): novel-80da83ee/ch-0014.json

  ⏭️ [473/1372] SKIPPED (known failed): novel-80da83ee/ch-0015.json

  ⏭️ [474/1372] SKIPPED (known failed): novel-80da83ee/ch-0016.json

  ⏭️ [475/1372] SKIPPED (known failed): novel-80da83ee/ch-0017.json

  ⏭️ [476/1372] SKIPPED (known failed): novel-80da83ee/ch-0018.json

  ⏭️ [477/1372] SKIPPED (known failed): novel-80da83ee/ch-0019.json

  ⏭️ [478/1372] SKIPPED (known failed): novel-80da83ee/ch-0020.json

  ⏭️ [479/1372] SKIPPED (known failed): novel-80da83ee/ch-0021.json

  ⏭️ [480/1372] SKIPPED (known failed): novel-80da83ee/ch-0022.json

  ⏭️ [481/1372] SKIPPED (known failed): novel-80da83ee/ch-0023.json

  ⏭️ [482/1372] SKIPPED (known failed): novel-80da83ee/ch-0024.json

  ⏭️ [483/1372] SKIPPED (known failed): novel-80da83ee/ch-0025.json

  ⏭️ [484/1372] SKIPPED (known failed): novel-80da83ee/ch-0026.json

  ⏭️ [485/1372] SKIPPED (known failed): novel-80da83ee/ch-0027.json

  ⏭️ [486/1372] SKIPPED (known failed): novel-80da83ee/ch-0028.json

  ⏭️ [487/1372] SKIPPED (known failed): novel-80da83ee/ch-0029.json

  ⏭️ [488/1372] SKIPPED (known failed): novel-80da83ee/ch-0030.json

  ⏭️ [489/1372] SKIPPED (known failed): novel-80da83ee/ch-0031.json

  ⏭️ [490/1372] SKIPPED (known failed): novel-80da83ee/ch-0032.json

  ⏭️ [491/1372] SKIPPED (known failed): novel-80da83ee/ch-0033.json

  ⏭️ [492/1372] SKIPPED (known failed): novel-80da83ee/ch-0034.json

  ⏭️ [493/1372] SKIPPED (known failed): novel-80da83ee/ch-0035.json

  ⏭️ [494/1372] SKIPPED (known failed): novel-80da83ee/ch-0036.json

  ⏭️ [495/1372] SKIPPED (known failed): novel-80da83ee/ch-0037.json

  ⏭️ [496/1372] SKIPPED (known failed): novel-80da83ee/ch-0038.json

  ⏭️ [497/1372] SKIPPED (known failed): novel-80da83ee/ch-0039.json

  ⏭️ [498/1372] SKIPPED (known failed): novel-80da83ee/ch-0040.json

  ⏭️ [499/1372] SKIPPED (known failed): novel-80da83ee/ch-0041.json

  ⏭️ [500/1372] SKIPPED (known failed): novel-80da83ee/ch-0042.json

  ⏭️ [501/1372] SKIPPED (known failed): novel-80da83ee/ch-0043.json

  ⏭️ [502/1372] SKIPPED (known failed): novel-80da83ee/ch-0044.json

  ⏭️ [503/1372] SKIPPED (known failed): novel-80da83ee/ch-0045.json

  ⏭️ [504/1372] SKIPPED (known failed): novel-93-under-the-moonlight/ch-0013.json

  ⏭️ [505/1372] SKIPPED (known failed): novel-93-under-the-moonlight/ch-0014.json

  ⏭️ [506/1372] SKIPPED (known failed): novel-93-under-the-moonlight/ch-0015.json

  ⏭️ [507/1372] SKIPPED (known failed): novel-93-under-the-moonlight/ch-0016.json

  ⏭️ [508/1372] SKIPPED (known failed): novel-93-under-the-moonlight/ch-0017.json

  ⏭️ [509/1372] SKIPPED (known failed): novel-93-under-the-moonlight/ch-0018.json

  ⏭️ [510/1372] SKIPPED (known failed): novel-93-under-the-moonlight/ch-0019.json

  ⏭️ [511/1372] SKIPPED (known failed): novel-93-under-the-moonlight/ch-0020.json

  ⏭️ [512/1372] SKIPPED (known failed): novel-93-under-the-moonlight/ch-0021.json

  ⏭️ [513/1372] SKIPPED (known failed): novel-93-under-the-moonlight/ch-0022.json

  ⏭️ [514/1372] SKIPPED (known failed): novel-93-under-the-moonlight/ch-0023.json

  ⏭️ [515/1372] SKIPPED (known failed): novel-93-under-the-moonlight/ch-0024.json

  ⏭️ [516/1372] SKIPPED (known failed): novel-93-under-the-moonlight/ch-0025.json

  ⏭️ [517/1372] SKIPPED (known failed): novel-93-under-the-moonlight/ch-0026.json

  ⏭️ [518/1372] SKIPPED (known failed): novel-93-under-the-moonlight/ch-0027.json

  ⏭️ [519/1372] SKIPPED (known failed): novel-93-under-the-moonlight/ch-0028.json

  ⏭️ [520/1372] SKIPPED (known failed): novel-93-under-the-moonlight/ch-0029.json

  ⏭️ [521/1372] SKIPPED (known failed): novel-f94807af/ch-0001.json

  ⏭️ [522/1372] SKIPPED (known failed): novel-f94807af/ch-0002.json

  ⏭️ [523/1372] SKIPPED (known failed): novel-f94807af/ch-0003.json

  ⏭️ [524/1372] SKIPPED (known failed): novel-f94807af/ch-0004.json

  ⏭️ [525/1372] SKIPPED (known failed): novel-f94807af/ch-0005.json

  ⏭️ [526/1372] SKIPPED (known failed): novel-f94807af/ch-0006.json

  ⏭️ [527/1372] SKIPPED (known failed): novel-f94807af/ch-0007.json

  ⏭️ [528/1372] SKIPPED (known failed): novel-f94807af/ch-0008.json

  ⏭️ [529/1372] SKIPPED (known failed): novel-f94807af/ch-0009.json

  ⏭️ [530/1372] SKIPPED (known failed): novel-f94807af/ch-0010.json

  ⏭️ [531/1372] SKIPPED (known failed): novel-f94807af/ch-0011.json

  ⏭️ [532/1372] SKIPPED (known failed): novel-f94807af/ch-0012.json

  ⏭️ [533/1372] SKIPPED (known failed): novel-f94807af/ch-0013.json

  ⏭️ [534/1372] SKIPPED (known failed): novel-f94807af/ch-0014.json

  ⏭️ [535/1372] SKIPPED (known failed): novel-f94807af/ch-0015.json

  ⏭️ [536/1372] SKIPPED (known failed): novel-f94807af/ch-0016.json

  ⏭️ [537/1372] SKIPPED (known failed): novel-f94807af/ch-0017.json

  ⏭️ [538/1372] SKIPPED (known failed): novel-f94807af/ch-0018.json

  ⏭️ [539/1372] SKIPPED (known failed): novel-f94807af/ch-0019.json

  ⏭️ [540/1372] SKIPPED (known failed): novel-f94807af/ch-0020.json

  ⏭️ [541/1372] SKIPPED (known failed): novel-f94807af/ch-0021.json

  ⏭️ [542/1372] SKIPPED (known failed): novel-f94807af/ch-0022.json

  ⏭️ [543/1372] SKIPPED (known failed): novel-f94807af/ch-0023.json

  ⏭️ [544/1372] SKIPPED (known failed): novel-f94807af/ch-0024.json

  ⏭️ [545/1372] SKIPPED (known failed): novel-f94807af/ch-0025.json

  ⏭️ [546/1372] SKIPPED (known failed): novel-f94807af/ch-0026.json

  ⏭️ [547/1372] SKIPPED (known failed): novel-f94807af/ch-0027.json

  ⏭️ [548/1372] SKIPPED (known failed): novel-f94807af/ch-0028.json

  ⏭️ [549/1372] SKIPPED (known failed): novel-f94807af/ch-0029.json

  ⏭️ [550/1372] SKIPPED (known failed): novel-f94807af/ch-0030.json

  ⏭️ [551/1372] SKIPPED (known failed): novel-f94807af/ch-0031.json

  ⏭️ [552/1372] SKIPPED (known failed): novel-f94807af/ch-0032.json

  ⏭️ [553/1372] SKIPPED (known failed): novel-f94807af/ch-0033.json

  ⏭️ [554/1372] SKIPPED (known failed): novel-f94807af/ch-0034.json

  ⏭️ [555/1372] SKIPPED (known failed): novel-f94807af/ch-0035.json

  ⏭️ [556/1372] SKIPPED (known failed): novel-f94807af/ch-0036.json

  ⏭️ [557/1372] SKIPPED (known failed): novel-f94807af/ch-0037.json

  ⏭️ [558/1372] SKIPPED (known failed): novel-f94807af/ch-0038.json

  ⏭️ [559/1372] SKIPPED (known failed): novel-f94807af/ch-0039.json

  ⏭️ [560/1372] SKIPPED (known failed): novel-f94807af/ch-0040.json

  ⏭️ [561/1372] SKIPPED (known failed): novel-f94807af/ch-0041.json

  ⏭️ [562/1372] SKIPPED (known failed): novel-f94807af/ch-0042.json

  ⏭️ [563/1372] SKIPPED (known failed): novel-f94807af/ch-0043.json

  ⏭️ [564/1372] SKIPPED (known failed): novel-f94807af/ch-0044.json

  ⏭️ [565/1372] SKIPPED (known failed): novel-f94807af/ch-0045.json

  ⏭️ [566/1372] SKIPPED (known failed): novel-f94807af/ch-0046.json

  ⏭️ [567/1372] SKIPPED (known failed): novel-f94807af/ch-0047.json

  ⏭️ [568/1372] SKIPPED (known failed): novel-f94807af/ch-0048.json

  ⏭️ [569/1372] SKIPPED (known failed): novel-f94807af/ch-0049.json

  ⏭️ [570/1372] SKIPPED (known failed): novel-f94807af/ch-0050.json

  ⏭️ [571/1372] SKIPPED (known failed): novel-f94807af/ch-0051.json

  ⏭️ [572/1372] SKIPPED (known failed): novel-f94807af/ch-0052.json

  ⏭️ [573/1372] SKIPPED (known failed): novel-f94807af/ch-0053.json

  ⏭️ [574/1372] SKIPPED (known failed): novel-f94807af/ch-0054.json

  ⏭️ [575/1372] SKIPPED (known failed): novel-f94807af/ch-0055.json

  ⏭️ [576/1372] SKIPPED (known failed): novel-f94807af/ch-0056.json

  ⏭️ [577/1372] SKIPPED (known failed): novel-f94807af/ch-0057.json

  ⏭️ [578/1372] SKIPPED (known failed): novel-f94807af/ch-0058.json

  ⏭️ [579/1372] SKIPPED (known failed): novel-f94807af/ch-0059.json

  ⏭️ [580/1372] SKIPPED (known failed): novel-f94807af/ch-0060.json

  ⏭️ [581/1372] SKIPPED (known failed): novel-f94807af/ch-0061.json

  ⏭️ [582/1372] SKIPPED (known failed): novel-f94807af/ch-0062.json

  ⏭️ [583/1372] SKIPPED (known failed): novel-f94807af/ch-0063.json

  ⏭️ [584/1372] SKIPPED (known failed): novel-f94807af/ch-0064.json

  ⏭️ [585/1372] SKIPPED (known failed): novel-f94807af/ch-0065.json

  ⏭️ [586/1372] SKIPPED (known failed): novel-f94807af/ch-0066.json

  ⏭️ [587/1372] SKIPPED (known failed): novel-f94807af/ch-0067.json

  ⏭️ [588/1372] SKIPPED (known failed): novel-f94807af/ch-0068.json

  ⏭️ [589/1372] SKIPPED (known failed): novel-f94807af/ch-0069.json

  ⏭️ [590/1372] SKIPPED (known failed): novel-f94807af/ch-0070.json

  ⏭️ [591/1372] SKIPPED (known failed): novel-f94807af/ch-0071.json

  ⏭️ [592/1372] SKIPPED (known failed): novel-f94807af/ch-0072.json

  ⏭️ [593/1372] SKIPPED (known failed): novel-f94807af/ch-0073.json

  ⏭️ [594/1372] SKIPPED (known failed): novel-f94807af/ch-0074.json

  ⏭️ [595/1372] SKIPPED (known failed): novel-f94807af/ch-0075.json

  ⏭️ [596/1372] SKIPPED (known failed): novel-f94807af/ch-0076.json

  ⏭️ [597/1372] SKIPPED (known failed): novel-f94807af/ch-0077.json

  ⏭️ [598/1372] SKIPPED (known failed): novel-f94807af/ch-0078.json

  ⏭️ [599/1372] SKIPPED (known failed): novel-f94807af/ch-0079.json

  ⏭️ [600/1372] SKIPPED (known failed): novel-f94807af/ch-0080.json

  ⏭️ [601/1372] SKIPPED (known failed): novel-f94807af/ch-0081.json

  ⏭️ [602/1372] SKIPPED (known failed): novel-f94807af/ch-0082.json

  ⏭️ [603/1372] SKIPPED (known failed): novel-f94807af/ch-0083.json

  ⏭️ [604/1372] SKIPPED (known failed): novel-f94807af/ch-0084.json

  ⏭️ [605/1372] SKIPPED (known failed): novel-f94807af/ch-0085.json

  ⏭️ [606/1372] SKIPPED (known failed): novel-f94807af/ch-0086.json

  ⏭️ [607/1372] SKIPPED (known failed): novel-f94807af/ch-0087.json

  ⏭️ [608/1372] SKIPPED (known failed): novel-f94807af/ch-0088.json

  ⏭️ [609/1372] SKIPPED (known failed): novel-f94807af/ch-0089.json

  ⏭️ [610/1372] SKIPPED (known failed): novel-f94807af/ch-0090.json

  ⏭️ [611/1372] SKIPPED (known failed): novel-f94807af/ch-0091.json

  ⏭️ [612/1372] SKIPPED (known failed): novel-f94807af/ch-0092.json

  ⏭️ [613/1372] SKIPPED (known failed): novel-f94807af/ch-0093.json

  ⏭️ [614/1372] SKIPPED (known failed): novel-f94807af/ch-0094.json

  ⏭️ [615/1372] SKIPPED (known failed): novel-f94807af/ch-0095.json

  ⏭️ [616/1372] SKIPPED (known failed): novel-f94807af/ch-0096.json

  ⏭️ [617/1372] SKIPPED (known failed): novel-f94807af/ch-0097.json

  ⏭️ [618/1372] SKIPPED (known failed): novel-f94807af/ch-0098.json

  ⏭️ [619/1372] SKIPPED (known failed): novel-f94807af/ch-0099.json

  ⏭️ [620/1372] SKIPPED (known failed): novel-f94807af/ch-0100.json

  ⏭️ [621/1372] SKIPPED (known failed): novel-f94807af/ch-0101.json

  ⏭️ [622/1372] SKIPPED (known failed): novel-f94807af/ch-0102.json

  ⏭️ [623/1372] SKIPPED (known failed): novel-f94807af/ch-0103.json

  ⏭️ [624/1372] SKIPPED (known failed): novel-f94807af/ch-0104.json

  ⏭️ [625/1372] SKIPPED (known failed): novel-f94807af/ch-0105.json

  ⏭️ [626/1372] SKIPPED (known failed): novel-f94807af/ch-0106.json

  ⏭️ [627/1372] SKIPPED (known failed): novel-f94807af/ch-0107.json

  ⏭️ [628/1372] SKIPPED (known failed): novel-f94807af/ch-0108.json

  ⏭️ [629/1372] SKIPPED (known failed): novel-f94807af/ch-0109.json

  ⏭️ [630/1372] SKIPPED (known failed): novel-f94807af/ch-0110.json

  ⏭️ [631/1372] SKIPPED (known failed): novel-f94807af/ch-0111.json

  ⏭️ [632/1372] SKIPPED (known failed): novel-f94807af/ch-0112.json

  ⏭️ [633/1372] SKIPPED (known failed): novel-f94807af/ch-0113.json

  ⏭️ [634/1372] SKIPPED (known failed): novel-f94807af/ch-0114.json

  ⏭️ [635/1372] SKIPPED (known failed): novel-f94807af/ch-0115.json

  ⏭️ [636/1372] SKIPPED (known failed): novel-f94807af/ch-0116.json

  ⏭️ [637/1372] SKIPPED (known failed): novel-f94807af/ch-0117.json

  ⏭️ [638/1372] SKIPPED (known failed): novel-f94807af/ch-0118.json

  ⏭️ [639/1372] SKIPPED (known failed): novel-f94807af/ch-0119.json

  ⏭️ [640/1372] SKIPPED (known failed): novel-f94807af/ch-0120.json

  ⏭️ [641/1372] SKIPPED (known failed): novel-f94807af/ch-0121.json

  ⏭️ [642/1372] SKIPPED (known failed): novel-f94807af/ch-0122.json

  ⏭️ [643/1372] SKIPPED (known failed): novel-f94807af/ch-0123.json

  ⏭️ [644/1372] SKIPPED (known failed): novel-f94807af/ch-0124.json

  ⏭️ [645/1372] SKIPPED (known failed): novel-f94807af/ch-0125.json

  ⏭️ [646/1372] SKIPPED (known failed): novel-f94807af/ch-0126.json

  ⏭️ [647/1372] SKIPPED (known failed): novel-f94807af/ch-0127.json

  ⏭️ [648/1372] SKIPPED (known failed): novel-f94807af/ch-0128.json

  ⏭️ [649/1372] SKIPPED (known failed): novel-f94807af/ch-0129.json

  ⏭️ [650/1372] SKIPPED (known failed): novel-f94807af/ch-0130.json

  ⏭️ [651/1372] SKIPPED (known failed): novel-f94807af/ch-0131.json

  ⏭️ [652/1372] SKIPPED (known failed): novel-f94807af/ch-0132.json

  ⏭️ [653/1372] SKIPPED (known failed): novel-f94807af/ch-0133.json

  ⏭️ [654/1372] SKIPPED (known failed): novel-f94807af/ch-0134.json

  ⏭️ [655/1372] SKIPPED (known failed): novel-f94807af/ch-0135.json

  ⏭️ [656/1372] SKIPPED (known failed): novel-f94807af/ch-0136.json

  ⏭️ [657/1372] SKIPPED (known failed): novel-f94807af/ch-0137.json

  ⏭️ [658/1372] SKIPPED (known failed): novel-f94807af/ch-0138.json

  ⏭️ [659/1372] SKIPPED (known failed): novel-f94807af/ch-0139.json

  ⏭️ [660/1372] SKIPPED (known failed): novel-f94807af/ch-0140.json

  ⏭️ [661/1372] SKIPPED (known failed): novel-f94807af/ch-0141.json

  ⏭️ [662/1372] SKIPPED (known failed): novel-f94807af/ch-0142.json

  ⏭️ [663/1372] SKIPPED (known failed): novel-f94807af/ch-0143.json

  ⏭️ [664/1372] SKIPPED (known failed): novel-f94807af/ch-0144.json

  ⏭️ [665/1372] SKIPPED (known failed): novel-f94807af/ch-0145.json

  ⏭️ [666/1372] SKIPPED (known failed): novel-f94807af/ch-0146.json

  ⏭️ [667/1372] SKIPPED (known failed): novel-f94807af/ch-0147.json

  ⏭️ [668/1372] SKIPPED (known failed): novel-f94807af/ch-0148.json

  ⏭️ [669/1372] SKIPPED (known failed): novel-f94807af/ch-0149.json

  ⏭️ [670/1372] SKIPPED (known failed): novel-f94807af/ch-0150.json

  ⏭️ [671/1372] SKIPPED (known failed): novel-f94807af/ch-0151.json

  ⏭️ [672/1372] SKIPPED (known failed): novel-f94807af/ch-0152.json

  ⏭️ [673/1372] SKIPPED (known failed): novel-f94807af/ch-0153.json

  ⏭️ [674/1372] SKIPPED (known failed): novel-f94807af/ch-0154.json

  ⏭️ [675/1372] SKIPPED (known failed): novel-f94807af/ch-0155.json

  ⏭️ [676/1372] SKIPPED (known failed): novel-f94807af/ch-0156.json

  ⏭️ [677/1372] SKIPPED (known failed): novel-f94807af/ch-0157.json

  ⏭️ [678/1372] SKIPPED (known failed): novel-f94807af/ch-0158.json

  ⏭️ [679/1372] SKIPPED (known failed): novel-f94807af/ch-0159.json

  ⏭️ [680/1372] SKIPPED (known failed): novel-f94807af/ch-0160.json

  ⏭️ [681/1372] SKIPPED (known failed): novel-f94807af/ch-0161.json

  ⏭️ [682/1372] SKIPPED (known failed): novel-f94807af/ch-0162.json

  ⏭️ [683/1372] SKIPPED (known failed): novel-f94807af/ch-0163.json

  ⏭️ [684/1372] SKIPPED (known failed): novel-f94807af/ch-0164.json

  ⏭️ [685/1372] SKIPPED (known failed): novel-f94807af/ch-0165.json

  ⏭️ [686/1372] SKIPPED (known failed): novel-f94807af/ch-0166.json

  ⏭️ [687/1372] SKIPPED (known failed): novel-f94807af/ch-0167.json

  ⏭️ [688/1372] SKIPPED (known failed): novel-f94807af/ch-0168.json

  ⏭️ [689/1372] SKIPPED (known failed): novel-f94807af/ch-0169.json

  ⏭️ [690/1372] SKIPPED (known failed): novel-f94807af/ch-0170.json

  ⏭️ [691/1372] SKIPPED (known failed): novel-f94807af/ch-0171.json

  ⏭️ [692/1372] SKIPPED (known failed): novel-f94807af/ch-0172.json

  ⏭️ [693/1372] SKIPPED (known failed): novel-f94807af/ch-0173.json

  ⏭️ [694/1372] SKIPPED (known failed): novel-f94807af/ch-0174.json

  ⏭️ [695/1372] SKIPPED (known failed): novel-f94807af/ch-0175.json

  ⏭️ [696/1372] SKIPPED (known failed): novel-f94807af/ch-0176.json

  ⏭️ [697/1372] SKIPPED (known failed): novel-f94807af/ch-0177.json

  ⏭️ [698/1372] SKIPPED (known failed): novel-f94807af/ch-0178.json

  ⏭️ [699/1372] SKIPPED (known failed): novel-f94807af/ch-0179.json

  ⏭️ [700/1372] SKIPPED (known failed): novel-f94807af/ch-0180.json

  ⏭️ [701/1372] SKIPPED (known failed): novel-f94807af/ch-0181.json

  ⏭️ [702/1372] SKIPPED (known failed): novel-f94807af/ch-0182.json

  ⏭️ [703/1372] SKIPPED (known failed): novel-f94807af/ch-0183.json

  ⏭️ [704/1372] SKIPPED (known failed): novel-f94807af/ch-0184.json

  ⏭️ [705/1372] SKIPPED (known failed): novel-f94807af/ch-0185.json

  ⏭️ [706/1372] SKIPPED (known failed): novel-f94807af/ch-0186.json

  ⏭️ [707/1372] SKIPPED (known failed): novel-f94807af/ch-0187.json

  ⏭️ [708/1372] SKIPPED (known failed): novel-f94807af/ch-0188.json

  ⏭️ [709/1372] SKIPPED (known failed): novel-f94807af/ch-0189.json

  ⏭️ [710/1372] SKIPPED (known failed): novel-f94807af/ch-0190.json

  ⏭️ [711/1372] SKIPPED (known failed): novel-f94807af/ch-0191.json

  ⏭️ [712/1372] SKIPPED (known failed): novel-f94807af/ch-0192.json

  ⏭️ [713/1372] SKIPPED (known failed): novel-f94807af/ch-0193.json

  ⏭️ [714/1372] SKIPPED (known failed): novel-f94807af/ch-0194.json

  ⏭️ [715/1372] SKIPPED (known failed): novel-f94807af/ch-0195.json

  ⏭️ [716/1372] SKIPPED (known failed): novel-f94807af/ch-0196.json

  ⏭️ [717/1372] SKIPPED (known failed): novel-f94807af/ch-0197.json

  ⏭️ [718/1372] SKIPPED (known failed): novel-f94807af/ch-0198.json

  ⏭️ [719/1372] SKIPPED (known failed): novel-f94807af/ch-0199.json

  ⏭️ [720/1372] SKIPPED (known failed): novel-f94807af/ch-0200.json

📖 [721/1372] 九恶妃每日一问_陛下驾崩了吗/ch-0001.json
   Title: 第1章 月妃，夜弦月
  ⚠️ API error (attempt 1): Command '['openclaw', 'infer', 'model', 'run', '--model', 'qclaw/pool-deepseek-v4-pro', '--prompt', 'Translate this Chinese chapter title to English. Return ONLY the English title, no quotes, no explanation, no other text:\n\n第1章 月妃，夜弦月', '--json']' timed out after 120 seconds
  ⚠️ API error (attempt 2): Command '['openclaw', 'infer', 'model', 'run', '--model', 'qclaw/pool-deepseek-v4-pro', '--prompt', 'Translate this Chinese chapter title to English. Return ONLY the English title, no quotes, no explanation, no other text:\n\n第1章 月妃，夜弦月', '--json']' timed out after 120 seconds
  ⚠️ API error (attempt 1): Command '['openclaw', 'infer', 'model', 'run', '--model', 'qclaw/pool-deepseek-v4-pro', '--prompt', 'Translate the following Chinese novel chapter content to English. Return ONLY the translation, no explanation, no notes, no Chinese text:\n\n大夏帝宫。\r\n\n    紫金龙榻上。\r\n\n    一个满头虚汗的青年“蹭”的坐了起来。\r\n\n    青年二十左右的样子，五官容貌俊美不羁，但整个人虚弱的厉害，华贵的镶金白龙袍也遮盖不住纵欲过度后的病态苍白。\r\n\n    “我这是在哪！”\r\n\n    秦然一脸懵的扫视着周围环境。\r\n\n    遍地的云雾升腾、宛如云上天宫般的大殿、堪比两个停车位大小的紫金龙榻，还有那一件件绘着精致云纹、充斥神秘气息的古朴装饰物……\r\n\n    国家博物馆？\r\n\n    还是…仙侠剧拍摄现场？\r\n\n    【叮咚！】\r\n\n    【欢迎来到玄黄大世界！】\r\n\n    【本世界依据小说《假太监手段高，后宫妃子不经撩》打造而成！】\r\n\n    【现在起，你将开启后宫生存挑战！】\r\n\n    【在这里每存活一天，都将获得高额奖励！】\r\n\n    【每日凌晨将进行完成度评估，根据难度及完成度下发奖励！】\r\n\n    【今日生存难度：D级】\r\n\n    【你的身份是——云江仙！】\r\n\n    秦然瞪圆了眼睛。\r\n\n    “卧槽！”\r\n\n    “穿书了？？”\r\n\n    “云江仙…这名字怎么有点熟。”\r\n\n    他努力回忆了一下，没一会儿，整个人惊的差点跳起来。\r\n\n    “帝族云家最后血脉…沉迷酒色的昏庸帝王…前期的炮灰配角…那个被妃子们各种设计祸害的倒霉蛋儿——云江仙？？”\r\n\n    “陛下！时辰已到，您该翻牌子了~~”一个尖锐声音在大殿中回荡，透着一股子阴森劲儿。\r\n\n    秦然浑身一激灵，“谁TM说话呢！”\r\n\n    龙榻外，近百位太监宫女跪了一地。\r\n\n    一个断眉瘦高老太监站在人群前方，手中恭敬举着托盘，上面摆放着九个玉色牌子。\r\n\n    见此一幕，秦然眼皮直跳。\r\n\n    他写的小说叫《假太监手段高，后宫妃子不经撩》。\r\n\n    顾名思义，书中原本主角是大帝重生的小太监林安以及后宫的九位妃子。\r\n\n    而云江仙，只是个五十章就噶的小小配角，这也是为什么秦然一下子没想到“云江仙”这个名字的原因。\r\n\n    帝族云家为守国门，全族战死，只剩下云江仙这个纨绔。\r\n\n    作为帝族云家最后血统，云江仙体内拥有大夏神朝积累万年的龙运。\r\n\n    龙运是成就大帝境界的必需品之一！\r\n\n    他在书中存在的意义，便是给主角团做嫁衣的。', '--json']' timed out after 120 seconds
  ⚠️ API error (attempt 2): Command '['openclaw', 'infer', 'model', 'run', '--model', 'qclaw/pool-deepseek-v4-pro', '--prompt', 'Translate the following Chinese novel chapter content to English. Return ONLY the translation, no explanation, no notes, no Chinese text:\n\n大夏帝宫。\r\n\n    紫金龙榻上。\r\n\n    一个满头虚汗的青年“蹭”的坐了起来。\r\n\n    青年二十左右的样子，五官容貌俊美不羁，但整个人虚弱的厉害，华贵的镶金白龙袍也遮盖不住纵欲过度后的病态苍白。\r\n\n    “我这是在哪！”\r\n\n    秦然一脸懵的扫视着周围环境。\r\n\n    遍地的云雾升腾、宛如云上天宫般的大殿、堪比两个停车位大小的紫金龙榻，还有那一件件绘着精致云纹、充斥神秘气息的古朴装饰物……\r\n\n    国家博物馆？\r\n\n    还是…仙侠剧拍摄现场？\r\n\n    【叮咚！】\r\n\n    【欢迎来到玄黄大世界！】\r\n\n    【本世界依据小说《假太监手段高，后宫妃子不经撩》打造而成！】\r\n\n    【现在起，你将开启后宫生存挑战！】\r\n\n    【在这里每存活一天，都将获得高额奖励！】\r\n\n    【每日凌晨将进行完成度评估，根据难度及完成度下发奖励！】\r\n\n    【今日生存难度：D级】\r\n\n    【你的身份是——云江仙！】\r\n\n    秦然瞪圆了眼睛。\r\n\n    “卧槽！”\r\n\n    “穿书了？？”\r\n\n    “云江仙…这名字怎么有点熟。”\r\n\n    他努力回忆了一下，没一会儿，整个人惊的差点跳起来。\r\n\n    “帝族云家最后血脉…沉迷酒色的昏庸帝王…前期的炮灰配角…那个被妃子们各种设计祸害的倒霉蛋儿——云江仙？？”\r\n\n    “陛下！时辰已到，您该翻牌子了~~”一个尖锐声音在大殿中回荡，透着一股子阴森劲儿。\r\n\n    秦然浑身一激灵，“谁TM说话呢！”\r\n\n    龙榻外，近百位太监宫女跪了一地。\r\n\n    一个断眉瘦高老太监站在人群前方，手中恭敬举着托盘，上面摆放着九个玉色牌子。\r\n\n    见此一幕，秦然眼皮直跳。\r\n\n    他写的小说叫《假太监手段高，后宫妃子不经撩》。\r\n\n    顾名思义，书中原本主角是大帝重生的小太监林安以及后宫的九位妃子。\r\n\n    而云江仙，只是个五十章就噶的小小配角，这也是为什么秦然一下子没想到“云江仙”这个名字的原因。\r\n\n    帝族云家为守国门，全族战死，只剩下云江仙这个纨绔。\r\n\n    作为帝族云家最后血统，云江仙体内拥有大夏神朝积累万年的龙运。\r\n\n    龙运是成就大帝境界的必需品之一！\r\n\n    他在书中存在的意义，便是给主角团做嫁衣的。', '--json']' timed out after 120 seconds
   ⚠️ Translation failed or still Chinese, skipped

📖 [722/1372] 九恶妃每日一问_陛下驾崩了吗/ch-0002.json
   Title: 第2章 你是真心爱朕吗？
  ⚠️ API error (attempt 1): Command '['openclaw', 'infer', 'model', 'run', '--model', 'qclaw/pool-deepseek-v4-pro', '--prompt', 'Translate this Chinese chapter title to English. Return ONLY the English title, no quotes, no explanation, no other text:\n\n第2章 你是真心爱朕吗？', '--json']' timed out after 120 seconds
  ⚠️ API error (attempt 2): Command '['openclaw', 'infer', 'model', 'run', '--model', 'qclaw/pool-deepseek-v4-pro', '--prompt', 'Translate this Chinese chapter title to English. Return ONLY the English title, no quotes, no explanation, no other text:\n\n第2章 你是真心爱朕吗？', '--json']' timed out after 120 seconds
  ⚠️ API error (attempt 1): Command '['openclaw', 'infer', 'model', 'run', '--model', 'qclaw/pool-deepseek-v4-pro', '--prompt', 'Translate the following Chinese novel chapter content to English. Return ONLY the translation, no explanation, no notes, no Chinese text:\n\n喝还是不喝？\r\n\n    这是秦然现在面对的问题。\r\n\n    鲛人泪这种奇毒，虽然不能一次直接毁掉他根基，但也会造成损伤。\r\n\n    如今穿越而来，后续肯定免不了修炼，此刻若是把毒喝下去，那势必会给未来造成不小的麻烦。\r\n\n    可在夜弦月的火热目光下，怎么才能不喝呢？\r\n\n    秦然绞尽脑汁。\r\n\n    “爱妃，你刚说这杯酒叫什么名字？”\r\n\n    “美人血~”\r\n\n    “唉！可惜了，这名字朕很不喜欢！美人是用来宠的，怎么能用这个名字来为酒命名呢？”\r\n\n    秦然慵懒地一挥手。\r\n\n    “青符，去把朕珍藏的酒拿来，朕要和月妃喝到天明！”\r\n\n    “是，陛下。”老太监恭敬退去。\r\n\n    夜弦月笑容如常。\r\n\n    但笑容深处，藏着一抹不易察觉的冰冷之色。\r\n\n    “陛下，这酒是臣妾亲自为您酿的，您若不喜欢它的名字，那换个名字就好了，您觉得叫美人醉怎么样？”\r\n\n    不等秦然回答。\r\n\n    夜弦月已抬起酒杯，将杯中红色液体慢慢朝他口中倒去。\r\n\n    “等等！”\r\n\n    眼看着杯中酒就要进嘴里了，秦然赶忙开口。\r\n\n    “怎么了？陛下。”\r\n\n    夜弦月娇笑着。\r\n\n    秦然强压心中忐忑，脸上露出了一抹色眯眯的笑。\r\n\n    “既然美人恩推脱不掉，那这酒朕喝就是了，不过却不能用杯子喝。”\r\n\n    “那陛下想怎么喝呢~~”\r\n\n    “爱妃，你猜？”\r\n\n    “别闹了陛下，您是天子，臣妾哪能揣测到您的心思～”\r\n\n    “呵呵。”\r\n\n    秦然搂着女人的纤腰，抬起两根手指，在她红唇间轻轻摸过。\r\n\n    “爱妃喂朕！用嘴！”\r\n\n    夜弦月一愣，但随即笑靥如花，眼底有着不易察觉的讥讽。\r\n\n    “既然陛下开口了，那臣妾遵命就是。”\r\n\n    酒杯调转方向，凑到红唇边上。\r\n\n    女人红唇微张，杯中深红色液体朝口中慢慢倒去……\r\n\n    秦然忽然笑了。\r\n\n    “爱妃，今早发生了一件有趣的事，你帮朕解解惑？”\r\n\n    夜弦月口中含酒，没法开口，但眼神没有拒绝的意思。', '--json']' timed out after 120 seconds
  ⚠️ API error (attempt 2): Command '['openclaw', 'infer', 'model', 'run', '--model', 'qclaw/pool-deepseek-v4-pro', '--prompt', 'Translate the following Chinese novel chapter content to English. Return ONLY the translation, no explanation, no notes, no Chinese text:\n\n喝还是不喝？\r\n\n    这是秦然现在面对的问题。\r\n\n    鲛人泪这种奇毒，虽然不能一次直接毁掉他根基，但也会造成损伤。\r\n\n    如今穿越而来，后续肯定免不了修炼，此刻若是把毒喝下去，那势必会给未来造成不小的麻烦。\r\n\n    可在夜弦月的火热目光下，怎么才能不喝呢？\r\n\n    秦然绞尽脑汁。\r\n\n    “爱妃，你刚说这杯酒叫什么名字？”\r\n\n    “美人血~”\r\n\n    “唉！可惜了，这名字朕很不喜欢！美人是用来宠的，怎么能用这个名字来为酒命名呢？”\r\n\n    秦然慵懒地一挥手。\r\n\n    “青符，去把朕珍藏的酒拿来，朕要和月妃喝到天明！”\r\n\n    “是，陛下。”老太监恭敬退去。\r\n\n    夜弦月笑容如常。\r\n\n    但笑容深处，藏着一抹不易察觉的冰冷之色。\r\n\n    “陛下，这酒是臣妾亲自为您酿的，您若不喜欢它的名字，那换个名字就好了，您觉得叫美人醉怎么样？”\r\n\n    不等秦然回答。\r\n\n    夜弦月已抬起酒杯，将杯中红色液体慢慢朝他口中倒去。\r\n\n    “等等！”\r\n\n    眼看着杯中酒就要进嘴里了，秦然赶忙开口。\r\n\n    “怎么了？陛下。”\r\n\n    夜弦月娇笑着。\r\n\n    秦然强压心中忐忑，脸上露出了一抹色眯眯的笑。\r\n\n    “既然美人恩推脱不掉，那这酒朕喝就是了，不过却不能用杯子喝。”\r\n\n    “那陛下想怎么喝呢~~”\r\n\n    “爱妃，你猜？”\r\n\n    “别闹了陛下，您是天子，臣妾哪能揣测到您的心思～”\r\n\n    “呵呵。”\r\n\n    秦然搂着女人的纤腰，抬起两根手指，在她红唇间轻轻摸过。\r\n\n    “爱妃喂朕！用嘴！”\r\n\n    夜弦月一愣，但随即笑靥如花，眼底有着不易察觉的讥讽。\r\n\n    “既然陛下开口了，那臣妾遵命就是。”\r\n\n    酒杯调转方向，凑到红唇边上。\r\n\n    女人红唇微张，杯中深红色液体朝口中慢慢倒去……\r\n\n    秦然忽然笑了。\r\n\n    “爱妃，今早发生了一件有趣的事，你帮朕解解惑？”\r\n\n    夜弦月口中含酒，没法开口，但眼神没有拒绝的意思。', '--json']' timed out after 120 seconds
   ⚠️ Translation failed or still Chinese, skipped

📖 [723/1372] 九恶妃每日一问_陛下驾崩了吗/ch-0003.json
   Title: 第3章 演到你哭！
  ⚠️ API error (attempt 1): Command '['openclaw', 'infer', 'model', 'run', '--model', 'qclaw/pool-deepseek-v4-pro', '--prompt', 'Translate this Chinese chapter title to English. Return ONLY the English title, no quotes, no explanation, no other text:\n\n第3章 演到你哭！', '--json']' timed out after 120 seconds
  ⚠️ API error (attempt 2): Command '['openclaw', 'infer', 'model', 'run', '--model', 'qclaw/pool-deepseek-v4-pro', '--prompt', 'Translate this Chinese chapter title to English. Return ONLY the English title, no quotes, no explanation, no other text:\n\n第3章 演到你哭！', '--json']' timed out after 120 seconds
  ⚠️ API error (attempt 1): Command '['openclaw', 'infer', 'model', 'run', '--model', 'qclaw/pool-deepseek-v4-pro', '--prompt', 'Translate the following Chinese novel chapter content to English. Return ONLY the translation, no explanation, no notes, no Chinese text:\n\n此言一出。\r\n\n    怀中的夜弦月猛然抬起了头。\r\n\n    一对妖异的紫眸，紧紧锁定着秦然的双眼。\r\n\n    “陛下，您什么意思。”\r\n\n    秦然搂着女人，深情地笑着。\r\n\n    “在多年前的一个夜晚，朕与几位宫中供奉外出游历，在途经五子天魔宗之时，恰巧遇到了第五宗内斗。”\r\n\n    夜弦月彻底愣住了。\r\n\n    秦然自顾自地继续道：“朕本不想插手宗门内斗，但奈何在人群中，一眼便看中了一位与众不同的女子。”\r\n\n    “她一人独挡第五宗的围攻，身上血痕累累，只剩一口气吊着，但却不屈服、不放弃……”\r\n\n    话说到这儿，夜弦月眼中已露出不可思议之色。\r\n\n    “所以那次…救臣妾的人是陛下？”\r\n\n    秦然笑而不语。\r\n\n    夜弦月猛地反抓住秦然的手。\r\n\n    “回答我！”\r\n\n    秦然深情一笑，“没错，朕当时心生恻隐，所以便让供奉出了手。”\r\n\n    夜弦月呆住了。\r\n\n    藏在心底最深处的某根弦疯狂触动。\r\n\n    但她并没就此失去理智。\r\n\n    “既然陛下当时救臣妾…那为何不把臣妾直接带回宫？”\r\n\n    秦然轻轻摇头。\r\n\n    “那时候父皇管得严，不允许后宫出现魔宗之人，朕哪敢忤逆。”\r\n\n    “所以…朕登位首日，便收你入宫中。”\r\n\n    夜弦月怔怔的，眼神复杂无比。\r\n\n    第五宗救援之事早已烙印在了她的记忆里，刻骨铭心，甚至已经成为了她的执念。\r\n\n    这些年，她花费无数时间精力，一直想要找到当初救援之人，可却没有丝毫线索。\r\n\n    却万万没想到，当初出手之人，竟是眼前这个沉迷酒色的昏庸帝王……\r\n\n    此事透着古怪和蹊跷。\r\n\n    真相出现的时机也过于巧合。\r\n\n    夜弦月不动声色地扣住了秦然手腕。\r\n\n    一缕灵气自指尖掠出，在秦然体内游走了一圈。\r\n\n    片刻后收回。\r\n\n    夜弦月眼神更复杂了。\r\n\n    眼前这个人，居然还是那个厌恶修炼的昏庸帝王，没有问题！\r\n\n    难不成…当初救自己的真是他？\r\n\n    此时此刻。\r\n\n    这一桩心事萦绕在心头，夜弦月急需冷静，早已没了侍寝的心情。\r\n\n    “陛下，臣妾今日身体不适，想回去休息了～”', '--json']' timed out after 120 seconds
  ⚠️ API error (attempt 2): Command '['openclaw', 'infer', 'model', 'run', '--model', 'qclaw/pool-deepseek-v4-pro', '--prompt', 'Translate the following Chinese novel chapter content to English. Return ONLY the translation, no explanation, no notes, no Chinese text:\n\n此言一出。\r\n\n    怀中的夜弦月猛然抬起了头。\r\n\n    一对妖异的紫眸，紧紧锁定着秦然的双眼。\r\n\n    “陛下，您什么意思。”\r\n\n    秦然搂着女人，深情地笑着。\r\n\n    “在多年前的一个夜晚，朕与几位宫中供奉外出游历，在途经五子天魔宗之时，恰巧遇到了第五宗内斗。”\r\n\n    夜弦月彻底愣住了。\r\n\n    秦然自顾自地继续道：“朕本不想插手宗门内斗，但奈何在人群中，一眼便看中了一位与众不同的女子。”\r\n\n    “她一人独挡第五宗的围攻，身上血痕累累，只剩一口气吊着，但却不屈服、不放弃……”\r\n\n    话说到这儿，夜弦月眼中已露出不可思议之色。\r\n\n    “所以那次…救臣妾的人是陛下？”\r\n\n    秦然笑而不语。\r\n\n    夜弦月猛地反抓住秦然的手。\r\n\n    “回答我！”\r\n\n    秦然深情一笑，“没错，朕当时心生恻隐，所以便让供奉出了手。”\r\n\n    夜弦月呆住了。\r\n\n    藏在心底最深处的某根弦疯狂触动。\r\n\n    但她并没就此失去理智。\r\n\n    “既然陛下当时救臣妾…那为何不把臣妾直接带回宫？”\r\n\n    秦然轻轻摇头。\r\n\n    “那时候父皇管得严，不允许后宫出现魔宗之人，朕哪敢忤逆。”\r\n\n    “所以…朕登位首日，便收你入宫中。”\r\n\n    夜弦月怔怔的，眼神复杂无比。\r\n\n    第五宗救援之事早已烙印在了她的记忆里，刻骨铭心，甚至已经成为了她的执念。\r\n\n    这些年，她花费无数时间精力，一直想要找到当初救援之人，可却没有丝毫线索。\r\n\n    却万万没想到，当初出手之人，竟是眼前这个沉迷酒色的昏庸帝王……\r\n\n    此事透着古怪和蹊跷。\r\n\n    真相出现的时机也过于巧合。\r\n\n    夜弦月不动声色地扣住了秦然手腕。\r\n\n    一缕灵气自指尖掠出，在秦然体内游走了一圈。\r\n\n    片刻后收回。\r\n\n    夜弦月眼神更复杂了。\r\n\n    眼前这个人，居然还是那个厌恶修炼的昏庸帝王，没有问题！\r\n\n    难不成…当初救自己的真是他？\r\n\n    此时此刻。\r\n\n    这一桩心事萦绕在心头，夜弦月急需冷静，早已没了侍寝的心情。\r\n\n    “陛下，臣妾今日身体不适，想回去休息了～”', '--json']' timed out after 120 seconds
   ⚠️ Translation failed or still Chinese, skipped

📖 [724/1372] 九恶妃每日一问_陛下驾崩了吗/ch-0004.json
   Title: 第4章 云宫掠天术
  ⚠️ API error (attempt 1): Command '['openclaw', 'infer', 'model', 'run', '--model', 'qclaw/pool-deepseek-v4-pro', '--prompt', 'Translate this Chinese chapter title to English. Return ONLY the English title, no quotes, no explanation, no other text:\n\n第4章 云宫掠天术', '--json']' timed out after 120 seconds
  ⚠️ API error (attempt 2): Command '['openclaw', 'infer', 'model', 'run', '--model', 'qclaw/pool-deepseek-v4-pro', '--prompt', 'Translate this Chinese chapter title to English. Return ONLY the English title, no quotes, no explanation, no other text:\n\n第4章 云宫掠天术', '--json']' timed out after 120 seconds
  ⚠️ API error (attempt 1): Command '['openclaw', 'infer', 'model', 'run', '--model', 'qclaw/pool-deepseek-v4-pro', '--prompt', 'Translate the following Chinese novel chapter content to English. Return ONLY the translation, no explanation, no notes, no Chinese text:\n\n夜弦月连番试探后离开了。\r\n\n    秦然躺在床上闭着眼睛装晕，心中却是长长的松了口气。\r\n\n    他还没死，说明赌对了！\r\n\n    夜弦月生性多疑，多次试探倒也符合她的人设，毕竟此事牵扯到了她心中最敏感、最脆弱的那个点。\r\n\n    有了今日之事，夜弦月那边的敌意就算不能全消，起码也会大大降低。\r\n\n    “这个开局还算不错，接下来得趁热打铁，继续刺激夜弦月最敏感的点，争取早点打消她的敌意，或许有机会给她争取过来。”\r\n\n    “每日奖励凌晨结算，算算时间，应该差不多了……”\r\n\n    【叮咚！】\r\n\n    【今日生存挑战结束！】\r\n\n    【完成度评估中……】\r\n\n    【您成功避开毒酒危机、您成功避免龙运剥夺、您成功躲过夜弦月两次试探……您额外获得夜弦月高额好感度。】\r\n\n    【您超额完成挑战任务！】\r\n\n    【最终评估，首次任务完成度200%】\r\n\n    【触发超级奖励！】\r\n\n    【叮咚！已为您量身匹配超级新手礼包×2！】\r\n\n    秦然兴奋的睁开眼睛。\r\n\n    手中凭空出现了两件物品。\r\n\n    一本绘制着云纹的精美书籍，以及一个被土黄色气流包裹的瓷瓶。\r\n\n    《云宫掠天术（完整篇）》\r\n\n    品阶：帝阶法决\r\n\n    介绍：在灵魂中铸造一座无上魂宫\r\n\n    1.魂宫可随心意屏蔽自身气息，隔绝一切精神类攻击及探查\r\n\n    2.被攻击命中后，可将敌人术法掠夺至魂宫中步步拆解，最终化为原始篇为己用。\r\n\n    说明：帝族云家的镇族绝学，位列玄黄大陆三十六帝诀之一\r\n\n    “卧槽！新手礼包开出王炸？？”\r\n\n    秦然目瞪口呆。\r\n\n    在《假太监》的设定中，功法武技以及神兵利器可分为黄阶、玄阶、地阶、天阶，以及至高的帝阶。\r\n\n    所有帝诀皆出自诞生过大帝的无上家族，云家便是传承万载的帝族之一。\r\n\n    曾经的云家，一度被强者们看作是最无赖的对手，与云家强者对战都得收敛着来。\r\n\n    原因便是帝诀《云宫掠天术》。\r\n\n    毕竟，没有哪个人想打打架，自家绝学被偷了去。\r\n\n    遗憾的是，从数千年前开始，完整的《云宫掠天术》便失传了。', '--json']' timed out after 120 seconds
  ⚠️ API error (attempt 2): Command '['openclaw', 'infer', 'model', 'run', '--model', 'qclaw/pool-deepseek-v4-pro', '--prompt', 'Translate the following Chinese novel chapter content to English. Return ONLY the translation, no explanation, no notes, no Chinese text:\n\n夜弦月连番试探后离开了。\r\n\n    秦然躺在床上闭着眼睛装晕，心中却是长长的松了口气。\r\n\n    他还没死，说明赌对了！\r\n\n    夜弦月生性多疑，多次试探倒也符合她的人设，毕竟此事牵扯到了她心中最敏感、最脆弱的那个点。\r\n\n    有了今日之事，夜弦月那边的敌意就算不能全消，起码也会大大降低。\r\n\n    “这个开局还算不错，接下来得趁热打铁，继续刺激夜弦月最敏感的点，争取早点打消她的敌意，或许有机会给她争取过来。”\r\n\n    “每日奖励凌晨结算，算算时间，应该差不多了……”\r\n\n    【叮咚！】\r\n\n    【今日生存挑战结束！】\r\n\n    【完成度评估中……】\r\n\n    【您成功避开毒酒危机、您成功避免龙运剥夺、您成功躲过夜弦月两次试探……您额外获得夜弦月高额好感度。】\r\n\n    【您超额完成挑战任务！】\r\n\n    【最终评估，首次任务完成度200%】\r\n\n    【触发超级奖励！】\r\n\n    【叮咚！已为您量身匹配超级新手礼包×2！】\r\n\n    秦然兴奋的睁开眼睛。\r\n\n    手中凭空出现了两件物品。\r\n\n    一本绘制着云纹的精美书籍，以及一个被土黄色气流包裹的瓷瓶。\r\n\n    《云宫掠天术（完整篇）》\r\n\n    品阶：帝阶法决\r\n\n    介绍：在灵魂中铸造一座无上魂宫\r\n\n    1.魂宫可随心意屏蔽自身气息，隔绝一切精神类攻击及探查\r\n\n    2.被攻击命中后，可将敌人术法掠夺至魂宫中步步拆解，最终化为原始篇为己用。\r\n\n    说明：帝族云家的镇族绝学，位列玄黄大陆三十六帝诀之一\r\n\n    “卧槽！新手礼包开出王炸？？”\r\n\n    秦然目瞪口呆。\r\n\n    在《假太监》的设定中，功法武技以及神兵利器可分为黄阶、玄阶、地阶、天阶，以及至高的帝阶。\r\n\n    所有帝诀皆出自诞生过大帝的无上家族，云家便是传承万载的帝族之一。\r\n\n    曾经的云家，一度被强者们看作是最无赖的对手，与云家强者对战都得收敛着来。\r\n\n    原因便是帝诀《云宫掠天术》。\r\n\n    毕竟，没有哪个人想打打架，自家绝学被偷了去。\r\n\n    遗憾的是，从数千年前开始，完整的《云宫掠天术》便失传了。', '--json']' timed out after 120 seconds
   ⚠️ Translation failed or still Chinese, skipped

📖 [725/1372] 九恶妃每日一问_陛下驾崩了吗/ch-0005.json
   Title: 第5章 云江仙的白月光！
  ⚠️ API error (attempt 1): Command '['openclaw', 'infer', 'model', 'run', '--model', 'qclaw/pool-deepseek-v4-pro', '--prompt', 'Translate this Chinese chapter title to English. Return ONLY the English title, no quotes, no explanation, no other text:\n\n第5章 云江仙的白月光！', '--json']' timed out after 120 seconds
  ⚠️ API error (attempt 2): Command '['openclaw', 'infer', 'model', 'run', '--model', 'qclaw/pool-deepseek-v4-pro', '--prompt', 'Translate this Chinese chapter title to English. Return ONLY the English title, no quotes, no explanation, no other text:\n\n第5章 云江仙的白月光！', '--json']' timed out after 120 seconds
  ⚠️ API error (attempt 1): Command '['openclaw', 'infer', 'model', 'run', '--model', 'qclaw/pool-deepseek-v4-pro', '--prompt', 'Translate the following Chinese novel chapter content to English. Return ONLY the translation, no explanation, no notes, no Chinese text:\n\n寝殿内。\r\n\n    老太监青符忽然眯起眼眸，断眉上挑，目光疑惑的在寝殿周围扫视了一圈。\r\n\n    无果后，他的视线下意识落在了龙榻方向，但很快便面露讥讽地摇了摇头。\r\n\n    如此大片区域的灵气消失，怎么可能与一个废物纨绔有关。\r\n\n    估计，又是哪位贵妃精进了……\r\n\n    秦然悠然坐在床上，将青符的表情尽收眼底。\r\n\n    在寝宫周围，有很多强者监视着一举一动，有各大势力安插的探子，有贵妃娘娘们的走狗，也有一些大夏神朝的遗臣。\r\n\n    青符明面上只是个唯唯诺诺的老太监，但秦然却清楚这老家伙的真正底细。\r\n\n    能跟在先帝身边贴身侍奉，作为大夏太监副总管，青符又岂会是平庸之辈？\r\n\n    先帝早年曾荡平过一座魔宗，其宗门势力极度强盛，放眼整个大夏境内，也能排到前十之列。\r\n\n    其中最强者，乃是一个成名许久的老魔头。\r\n\n    这魔头凶名赫赫，手段高绝，先帝也是费了不少手段才将其拿下。\r\n\n    那人正是眼前这生有断眉的瘦高太监——青符！\r\n\n    先帝拿捏到了青符的家人作为软肋，并许以五百年之期归还其自由，所以青符才老老实实的在宫里当太监。\r\n\n    青符如今蛰伏着当中立派，但日后在小太监的协助下软肋解除后，成为了小太监身边的最强走狗之一。\r\n\n    真正的大杀器！\r\n\n    秦然笑了。\r\n\n    在先帝陨落后，宫中便没人知道这老太监的家人在哪里。\r\n\n    很不巧，他知道。\r\n\n    不过软肋暂时不在身边，想要利用起来，还需要一些其他因素的帮助……\r\n\n    秦然内视着自身如今的状态。\r\n\n    【姓名：云江仙】\r\n\n    【修为：飞天境九重天】\r\n\n    【体质：种玉仙身】\r\n\n    【功法：云宫掠天术（帝阶）】\r\n\n    在耗光了玄黄之血，以及所有启灵石后，他成功获得了特殊体质。\r\n\n    现今大陆上共有千种特殊体质，种玉仙身刚好排到第五百名。\r\n\n    【种玉仙身】\r\n\n    【介绍】：可通过一滴神魔精血，在体内培育出一尊妖兽或神魔，拥有者可随时进行神魔变，化为神魔之躯，拥有神魔全部能力。\r\n\n    一般来说，特殊体质都是直接改造人体强度，无限增强气血或某一方面能力。\r\n\n    而种玉仙身则是在体内豢养一尊神魔！\r\n\n    因为神魔妖兽有亿万种，强弱亦有高下之分，所以种玉仙身是一种强度难以评估的体质。\r\n\n    它可以为至强之一！\r\n\n    也可以是最弱体质！\r\n\n    所以最终评定为排名五百！', '--json']' timed out after 120 seconds
  ⚠️ API error (attempt 2): Command '['openclaw', 'infer', 'model', 'run', '--model', 'qclaw/pool-deepseek-v4-pro', '--prompt', 'Translate the following Chinese novel chapter content to English. Return ONLY the translation, no explanation, no notes, no Chinese text:\n\n寝殿内。\r\n\n    老太监青符忽然眯起眼眸，断眉上挑，目光疑惑的在寝殿周围扫视了一圈。\r\n\n    无果后，他的视线下意识落在了龙榻方向，但很快便面露讥讽地摇了摇头。\r\n\n    如此大片区域的灵气消失，怎么可能与一个废物纨绔有关。\r\n\n    估计，又是哪位贵妃精进了……\r\n\n    秦然悠然坐在床上，将青符的表情尽收眼底。\r\n\n    在寝宫周围，有很多强者监视着一举一动，有各大势力安插的探子，有贵妃娘娘们的走狗，也有一些大夏神朝的遗臣。\r\n\n    青符明面上只是个唯唯诺诺的老太监，但秦然却清楚这老家伙的真正底细。\r\n\n    能跟在先帝身边贴身侍奉，作为大夏太监副总管，青符又岂会是平庸之辈？\r\n\n    先帝早年曾荡平过一座魔宗，其宗门势力极度强盛，放眼整个大夏境内，也能排到前十之列。\r\n\n    其中最强者，乃是一个成名许久的老魔头。\r\n\n    这魔头凶名赫赫，手段高绝，先帝也是费了不少手段才将其拿下。\r\n\n    那人正是眼前这生有断眉的瘦高太监——青符！\r\n\n    先帝拿捏到了青符的家人作为软肋，并许以五百年之期归还其自由，所以青符才老老实实的在宫里当太监。\r\n\n    青符如今蛰伏着当中立派，但日后在小太监的协助下软肋解除后，成为了小太监身边的最强走狗之一。\r\n\n    真正的大杀器！\r\n\n    秦然笑了。\r\n\n    在先帝陨落后，宫中便没人知道这老太监的家人在哪里。\r\n\n    很不巧，他知道。\r\n\n    不过软肋暂时不在身边，想要利用起来，还需要一些其他因素的帮助……\r\n\n    秦然内视着自身如今的状态。\r\n\n    【姓名：云江仙】\r\n\n    【修为：飞天境九重天】\r\n\n    【体质：种玉仙身】\r\n\n    【功法：云宫掠天术（帝阶）】\r\n\n    在耗光了玄黄之血，以及所有启灵石后，他成功获得了特殊体质。\r\n\n    现今大陆上共有千种特殊体质，种玉仙身刚好排到第五百名。\r\n\n    【种玉仙身】\r\n\n    【介绍】：可通过一滴神魔精血，在体内培育出一尊妖兽或神魔，拥有者可随时进行神魔变，化为神魔之躯，拥有神魔全部能力。\r\n\n    一般来说，特殊体质都是直接改造人体强度，无限增强气血或某一方面能力。\r\n\n    而种玉仙身则是在体内豢养一尊神魔！\r\n\n    因为神魔妖兽有亿万种，强弱亦有高下之分，所以种玉仙身是一种强度难以评估的体质。\r\n\n    它可以为至强之一！\r\n\n    也可以是最弱体质！\r\n\n    所以最终评定为排名五百！', '--json']' timed out after 120 seconds
   ⚠️ Translation failed or still Chinese, skipped

📖 [726/1372] 九恶妃每日一问_陛下驾崩了吗/ch-0006.json
   Title: 第6章 你是朕的小宝贝儿
  ⚠️ API error (attempt 1): Command '['openclaw', 'infer', 'model', 'run', '--model', 'qclaw/pool-deepseek-v4-pro', '--prompt', 'Translate this Chinese chapter title to English. Return ONLY the English title, no quotes, no explanation, no other text:\n\n第6章 你是朕的小宝贝儿', '--json']' timed out after 120 seconds
  ⚠️ API error (attempt 2): Command '['openclaw', 'infer', 'model', 'run', '--model', 'qclaw/pool-deepseek-v4-pro', '--prompt', 'Translate this Chinese chapter title to English. Return ONLY the English title, no quotes, no explanation, no other text:\n\n第6章 你是朕的小宝贝儿', '--json']' timed out after 120 seconds
  ⚠️ API error (attempt 1): Command '['openclaw', 'infer', 'model', 'run', '--model', 'qclaw/pool-deepseek-v4-pro', '--prompt', 'Translate the following Chinese novel chapter content to English. Return ONLY the translation, no explanation, no notes, no Chinese text:\n\n【姓名：唐梦宫】\r\n\n    【称号：梦妃】\r\n\n    【修为：圣人境巅峰】\r\n\n    【体质：截天剑体】\r\n\n    【身份：北虞王府掌上明珠，仙鹿书院首席大弟子】\r\n\n    【点评：玄黄大陆北域最强天骄，只手镇压所有同辈，北域年轻一辈气运共十斗，她一人独占】\r\n\n    在《假太监》小说设定中，唐梦宫是含着明珠长大的天之骄女。\r\n\n    出身显赫尊贵，颜值爆表，资质逆天！\r\n\n    这也是原著中，云江仙为什么要死要活上赶子当舔狗的原因……\r\n\n    秦然迅速迎了上去，露出谄媚笑脸。\r\n\n    但他没来得及开口，女人却是先开口了。\r\n\n    “云江仙！你凌晨将宝库中的所有启灵石全部取走了？”\r\n\n    女人冷着俏脸，清冷语气中带着审问的意味。\r\n\n    秦然陪着笑脸。\r\n\n    “梦宫，你需要启灵石怎么不早跟朕说呢…”\r\n\n    “现在说也不晚！”\r\n\n    唐梦宫缓缓伸出一只白皙玉手。\r\n\n    “把启灵石交给我，我最近修炼一门剑术，正好需要启灵石！”\r\n\n    看着唐梦宫盛气凌人的样子，秦然心中暗笑不止。\r\n\n    这是真把他当舔狗了。\r\n\n    他唇角微扬，突然一把攥住了唐梦宫伸出的玉手。\r\n\n    入手冰凉，玉骨冰肌。\r\n\n    女人目光一寒，下意识就要往回抽。\r\n\n    秦然笑着，顺势一把搂住了女人的香肩，整个人无赖的贴在了她怀里。\r\n\n    女人娇躯一僵。\r\n\n    “你……”\r\n\n    唐梦宫声音中多了一抹颤抖。\r\n\n    她冷冷瞪了秦然一眼，意图将其吓退，可秦然却恍若未觉！\r\n\n    唐梦宫和云江仙是青梅竹马，这么多年接触下来，云江仙扮演的一直都是小舔狗角色，丝毫不敢逾矩。\r\n\n    二人最大的身体接触，也仅仅只是偶然间触碰到小手罢了。\r\n\n    可眼下！\r\n\n    云江仙不仅光明正大的握住了手，居然还胆大到敢搂肩？', '--json']' timed out after 120 seconds
  ⚠️ API error (attempt 2): Command '['openclaw', 'infer', 'model', 'run', '--model', 'qclaw/pool-deepseek-v4-pro', '--prompt', 'Translate the following Chinese novel chapter content to English. Return ONLY the translation, no explanation, no notes, no Chinese text:\n\n【姓名：唐梦宫】\r\n\n    【称号：梦妃】\r\n\n    【修为：圣人境巅峰】\r\n\n    【体质：截天剑体】\r\n\n    【身份：北虞王府掌上明珠，仙鹿书院首席大弟子】\r\n\n    【点评：玄黄大陆北域最强天骄，只手镇压所有同辈，北域年轻一辈气运共十斗，她一人独占】\r\n\n    在《假太监》小说设定中，唐梦宫是含着明珠长大的天之骄女。\r\n\n    出身显赫尊贵，颜值爆表，资质逆天！\r\n\n    这也是原著中，云江仙为什么要死要活上赶子当舔狗的原因……\r\n\n    秦然迅速迎了上去，露出谄媚笑脸。\r\n\n    但他没来得及开口，女人却是先开口了。\r\n\n    “云江仙！你凌晨将宝库中的所有启灵石全部取走了？”\r\n\n    女人冷着俏脸，清冷语气中带着审问的意味。\r\n\n    秦然陪着笑脸。\r\n\n    “梦宫，你需要启灵石怎么不早跟朕说呢…”\r\n\n    “现在说也不晚！”\r\n\n    唐梦宫缓缓伸出一只白皙玉手。\r\n\n    “把启灵石交给我，我最近修炼一门剑术，正好需要启灵石！”\r\n\n    看着唐梦宫盛气凌人的样子，秦然心中暗笑不止。\r\n\n    这是真把他当舔狗了。\r\n\n    他唇角微扬，突然一把攥住了唐梦宫伸出的玉手。\r\n\n    入手冰凉，玉骨冰肌。\r\n\n    女人目光一寒，下意识就要往回抽。\r\n\n    秦然笑着，顺势一把搂住了女人的香肩，整个人无赖的贴在了她怀里。\r\n\n    女人娇躯一僵。\r\n\n    “你……”\r\n\n    唐梦宫声音中多了一抹颤抖。\r\n\n    她冷冷瞪了秦然一眼，意图将其吓退，可秦然却恍若未觉！\r\n\n    唐梦宫和云江仙是青梅竹马，这么多年接触下来，云江仙扮演的一直都是小舔狗角色，丝毫不敢逾矩。\r\n\n    二人最大的身体接触，也仅仅只是偶然间触碰到小手罢了。\r\n\n    可眼下！\r\n\n    云江仙不仅光明正大的握住了手，居然还胆大到敢搂肩？', '--json']' timed out after 120 seconds
   ⚠️ Translation failed or still Chinese, skipped

📖 [727/1372] 九恶妃每日一问_陛下驾崩了吗/ch-0007.json
   Title: 第7章 两妃子争风吃醋
  ⚠️ API error (attempt 1): Command '['openclaw', 'infer', 'model', 'run', '--model', 'qclaw/pool-deepseek-v4-pro', '--prompt', 'Translate this Chinese chapter title to English. Return ONLY the English title, no quotes, no explanation, no other text:\n\n第7章 两妃子争风吃醋', '--json']' timed out after 120 seconds
  ⚠️ API error (attempt 2): Command '['openclaw', 'infer', 'model', 'run', '--model', 'qclaw/pool-deepseek-v4-pro', '--prompt', 'Translate this Chinese chapter title to English. Return ONLY the English title, no quotes, no explanation, no other text:\n\n第7章 两妃子争风吃醋', '--json']' timed out after 120 seconds
  ⚠️ API error (attempt 1): Command '['openclaw', 'infer', 'model', 'run', '--model', 'qclaw/pool-deepseek-v4-pro', '--prompt', 'Translate the following Chinese novel chapter content to English. Return ONLY the translation, no explanation, no notes, no Chinese text:\n\n远处。\r\n\n    夜弦月听到秦然的话后神色剧震。\r\n\n    龙运居然提前凝聚了？\r\n\n    她身影一闪，瞬息间出现在秦然与唐梦宫身侧。\r\n\n    不由分说，她抬手一把攥住了唐梦宫的手腕，阻止了其抽取龙运的动作。\r\n\n    “陛下，梦妃，你们这是在干嘛呢，手攥得这么紧，不累吗？”夜弦月笑眯眯道。\r\n\n    唐梦宫转过头，目光蓦然冰冷。\r\n\n    “夜弦月，今日你不该来这里。”\r\n\n    她的意思不言而喻，按照九个妃子之间的约定，今天的云江仙属于她唐梦宫。\r\n\n    夜弦月不慌不忙，笑盈盈的看向唐梦宫。\r\n\n    “梦妃，是陛下约我来这里一起用早膳的，陛下的旨意怎能忤逆呢？”\r\n\n    唐梦宫没有好脸色，私底下开始传音。\r\n\n    “魔女！你要破坏规矩，阻拦本小姐抽取龙运？”\r\n\n    “非也！我们定的规矩是，在不影响云江仙凝聚龙运的情况下，各凭手段抽取逸散龙运，他如今处于快速凝聚龙运的阶段，妹妹也不想时间拖延太久，出现其它竞争者吧？”\r\n\n    “聒噪！规矩可以明日再改，但今日他的龙运，本小姐非要不可！”\r\n\n    “咯咯，今日我在这里，妹妹怕是不能如愿了呢～”\r\n\n    “夜弦月，你确定？”\r\n\n    “当然～～”\r\n\n    听着夜弦月的话，唐梦宫又想到了刚才脑海中看到的画面，心中莫名涌起烦躁。\r\n\n    不过此刻争胜阶段，自然不肯落下风。\r\n\n    她对秦然这些年来的舔狗情，还是有些自信的。\r\n\n    “夜弦月，你清楚本小姐与云江仙之间的关系，你觉得云江仙会站在你那边，还是站在我这边呢？”\r\n\n    唐梦宫自信传音，“本小姐只需一句话，他就会让你离开，你相信吗？”\r\n\n    夜弦月安静了。\r\n\n    云江仙对唐梦宫的态度人尽皆知，这一点她无可辩驳。\r\n\n    即便剩余几个妃子加在一起，恐怕也抵不上唐梦宫一个人的宠爱。\r\n\n    她的实力可以碾压年轻的唐梦宫，但在云江仙面前，她却根本没有办法公然出手……\r\n\n    唐梦宫多了几分得意。\r\n\n    “这龙运，本小姐要定了！谁来也阻止不了！！”\r\n\n    两个女人四目相对，没有出声，但私底下却已剑拔弩张。\r\n\n    打起来！\r\n\n    打起来！！\r\n\n    秦然察言观色，心中加油，面上却接着装傻。\r\n\n    他的妃子团，每天打逸散龙运的主意也是个麻烦事，他要借快速凝聚龙运为由，把这麻烦事从根本上解决。\r\n\n    他巴不得这九个妃子闹得越凶越好……', '--json']' timed out after 120 seconds
  ⚠️ API error (attempt 2): Command '['openclaw', 'infer', 'model', 'run', '--model', 'qclaw/pool-deepseek-v4-pro', '--prompt', 'Translate the following Chinese novel chapter content to English. Return ONLY the translation, no explanation, no notes, no Chinese text:\n\n远处。\r\n\n    夜弦月听到秦然的话后神色剧震。\r\n\n    龙运居然提前凝聚了？\r\n\n    她身影一闪，瞬息间出现在秦然与唐梦宫身侧。\r\n\n    不由分说，她抬手一把攥住了唐梦宫的手腕，阻止了其抽取龙运的动作。\r\n\n    “陛下，梦妃，你们这是在干嘛呢，手攥得这么紧，不累吗？”夜弦月笑眯眯道。\r\n\n    唐梦宫转过头，目光蓦然冰冷。\r\n\n    “夜弦月，今日你不该来这里。”\r\n\n    她的意思不言而喻，按照九个妃子之间的约定，今天的云江仙属于她唐梦宫。\r\n\n    夜弦月不慌不忙，笑盈盈的看向唐梦宫。\r\n\n    “梦妃，是陛下约我来这里一起用早膳的，陛下的旨意怎能忤逆呢？”\r\n\n    唐梦宫没有好脸色，私底下开始传音。\r\n\n    “魔女！你要破坏规矩，阻拦本小姐抽取龙运？”\r\n\n    “非也！我们定的规矩是，在不影响云江仙凝聚龙运的情况下，各凭手段抽取逸散龙运，他如今处于快速凝聚龙运的阶段，妹妹也不想时间拖延太久，出现其它竞争者吧？”\r\n\n    “聒噪！规矩可以明日再改，但今日他的龙运，本小姐非要不可！”\r\n\n    “咯咯，今日我在这里，妹妹怕是不能如愿了呢～”\r\n\n    “夜弦月，你确定？”\r\n\n    “当然～～”\r\n\n    听着夜弦月的话，唐梦宫又想到了刚才脑海中看到的画面，心中莫名涌起烦躁。\r\n\n    不过此刻争胜阶段，自然不肯落下风。\r\n\n    她对秦然这些年来的舔狗情，还是有些自信的。\r\n\n    “夜弦月，你清楚本小姐与云江仙之间的关系，你觉得云江仙会站在你那边，还是站在我这边呢？”\r\n\n    唐梦宫自信传音，“本小姐只需一句话，他就会让你离开，你相信吗？”\r\n\n    夜弦月安静了。\r\n\n    云江仙对唐梦宫的态度人尽皆知，这一点她无可辩驳。\r\n\n    即便剩余几个妃子加在一起，恐怕也抵不上唐梦宫一个人的宠爱。\r\n\n    她的实力可以碾压年轻的唐梦宫，但在云江仙面前，她却根本没有办法公然出手……\r\n\n    唐梦宫多了几分得意。\r\n\n    “这龙运，本小姐要定了！谁来也阻止不了！！”\r\n\n    两个女人四目相对，没有出声，但私底下却已剑拔弩张。\r\n\n    打起来！\r\n\n    打起来！！\r\n\n    秦然察言观色，心中加油，面上却接着装傻。\r\n\n    他的妃子团，每天打逸散龙运的主意也是个麻烦事，他要借快速凝聚龙运为由，把这麻烦事从根本上解决。\r\n\n    他巴不得这九个妃子闹得越凶越好……', '--json']' timed out after 120 seconds
   ⚠️ Translation failed or still Chinese, skipped

📖 [728/1372] 九恶妃每日一问_陛下驾崩了吗/ch-0008.json
   Title: 第8章 驱狼吞虎，借刀杀人
  ⚠️ API error (attempt 1): Command '['openclaw', 'infer', 'model', 'run', '--model', 'qclaw/pool-deepseek-v4-pro', '--prompt', 'Translate this Chinese chapter title to English. Return ONLY the English title, no quotes, no explanation, no other text:\n\n第8章 驱狼吞虎，借刀杀人', '--json']' timed out after 120 seconds
  ⚠️ API error (attempt 2): Command '['openclaw', 'infer', 'model', 'run', '--model', 'qclaw/pool-deepseek-v4-pro', '--prompt', 'Translate this Chinese chapter title to English. Return ONLY the English title, no quotes, no explanation, no other text:\n\n第8章 驱狼吞虎，借刀杀人', '--json']' timed out after 120 seconds
  ⚠️ API error (attempt 1): Command '['openclaw', 'infer', 'model', 'run', '--model', 'qclaw/pool-deepseek-v4-pro', '--prompt', 'Translate the following Chinese novel chapter content to English. Return ONLY the translation, no explanation, no notes, no Chinese text:\n\n“青符，那盘肉看着不错，给朕端到面前来。”\r\n\n    秦然拿着筷子，随手指向了摆在唐梦宫面前的一盘肉。\r\n\n    肉色呈金黄，上面挂着如玉般晶莹的汤汁，餐盘上还笼罩着一层氤氲薄雾。\r\n\n    看起来十分美味。\r\n\n    “是，陛下。”\r\n\n    青符瞄了眼餐桌上的摆盘，数十道菜将整个桌子摆得满满的。\r\n\n    想要把肉菜端到秦然面前，那势必要将秦然面前的一盘菜挪走，换个地方。\r\n\n    于是，他抬手将秦然面前的冰心糖藕挪开，与唐梦宫面前的肉菜互换了个位置……\r\n\n    两道菜互换位置，只是微不足道的小事。\r\n\n    但在冰心糖藕放到面前时，原本就心情不悦的唐梦宫直接暴走了。\r\n\n    因为，她从小到大唯一受伤的一次，便是被一株藕妖偷袭。\r\n\n    所以，“藕”是她最厌恶之物。\r\n\n    啪！\r\n\n    她一挥袖子，面前的冰心糖藕直接被摔落在地，清脆声响在大殿内格外刺耳。\r\n\n    噗通！噗通！！\r\n\n    一瞬间，周围的太监宫女们吓得跪了一地。\r\n\n    “梦宫，怎么了？”\r\n\n    秦然担忧地上前，一脸的心疼之色。\r\n\n    唐梦宫美眸中泛着森然寒光。\r\n\n    “本小姐不喜欢莲藕！”\r\n\n    秦然强忍心中笑意，被酒色掏空的苍白脸上，露出极度愤怒之色。\r\n\n    “你们这些狗奴才，不知道梦宫不喜欢莲藕吗？你们都是干什么吃的！！”\r\n\n    他愤怒咆哮，手一挥，眼前酒水餐食噼里啪啦地散落一地。\r\n\n    周围地上的太监宫女们更慌了，一个个吓得面无血色。\r\n\n    这个沉迷酒色的昏庸帝君，往日的残忍手段，他们可都是领教过的……\r\n\n    “求陛下恕罪！”\r\n\n    “求梦妃娘娘恕罪！！”\r\n\n    大殿里一片求饶声。\r\n\n    青符也在一旁跪着磕头，“求陛下恕罪，是奴才……”\r\n\n    “滚！！”\r\n\n    秦然沉声怒骂，一脚踹在了青符脸上。\r\n\n    后者面色阴冷，但这种时刻也只能顺着来，借力扑通一声滚在了地上，模样十分狼狈。\r\n\n    秦然扫视着跪落一地的太监。\r\n\n    最终，目光锁定在了一个负责御膳房的太监总管身上。\r\n\n    他拎起桌上酒壶，脚步虚浮，衣衫半敞地朝太监总管走去。\r\n\n    后者见状，脑袋砰砰砰地用力撞着地面。\r\n\n    “陛下恕罪，一切都是奴才的错！”\r\n\n    “陛下恕罪！！”\r\n\n    砰！！\r\n\n    秦然一脚将太监总管踹翻在地。', '--json']' timed out after 120 seconds
  ⚠️ API error (attempt 2): Command '['openclaw', 'infer', 'model', 'run', '--model', 'qclaw/pool-deepseek-v4-pro', '--prompt', 'Translate the following Chinese novel chapter content to English. Return ONLY the translation, no explanation, no notes, no Chinese text:\n\n“青符，那盘肉看着不错，给朕端到面前来。”\r\n\n    秦然拿着筷子，随手指向了摆在唐梦宫面前的一盘肉。\r\n\n    肉色呈金黄，上面挂着如玉般晶莹的汤汁，餐盘上还笼罩着一层氤氲薄雾。\r\n\n    看起来十分美味。\r\n\n    “是，陛下。”\r\n\n    青符瞄了眼餐桌上的摆盘，数十道菜将整个桌子摆得满满的。\r\n\n    想要把肉菜端到秦然面前，那势必要将秦然面前的一盘菜挪走，换个地方。\r\n\n    于是，他抬手将秦然面前的冰心糖藕挪开，与唐梦宫面前的肉菜互换了个位置……\r\n\n    两道菜互换位置，只是微不足道的小事。\r\n\n    但在冰心糖藕放到面前时，原本就心情不悦的唐梦宫直接暴走了。\r\n\n    因为，她从小到大唯一受伤的一次，便是被一株藕妖偷袭。\r\n\n    所以，“藕”是她最厌恶之物。\r\n\n    啪！\r\n\n    她一挥袖子，面前的冰心糖藕直接被摔落在地，清脆声响在大殿内格外刺耳。\r\n\n    噗通！噗通！！\r\n\n    一瞬间，周围的太监宫女们吓得跪了一地。\r\n\n    “梦宫，怎么了？”\r\n\n    秦然担忧地上前，一脸的心疼之色。\r\n\n    唐梦宫美眸中泛着森然寒光。\r\n\n    “本小姐不喜欢莲藕！”\r\n\n    秦然强忍心中笑意，被酒色掏空的苍白脸上，露出极度愤怒之色。\r\n\n    “你们这些狗奴才，不知道梦宫不喜欢莲藕吗？你们都是干什么吃的！！”\r\n\n    他愤怒咆哮，手一挥，眼前酒水餐食噼里啪啦地散落一地。\r\n\n    周围地上的太监宫女们更慌了，一个个吓得面无血色。\r\n\n    这个沉迷酒色的昏庸帝君，往日的残忍手段，他们可都是领教过的……\r\n\n    “求陛下恕罪！”\r\n\n    “求梦妃娘娘恕罪！！”\r\n\n    大殿里一片求饶声。\r\n\n    青符也在一旁跪着磕头，“求陛下恕罪，是奴才……”\r\n\n    “滚！！”\r\n\n    秦然沉声怒骂，一脚踹在了青符脸上。\r\n\n    后者面色阴冷，但这种时刻也只能顺着来，借力扑通一声滚在了地上，模样十分狼狈。\r\n\n    秦然扫视着跪落一地的太监。\r\n\n    最终，目光锁定在了一个负责御膳房的太监总管身上。\r\n\n    他拎起桌上酒壶，脚步虚浮，衣衫半敞地朝太监总管走去。\r\n\n    后者见状，脑袋砰砰砰地用力撞着地面。\r\n\n    “陛下恕罪，一切都是奴才的错！”\r\n\n    “陛下恕罪！！”\r\n\n    砰！！\r\n\n    秦然一脚将太监总管踹翻在地。', '--json']' timed out after 120 seconds
   ⚠️ Translation failed or still Chinese, skipped

📖 [729/1372] 九恶妃每日一问_陛下驾崩了吗/ch-0009.json
   Title: 第9章 攻略月妃计划
  ⚠️ API error (attempt 1): Command '['openclaw', 'infer', 'model', 'run', '--model', 'qclaw/pool-deepseek-v4-pro', '--prompt', 'Translate this Chinese chapter title to English. Return ONLY the English title, no quotes, no explanation, no other text:\n\n第9章 攻略月妃计划', '--json']' timed out after 120 seconds
  ⚠️ API error (attempt 2): Command '['openclaw', 'infer', 'model', 'run', '--model', 'qclaw/pool-deepseek-v4-pro', '--prompt', 'Translate this Chinese chapter title to English. Return ONLY the English title, no quotes, no explanation, no other text:\n\n第9章 攻略月妃计划', '--json']' timed out after 120 seconds
  ⚠️ API error (attempt 1): Command '['openclaw', 'infer', 'model', 'run', '--model', 'qclaw/pool-deepseek-v4-pro', '--prompt', 'Translate the following Chinese novel chapter content to English. Return ONLY the translation, no explanation, no notes, no Chinese text:\n\n在一片虚无空间里。\r\n\n    八道模糊的身影隐于雾气当中。\r\n\n    “姐妹们，云江仙可以提前凝聚龙运之事，想必各位都已知晓了吧？”\r\n\n    “这种事情，自然知晓，说起来今日还得感谢夜宗主，她在关键时刻阻止住了唐大小姐的动作。”\r\n\n    “没错，的确要感谢夜妹妹，要是没有夜妹妹阻止，云江仙凝聚龙运之事，怕是又要耽搁上数天时间。”\r\n\n    “今日云江仙本就属于本小姐，你们现在说这番话，是要违背之前约定吗？”\r\n\n    “梦宫妹妹先别急，我们八个姐妹齐聚一堂，为的无非就是云江仙体内龙运，至于那些逸散的龙运，妹妹不要也罢。”\r\n\n    “你们说的轻巧！”\r\n\n    “呦，白月光妹妹好大的火气，该不会是今天被陛下冷落，所以不开心了吧～”\r\n\n    “香狐，你找死！”\r\n\n    “好妹妹，那你来杀我呀～”\r\n\n    “够了，没心情听你们吵！如果有怨气，你们私底下去斗。”\r\n\n    “既然云江仙可以提前凝聚龙运，那最近这些日子，各位就不要再碰逸散龙运。若是时间拖得太久，难免不会引起另外人的觊觎。”\r\n\n    “同意，最近姐妹们都休息吧，提前说好，这期间谁若敢违背约定，那便先淘汰出局！”\r\n\n    虚无空间里，短暂安静。\r\n\n    八道人影中，有三道先一步离去。\r\n\n    过了没一会，另外五道女声又继续议论了起来。\r\n\n    “云江仙提前凝聚龙运之事务必保密，大夏龙运只能属于我们八人之一，其余势力若是敢插手，那就斩断它们的爪子。”\r\n\n    “没问题，不过这件事万万不能传到徐星斗的耳中，她如今在守边疆，估计会按照原本龙聚凝运的时间点归来，此事若是保密，或许她就赶不上了。”\r\n\n    “这倒是好消息，徐星斗是最后的护帝一派，她若不插手此事，我们也能少去不少麻烦。”\r\n\n    “嗯～那就这么决定了。”\r\n\n    “对了，夜妹妹今日在陛下身边出现的频率有些高了，妹妹若是无事的话，以后尽量保持距离吧。”\r\n\n    “我倒是想呢～奈何陛下召唤，我们这些做臣妾的又有什么办法呢？毕竟，他现在还是大夏掌权者…”\r\n\n    “夜宗主说的也有道理，不怪她出现频率高，只怪某人魅力不足，我们的陛下懒得继续舔喽……”\r\n\n    “多问一句，昨天是哪位姐妹进阶，将寝宫附近的天地灵气抽光了？”\r\n\n    “没人承认吗？”\r\n\n    “好吧好吧～毕竟我们互为对手，这种事情不愿说也罢，拜拜了姐妹们。”\r\n\n    啵。\r\n\n    虚无空间破碎消散。\r\n\n    五道模糊身影也随之消失不见。\r\n\n    ……', '--json']' timed out after 120 seconds
  ⚠️ API error (attempt 2): Command '['openclaw', 'infer', 'model', 'run', '--model', 'qclaw/pool-deepseek-v4-pro', '--prompt', 'Translate the following Chinese novel chapter content to English. Return ONLY the translation, no explanation, no notes, no Chinese text:\n\n在一片虚无空间里。\r\n\n    八道模糊的身影隐于雾气当中。\r\n\n    “姐妹们，云江仙可以提前凝聚龙运之事，想必各位都已知晓了吧？”\r\n\n    “这种事情，自然知晓，说起来今日还得感谢夜宗主，她在关键时刻阻止住了唐大小姐的动作。”\r\n\n    “没错，的确要感谢夜妹妹，要是没有夜妹妹阻止，云江仙凝聚龙运之事，怕是又要耽搁上数天时间。”\r\n\n    “今日云江仙本就属于本小姐，你们现在说这番话，是要违背之前约定吗？”\r\n\n    “梦宫妹妹先别急，我们八个姐妹齐聚一堂，为的无非就是云江仙体内龙运，至于那些逸散的龙运，妹妹不要也罢。”\r\n\n    “你们说的轻巧！”\r\n\n    “呦，白月光妹妹好大的火气，该不会是今天被陛下冷落，所以不开心了吧～”\r\n\n    “香狐，你找死！”\r\n\n    “好妹妹，那你来杀我呀～”\r\n\n    “够了，没心情听你们吵！如果有怨气，你们私底下去斗。”\r\n\n    “既然云江仙可以提前凝聚龙运，那最近这些日子，各位就不要再碰逸散龙运。若是时间拖得太久，难免不会引起另外人的觊觎。”\r\n\n    “同意，最近姐妹们都休息吧，提前说好，这期间谁若敢违背约定，那便先淘汰出局！”\r\n\n    虚无空间里，短暂安静。\r\n\n    八道人影中，有三道先一步离去。\r\n\n    过了没一会，另外五道女声又继续议论了起来。\r\n\n    “云江仙提前凝聚龙运之事务必保密，大夏龙运只能属于我们八人之一，其余势力若是敢插手，那就斩断它们的爪子。”\r\n\n    “没问题，不过这件事万万不能传到徐星斗的耳中，她如今在守边疆，估计会按照原本龙聚凝运的时间点归来，此事若是保密，或许她就赶不上了。”\r\n\n    “这倒是好消息，徐星斗是最后的护帝一派，她若不插手此事，我们也能少去不少麻烦。”\r\n\n    “嗯～那就这么决定了。”\r\n\n    “对了，夜妹妹今日在陛下身边出现的频率有些高了，妹妹若是无事的话，以后尽量保持距离吧。”\r\n\n    “我倒是想呢～奈何陛下召唤，我们这些做臣妾的又有什么办法呢？毕竟，他现在还是大夏掌权者…”\r\n\n    “夜宗主说的也有道理，不怪她出现频率高，只怪某人魅力不足，我们的陛下懒得继续舔喽……”\r\n\n    “多问一句，昨天是哪位姐妹进阶，将寝宫附近的天地灵气抽光了？”\r\n\n    “没人承认吗？”\r\n\n    “好吧好吧～毕竟我们互为对手，这种事情不愿说也罢，拜拜了姐妹们。”\r\n\n    啵。\r\n\n    虚无空间破碎消散。\r\n\n    五道模糊身影也随之消失不见。\r\n\n    ……', '--json']' timed out after 120 seconds
   ⚠️ Translation failed or still Chinese, skipped

📖 [730/1372] 九恶妃每日一问_陛下驾崩了吗/ch-0010.json
   Title: 第10章 击溃女神心中防线
  ⚠️ API error (attempt 1): Command '['openclaw', 'infer', 'model', 'run', '--model', 'qclaw/pool-deepseek-v4-pro', '--prompt', 'Translate this Chinese chapter title to English. Return ONLY the English title, no quotes, no explanation, no other text:\n\n第10章 击溃女神心中防线', '--json']' timed out after 120 seconds
  ⚠️ API error (attempt 2): Command '['openclaw', 'infer', 'model', 'run', '--model', 'qclaw/pool-deepseek-v4-pro', '--prompt', 'Translate this Chinese chapter title to English. Return ONLY the English title, no quotes, no explanation, no other text:\n\n第10章 击溃女神心中防线', '--json']' timed out after 120 seconds
  ⚠️ API error (attempt 1): Command '['openclaw', 'infer', 'model', 'run', '--model', 'qclaw/pool-deepseek-v4-pro', '--prompt', 'Translate the following Chinese novel chapter content to English. Return ONLY the translation, no explanation, no notes, no Chinese text:\n\n同一时间。\r\n\n    梦妃小院里。\r\n\n    唐梦宫站在院落中央，浑身杀意森森，周遭空间中割裂出一道道渗人黑线。\r\n\n    一众剑侍站在远处，大气都不敢喘……\r\n\n    “夜弦月！”\r\n\n    “云江仙！！”\r\n\n    唐梦宫的银牙咬得咯咯作响，眼中的杀意已经快要凝为实质。\r\n\n    院中人影一闪，树叶哗哗作响，那道绝世白衣已消失不见……\r\n\n    月妃寝宫。\r\n\n    秦然搂着夜弦月，对自己刚才的表演颇为满意。\r\n\n    距离凝聚龙运的时间已经不多了，他一人面对整个后宫，压力实在是大。\r\n\n    眼下这第一步，便是给自己找帮手。\r\n\n    夜弦月无疑是最佳目标！\r\n\n    昨天在寝宫中博得的好感，加上今日的这番表现，已经算是开了个不错的头。\r\n\n    接下来只需继续保持亲密联系，估计用不了多久，便有机会把夜弦月骗入自己阵营……\r\n\n    秦然打了个哈欠。\r\n\n    “爱妃，朕今日有些累，就先回去休息了。”\r\n\n    夜弦月轻轻点头，妖异娇俏的面庞在秦然怀里又蹭了蹭，似乎有着些许的不舍。\r\n\n    “陛下明日还会来吗？”\r\n\n    “唔～朕许久没见西西了，明天可能会去她那里逛逛。”\r\n\n    “哦。”\r\n\n    夜弦月眼底掠过一抹淡淡的失望。\r\n\n    秦然收入眼底，笑而不语。\r\n\n    “爱妃也早些休息。”\r\n\n    “嗯，恭送陛下。”\r\n\n    二人分手告别。\r\n\n    秦然领着大群太监，晃晃悠悠地朝着帝王寝殿走去。\r\n\n    青符跟在身侧，清瘦脸上露出一抹谄笑。\r\n\n    “陛下，您今日与往日似乎有些不同。”\r\n\n    秦然脚步一顿，回首一巴掌结结实实甩在了青符脸上。\r\n\n    啪。\r\n\n    青符目光阴翳，扑通一声跪倒在地。\r\n\n    “陛下饶命，奴才失言了。”\r\n\n    秦然玩味一笑，“怎么样？与往日相同了吗？”\r\n\n    青符连连点头，但垂落的脸庞上，表情却是异常难看。\r\n\n    吱嘎。\r\n\n    寝殿的古朴大门推开。\r\n\n    在紫金龙榻旁，一道白衣倩影负手而立，眉眼间带着几分冷意。\r\n\n    秦然丝毫不意外，脸上露出笑容。', '--json']' timed out after 120 seconds
  ⚠️ API error (attempt 2): Command '['openclaw', 'infer', 'model', 'run', '--model', 'qclaw/pool-deepseek-v4-pro', '--prompt', 'Translate the following Chinese novel chapter content to English. Return ONLY the translation, no explanation, no notes, no Chinese text:\n\n同一时间。\r\n\n    梦妃小院里。\r\n\n    唐梦宫站在院落中央，浑身杀意森森，周遭空间中割裂出一道道渗人黑线。\r\n\n    一众剑侍站在远处，大气都不敢喘……\r\n\n    “夜弦月！”\r\n\n    “云江仙！！”\r\n\n    唐梦宫的银牙咬得咯咯作响，眼中的杀意已经快要凝为实质。\r\n\n    院中人影一闪，树叶哗哗作响，那道绝世白衣已消失不见……\r\n\n    月妃寝宫。\r\n\n    秦然搂着夜弦月，对自己刚才的表演颇为满意。\r\n\n    距离凝聚龙运的时间已经不多了，他一人面对整个后宫，压力实在是大。\r\n\n    眼下这第一步，便是给自己找帮手。\r\n\n    夜弦月无疑是最佳目标！\r\n\n    昨天在寝宫中博得的好感，加上今日的这番表现，已经算是开了个不错的头。\r\n\n    接下来只需继续保持亲密联系，估计用不了多久，便有机会把夜弦月骗入自己阵营……\r\n\n    秦然打了个哈欠。\r\n\n    “爱妃，朕今日有些累，就先回去休息了。”\r\n\n    夜弦月轻轻点头，妖异娇俏的面庞在秦然怀里又蹭了蹭，似乎有着些许的不舍。\r\n\n    “陛下明日还会来吗？”\r\n\n    “唔～朕许久没见西西了，明天可能会去她那里逛逛。”\r\n\n    “哦。”\r\n\n    夜弦月眼底掠过一抹淡淡的失望。\r\n\n    秦然收入眼底，笑而不语。\r\n\n    “爱妃也早些休息。”\r\n\n    “嗯，恭送陛下。”\r\n\n    二人分手告别。\r\n\n    秦然领着大群太监，晃晃悠悠地朝着帝王寝殿走去。\r\n\n    青符跟在身侧，清瘦脸上露出一抹谄笑。\r\n\n    “陛下，您今日与往日似乎有些不同。”\r\n\n    秦然脚步一顿，回首一巴掌结结实实甩在了青符脸上。\r\n\n    啪。\r\n\n    青符目光阴翳，扑通一声跪倒在地。\r\n\n    “陛下饶命，奴才失言了。”\r\n\n    秦然玩味一笑，“怎么样？与往日相同了吗？”\r\n\n    青符连连点头，但垂落的脸庞上，表情却是异常难看。\r\n\n    吱嘎。\r\n\n    寝殿的古朴大门推开。\r\n\n    在紫金龙榻旁，一道白衣倩影负手而立，眉眼间带着几分冷意。\r\n\n    秦然丝毫不意外，脸上露出笑容。', '--json']' timed out after 120 seconds
   ⚠️ Translation failed or still Chinese, skipped

📖 [731/1372] 九恶妃每日一问_陛下驾崩了吗/ch-0011.json
   Title: 第11章 深宫中的普通女子
  ⚠️ API error (attempt 1): Command '['openclaw', 'infer', 'model', 'run', '--model', 'qclaw/pool-deepseek-v4-pro', '--prompt', 'Translate this Chinese chapter title to English. Return ONLY the English title, no quotes, no explanation, no other text:\n\n第11章 深宫中的普通女子', '--json']' timed out after 120 seconds
  ⚠️ API error (attempt 2): Command '['openclaw', 'infer', 'model', 'run', '--model', 'qclaw/pool-deepseek-v4-pro', '--prompt', 'Translate this Chinese chapter title to English. Return ONLY the English title, no quotes, no explanation, no other text:\n\n第11章 深宫中的普通女子', '--json']' timed out after 120 seconds
  ⚠️ API error (attempt 1): Command '['openclaw', 'infer', 'model', 'run', '--model', 'qclaw/pool-deepseek-v4-pro', '--prompt', 'Translate the following Chinese novel chapter content to English. Return ONLY the translation, no explanation, no notes, no Chinese text:\n\n【碧落大丹】\r\n\n    品阶：地阶极品\r\n\n    介绍：使用后可以突破境界桎梏，大幅度提升修为境界\r\n\n    【驻颜丹】\r\n\n    介绍：奇珍异宝类物品，使用后可青春永驻，永久呈现最完美状态。\r\n\n    秦然看着两件宝贝，忍不住皱眉。\r\n\n    碧落大丹很有用处，至于驻颜丹，虽然十分罕见，但对他来说却完全就是鸡肋。\r\n\n    毕竟，高修为修炼者基本都可以做到维持青春面容，效果不会比驻颜丹差太多。\r\n\n    这奖励与昨日相比，差的不是一星半点……\r\n\n    “300％ 的任务完成度，奖励居然只有这种程度。”\r\n\n    “难道是因为…第一天是新手奖励？”\r\n\n    暂时也只有这个解释了。\r\n\n    不过任务难度终究只是C级，有地阶极品丹药作为奖励也很不错了……\r\n\n    秦然现在差的就是修为境界。\r\n\n    这碧落大丹是当前最适合之物。\r\n\n    秦然取出丹药，吞入腹中，同时运转云宫掠天术，屏蔽所有气息。\r\n\n    丹药入腹，迅速融化。\r\n\n    一缕缕清凉气息如灵蛇般钻入四肢百骸，疯狂强化着四肢及体内气血强度。\r\n\n    扑通！扑通！扑通！\r\n\n    秦然能清晰听到自己澎勃的心跳声。\r\n\n    修炼第一步的三个境界，主要是锤炼体魄。\r\n\n    碧落大丹中的恐怖药效完全激发，疯狂强化着肉身强度。\r\n\n    下一秒。\r\n\n    体内忽然传出一声清脆的嘎嘣声响，仿佛有一道无形的壁垒被药效霸道击穿……\r\n\n    一股前所未有的畅快感袭遍全身，整个人顿感脱胎换骨。\r\n\n    碧落大丹中的灵力还未耗尽。\r\n\n    修炼第一步的门槛，一跃而过，正式迈入修炼第二步。\r\n\n    法相境一重天。\r\n\n    法相境二重天。\r\n\n    法相境三重天。\r\n\n    药效渐渐消耗殆尽，最终的修为定格在了法相境三重天……\r\n\n    “这种感觉…”\r\n\n    秦然检查着自身状态，十分满意。\r\n\n    修炼第二步，共分为三个境界。\r\n\n    法相境、领域境、圣人境！\r\n\n    踏入法相境，已经达到了同龄普通天才的层次。', '--json']' timed out after 120 seconds
  ⚠️ API error (attempt 2): Command '['openclaw', 'infer', 'model', 'run', '--model', 'qclaw/pool-deepseek-v4-pro', '--prompt', 'Translate the following Chinese novel chapter content to English. Return ONLY the translation, no explanation, no notes, no Chinese text:\n\n【碧落大丹】\r\n\n    品阶：地阶极品\r\n\n    介绍：使用后可以突破境界桎梏，大幅度提升修为境界\r\n\n    【驻颜丹】\r\n\n    介绍：奇珍异宝类物品，使用后可青春永驻，永久呈现最完美状态。\r\n\n    秦然看着两件宝贝，忍不住皱眉。\r\n\n    碧落大丹很有用处，至于驻颜丹，虽然十分罕见，但对他来说却完全就是鸡肋。\r\n\n    毕竟，高修为修炼者基本都可以做到维持青春面容，效果不会比驻颜丹差太多。\r\n\n    这奖励与昨日相比，差的不是一星半点……\r\n\n    “300％ 的任务完成度，奖励居然只有这种程度。”\r\n\n    “难道是因为…第一天是新手奖励？”\r\n\n    暂时也只有这个解释了。\r\n\n    不过任务难度终究只是C级，有地阶极品丹药作为奖励也很不错了……\r\n\n    秦然现在差的就是修为境界。\r\n\n    这碧落大丹是当前最适合之物。\r\n\n    秦然取出丹药，吞入腹中，同时运转云宫掠天术，屏蔽所有气息。\r\n\n    丹药入腹，迅速融化。\r\n\n    一缕缕清凉气息如灵蛇般钻入四肢百骸，疯狂强化着四肢及体内气血强度。\r\n\n    扑通！扑通！扑通！\r\n\n    秦然能清晰听到自己澎勃的心跳声。\r\n\n    修炼第一步的三个境界，主要是锤炼体魄。\r\n\n    碧落大丹中的恐怖药效完全激发，疯狂强化着肉身强度。\r\n\n    下一秒。\r\n\n    体内忽然传出一声清脆的嘎嘣声响，仿佛有一道无形的壁垒被药效霸道击穿……\r\n\n    一股前所未有的畅快感袭遍全身，整个人顿感脱胎换骨。\r\n\n    碧落大丹中的灵力还未耗尽。\r\n\n    修炼第一步的门槛，一跃而过，正式迈入修炼第二步。\r\n\n    法相境一重天。\r\n\n    法相境二重天。\r\n\n    法相境三重天。\r\n\n    药效渐渐消耗殆尽，最终的修为定格在了法相境三重天……\r\n\n    “这种感觉…”\r\n\n    秦然检查着自身状态，十分满意。\r\n\n    修炼第二步，共分为三个境界。\r\n\n    法相境、领域境、圣人境！\r\n\n    踏入法相境，已经达到了同龄普通天才的层次。', '--json']' timed out after 120 seconds
   ⚠️ Translation failed or still Chinese, skipped

📖 [732/1372] 九恶妃每日一问_陛下驾崩了吗/ch-0012.json
   Title: 第12章 玫瑰园中的小可怜
  ⚠️ API error (attempt 1): Command '['openclaw', 'infer', 'model', 'run', '--model', 'qclaw/pool-deepseek-v4-pro', '--prompt', 'Translate this Chinese chapter title to English. Return ONLY the English title, no quotes, no explanation, no other text:\n\n第12章 玫瑰园中的小可怜', '--json']' timed out after 120 seconds
  ⚠️ API error (attempt 2): Command '['openclaw', 'infer', 'model', 'run', '--model', 'qclaw/pool-deepseek-v4-pro', '--prompt', 'Translate this Chinese chapter title to English. Return ONLY the English title, no quotes, no explanation, no other text:\n\n第12章 玫瑰园中的小可怜', '--json']' timed out after 120 seconds
  ⚠️ API error (attempt 1): Command '['openclaw', 'infer', 'model', 'run', '--model', 'qclaw/pool-deepseek-v4-pro', '--prompt', 'Translate the following Chinese novel chapter content to English. Return ONLY the translation, no explanation, no notes, no Chinese text:\n\n听着女人的话，秦然心中升起一股暖意。\r\n\n    在面对其他妃子时，他能灵活应对游刃有余。\r\n\n    可在面对徐若晗时，一些到了嘴边的花言巧语，竟有些不知如何开口了……\r\n\n    女人放下剪刀，轻挽了下发丝，小跑着来到秦然身前，亲昵的抱住了他的胳膊。\r\n\n    “江仙哥哥，发什么呆呢？”\r\n\n    女人仰着头，静静看着他，琥珀色大眼睛弯成了月牙。\r\n\n    清澈专注、静谧柔和。\r\n\n    秦然挤出一抹笑容，带着女人朝不远处的凉亭走去，主动岔开话题。\r\n\n    “西西，你这些玫瑰修剪的不错。”\r\n\n    女人颇为得意的傲娇一笑。\r\n\n    “那是当然～”\r\n\n    秦然心中暗暗叹气。\r\n\n    他了解这其中门道，也知道徐若晗为什么要种植香槟玫瑰。\r\n\n    其实并非是她自己喜欢，而是年少时，云江仙曾随口提过那么一嘴罢了。\r\n\n    为了云江仙高兴，一句随口之言，徐若晗却一直铭记并执行至今……\r\n\n    “江仙哥哥，你脸色很不好，是昨晚没有睡好吗？”\r\n\n    “不，不是。”\r\n\n    秦然极不自然。\r\n\n    不知为何，刚才他心中竟隐隐生出一丝愧疚感。\r\n\n    徐若晗很自然地拉着秦然坐下。\r\n\n    她拿起茶壶茶碗，熟练地泡起了茶，眼神灵动，手指灵活。\r\n\n    “江仙哥哥，杯子里是用初茬儿玫瑰花瓣泡出的茶。”\r\n\n    “这株玫瑰在去年入冬时差点冻死呢，我用棉被裹了它三晚才活下来～你快尝尝味道怎么样！”\r\n\n    秦然端起茶杯，看着女人期待的眼神，忍不住摸了一下她的白嫩脸颊。\r\n\n    女人仓促低头，耳尖绯红。\r\n\n    秦然会心一笑，举杯一饮而尽。\r\n\n    茶水入口透着清香，并无前两日喝的那些天地灵茶的灵气澎湃。\r\n\n    但入腹后，却有一种柔和舒适之感。\r\n\n    “很不错！”秦然由衷赞叹。\r\n\n    “真的嘛？”\r\n\n    “真的。”\r\n\n    “江仙哥哥喜欢就好。这几天雨水多，我担心灵泉被雨水污浊了，都是提前取回来存放的，不然茶香会更好一些。”\r\n\n    “西西辛苦了。”\r\n\n    “一点也不辛苦～”女人笑容明媚。\r\n\n    秦然拉起女人的手。\r\n\n    这双手生得极为漂亮，但轻轻抚摸起来，并非特别光滑。\r\n\n    在其掌心及指腹处，能清楚摸到一道道细微划痕。\r\n\n    “西西，这是？”\r\n\n    “没事啦，这是平常打理玫瑰园不小心划出的小口子。”\r\n\n    秦然沉默了。', '--json']' timed out after 120 seconds
  ⚠️ API error (attempt 2): Command '['openclaw', 'infer', 'model', 'run', '--model', 'qclaw/pool-deepseek-v4-pro', '--prompt', 'Translate the following Chinese novel chapter content to English. Return ONLY the translation, no explanation, no notes, no Chinese text:\n\n听着女人的话，秦然心中升起一股暖意。\r\n\n    在面对其他妃子时，他能灵活应对游刃有余。\r\n\n    可在面对徐若晗时，一些到了嘴边的花言巧语，竟有些不知如何开口了……\r\n\n    女人放下剪刀，轻挽了下发丝，小跑着来到秦然身前，亲昵的抱住了他的胳膊。\r\n\n    “江仙哥哥，发什么呆呢？”\r\n\n    女人仰着头，静静看着他，琥珀色大眼睛弯成了月牙。\r\n\n    清澈专注、静谧柔和。\r\n\n    秦然挤出一抹笑容，带着女人朝不远处的凉亭走去，主动岔开话题。\r\n\n    “西西，你这些玫瑰修剪的不错。”\r\n\n    女人颇为得意的傲娇一笑。\r\n\n    “那是当然～”\r\n\n    秦然心中暗暗叹气。\r\n\n    他了解这其中门道，也知道徐若晗为什么要种植香槟玫瑰。\r\n\n    其实并非是她自己喜欢，而是年少时，云江仙曾随口提过那么一嘴罢了。\r\n\n    为了云江仙高兴，一句随口之言，徐若晗却一直铭记并执行至今……\r\n\n    “江仙哥哥，你脸色很不好，是昨晚没有睡好吗？”\r\n\n    “不，不是。”\r\n\n    秦然极不自然。\r\n\n    不知为何，刚才他心中竟隐隐生出一丝愧疚感。\r\n\n    徐若晗很自然地拉着秦然坐下。\r\n\n    她拿起茶壶茶碗，熟练地泡起了茶，眼神灵动，手指灵活。\r\n\n    “江仙哥哥，杯子里是用初茬儿玫瑰花瓣泡出的茶。”\r\n\n    “这株玫瑰在去年入冬时差点冻死呢，我用棉被裹了它三晚才活下来～你快尝尝味道怎么样！”\r\n\n    秦然端起茶杯，看着女人期待的眼神，忍不住摸了一下她的白嫩脸颊。\r\n\n    女人仓促低头，耳尖绯红。\r\n\n    秦然会心一笑，举杯一饮而尽。\r\n\n    茶水入口透着清香，并无前两日喝的那些天地灵茶的灵气澎湃。\r\n\n    但入腹后，却有一种柔和舒适之感。\r\n\n    “很不错！”秦然由衷赞叹。\r\n\n    “真的嘛？”\r\n\n    “真的。”\r\n\n    “江仙哥哥喜欢就好。这几天雨水多，我担心灵泉被雨水污浊了，都是提前取回来存放的，不然茶香会更好一些。”\r\n\n    “西西辛苦了。”\r\n\n    “一点也不辛苦～”女人笑容明媚。\r\n\n    秦然拉起女人的手。\r\n\n    这双手生得极为漂亮，但轻轻抚摸起来，并非特别光滑。\r\n\n    在其掌心及指腹处，能清楚摸到一道道细微划痕。\r\n\n    “西西，这是？”\r\n\n    “没事啦，这是平常打理玫瑰园不小心划出的小口子。”\r\n\n    秦然沉默了。', '--json']' timed out after 120 seconds
   ⚠️ Translation failed or still Chinese, skipped

📖 [733/1372] 九恶妃每日一问_陛下驾崩了吗/ch-0013.json
   Title: 第13章 那个舔狗怎么还不来
  ⚠️ API error (attempt 1): Command '['openclaw', 'infer', 'model', 'run', '--model', 'qclaw/pool-deepseek-v4-pro', '--prompt', 'Translate this Chinese chapter title to English. Return ONLY the English title, no quotes, no explanation, no other text:\n\n第13章 那个舔狗怎么还不来', '--json']' timed out after 120 seconds
  ⚠️ API error (attempt 2): Command '['openclaw', 'infer', 'model', 'run', '--model', 'qclaw/pool-deepseek-v4-pro', '--prompt', 'Translate this Chinese chapter title to English. Return ONLY the English title, no quotes, no explanation, no other text:\n\n第13章 那个舔狗怎么还不来', '--json']' timed out after 120 seconds
  ⚠️ API error (attempt 1): Command '['openclaw', 'infer', 'model', 'run', '--model', 'qclaw/pool-deepseek-v4-pro', '--prompt', 'Translate the following Chinese novel chapter content to English. Return ONLY the translation, no explanation, no notes, no Chinese text:\n\n梦妃寝宫。\r\n\n    唐梦宫自昨夜回来后，便一直站在院中，已经站了整整一夜。\r\n\n    她一动不动，宛如一尊雕塑，只有一袭白衣在风中猎猎作响。\r\n\n    眼看着正午到了，唐梦宫神色愈发的冰冷危险，整个院子里都充斥着一股窒息感。\r\n\n    剑侍们静候在周围，一个个心都悬到了嗓子眼。\r\n\n    “门口的花篮还是空的？”唐梦宫漠然道。\r\n\n    “回禀主人，是，是的。”\r\n\n    剑侍的话音未落，整个院落里陡然掀起一阵惊天剑气。\r\n\n    空气中传出瘆人的空间撕裂声。\r\n\n    一道道黑线遍布四面八方。\r\n\n    “主人息怒！！”\r\n\n    一众剑侍们扑通扑通跪地。\r\n\n    唐梦宫美眸凝视着帝王寝殿的方向，柳眉倒竖，银牙都快要咬碎了。\r\n\n    “混蛋！居然还不来跟本小姐道歉！”\r\n\n    “今日若不来，那以后就不要再来了！！”\r\n\n    吱嘎。\r\n\n    这时候，小院的门忽然被轻轻推开。\r\n\n    唐梦宫急忙扭头望向门口。\r\n\n    但看到的并非是期待的身影，而是一个小心翼翼的剑侍。\r\n\n    “何事？”唐梦宫冷冷道。\r\n\n    “回禀主人，二公子到了，他说需要些资源，想去一趟皇宫宝库。”\r\n\n    唐梦宫一甩手，院门轰然关闭。\r\n\n    “滚！让那废物滚远点！”\r\n\n    “可，可是主人，是王爷让二少爷来的。”\r\n\n    “那也滚！”\r\n\n    “是。”\r\n\n    ……\r\n\n    秦然离开了晗妃小院。\r\n\n    离开时，将任务奖励的驻颜丹留给了徐若晗。\r\n\n    这宫里，没人比徐若晗更需要驻颜丹。\r\n\n    在来之前，秦然本意是用驻颜丹，更深一步拉近徐若晗的好感。\r\n\n    但最后送出之时，他的想法已经完全变了，只将驻颜丹当成了一份简单纯粹的礼物。\r\n\n    他不忍心用利益来玷污这个纯粹且无辜的女人……\r\n\n    走在深宫大道上。\r\n\n    秦然心中依旧萦绕着徐若晗那简单却纯粹的温情，这纸片人在他心中立体了，独具生命力。\r\n\n    “或许，有些真心不该被辜负…”\r\n\n    “接下来，该去给种玉仙身找找合适的神魔血了。”\r\n\n    “青符，调头去皇家宝库。”', '--json']' timed out after 120 seconds
  ⚠️ API error (attempt 2): Command '['openclaw', 'infer', 'model', 'run', '--model', 'qclaw/pool-deepseek-v4-pro', '--prompt', 'Translate the following Chinese novel chapter content to English. Return ONLY the translation, no explanation, no notes, no Chinese text:\n\n梦妃寝宫。\r\n\n    唐梦宫自昨夜回来后，便一直站在院中，已经站了整整一夜。\r\n\n    她一动不动，宛如一尊雕塑，只有一袭白衣在风中猎猎作响。\r\n\n    眼看着正午到了，唐梦宫神色愈发的冰冷危险，整个院子里都充斥着一股窒息感。\r\n\n    剑侍们静候在周围，一个个心都悬到了嗓子眼。\r\n\n    “门口的花篮还是空的？”唐梦宫漠然道。\r\n\n    “回禀主人，是，是的。”\r\n\n    剑侍的话音未落，整个院落里陡然掀起一阵惊天剑气。\r\n\n    空气中传出瘆人的空间撕裂声。\r\n\n    一道道黑线遍布四面八方。\r\n\n    “主人息怒！！”\r\n\n    一众剑侍们扑通扑通跪地。\r\n\n    唐梦宫美眸凝视着帝王寝殿的方向，柳眉倒竖，银牙都快要咬碎了。\r\n\n    “混蛋！居然还不来跟本小姐道歉！”\r\n\n    “今日若不来，那以后就不要再来了！！”\r\n\n    吱嘎。\r\n\n    这时候，小院的门忽然被轻轻推开。\r\n\n    唐梦宫急忙扭头望向门口。\r\n\n    但看到的并非是期待的身影，而是一个小心翼翼的剑侍。\r\n\n    “何事？”唐梦宫冷冷道。\r\n\n    “回禀主人，二公子到了，他说需要些资源，想去一趟皇宫宝库。”\r\n\n    唐梦宫一甩手，院门轰然关闭。\r\n\n    “滚！让那废物滚远点！”\r\n\n    “可，可是主人，是王爷让二少爷来的。”\r\n\n    “那也滚！”\r\n\n    “是。”\r\n\n    ……\r\n\n    秦然离开了晗妃小院。\r\n\n    离开时，将任务奖励的驻颜丹留给了徐若晗。\r\n\n    这宫里，没人比徐若晗更需要驻颜丹。\r\n\n    在来之前，秦然本意是用驻颜丹，更深一步拉近徐若晗的好感。\r\n\n    但最后送出之时，他的想法已经完全变了，只将驻颜丹当成了一份简单纯粹的礼物。\r\n\n    他不忍心用利益来玷污这个纯粹且无辜的女人……\r\n\n    走在深宫大道上。\r\n\n    秦然心中依旧萦绕着徐若晗那简单却纯粹的温情，这纸片人在他心中立体了，独具生命力。\r\n\n    “或许，有些真心不该被辜负…”\r\n\n    “接下来，该去给种玉仙身找找合适的神魔血了。”\r\n\n    “青符，调头去皇家宝库。”', '--json']' timed out after 120 seconds
   ⚠️ Translation failed or still Chinese, skipped

📖 [734/1372] 九恶妃每日一问_陛下驾崩了吗/ch-0014.json
   Title: 第14章 朕回去自罚三杯
  ⚠️ API error (attempt 1): Command '['openclaw', 'infer', 'model', 'run', '--model', 'qclaw/pool-deepseek-v4-pro', '--prompt', 'Translate this Chinese chapter title to English. Return ONLY the English title, no quotes, no explanation, no other text:\n\n第14章 朕回去自罚三杯', '--json']' timed out after 120 seconds
  ⚠️ API error (attempt 2): Command '['openclaw', 'infer', 'model', 'run', '--model', 'qclaw/pool-deepseek-v4-pro', '--prompt', 'Translate this Chinese chapter title to English. Return ONLY the English title, no quotes, no explanation, no other text:\n\n第14章 朕回去自罚三杯', '--json']' timed out after 120 seconds
  ⚠️ API error (attempt 1): Command '['openclaw', 'infer', 'model', 'run', '--model', 'qclaw/pool-deepseek-v4-pro', '--prompt', 'Translate the following Chinese novel chapter content to English. Return ONLY the translation, no explanation, no notes, no Chinese text:\n\n洪烈目光落寞地立在原地。\r\n\n    虎躯中像是被抽空了力气。\r\n\n    作为征战沙场的老兵，这点伤痛对他来说，如同挠痒痒。\r\n\n    但心中的绝望和无奈，却如同一根根尖刀，撕刮着他的血肉。\r\n\n    曾经鼎盛的大夏，随着先帝的阵亡以及云家族人的陨落，如今和他这条无助的老狗一般，垂垂老矣任人欺凌。\r\n\n    随便一个人都能踹上两脚。\r\n\n    大夏神朝下属地域万万里，曾统御过亿万子民，盛极一时。\r\n\n    现在，属于大夏神朝的时代，终是要落幕了吗……\r\n\n    许典恭敬地站在唐梦辰身侧。\r\n\n    “这点小插曲，请唐二公子不要在意，属下这就带您进入宝库。”\r\n\n    唐梦辰瞥了洪烈一眼，脸上的讥讽之色毫不掩饰。\r\n\n    “看到了吗？有些事，即便你不做，也会有别人争着做的……不懂事的东西。”\r\n\n    “呦，这里挺热闹啊。”\r\n\n    许典正要带着唐梦辰往前走，一道慵懒的声音响了起来。\r\n\n    近百个太监侍卫开路，龙辇缓缓行进，一个衣着镶金白龙袍的翩翩虚公子潇洒而来。\r\n\n    洪烈扫了一眼来者，轻叹口气便移开了目光。\r\n\n    许典略有惊慌。\r\n\n    唐梦辰并无太多反应。\r\n\n    “你不用慌，有本公子在，自会保你周全。”\r\n\n    他那张桀骜的脸上，不仅没有害怕之色，反而带着一丝若有若无的优越感。\r\n\n    眼前的废物皇帝，只是自己姐姐的舔狗罢了……\r\n\n    龙辇来到近前。\r\n\n    秦然打着哈欠，在青符的搀扶下，脚步不稳地跳了下去。\r\n\n    身形一晃，差点摔了一跤。\r\n\n    “狗奴才，怎么扶的朕！”\r\n\n    秦然一脚踹在了青符身上，后者脸色微变，不敢有任何表现。\r\n\n    唐梦辰嘴角的戏谑之意更浓。\r\n\n    “呦，陛下来了，你来的正好，我替姐姐来宝库取几样东西，这些狗奴才却拦着不让进，你快让他们开门，姐姐还等着呢。”\r\n\n    “自家人，好说好说。”\r\n\n    秦然打着哈哈，扫了眼洪烈，最后目光落在了许典身上。\r\n\n    “你叫什么名字。”\r\n\n    许典下意识看了唐梦辰一眼。\r\n\n    唐梦辰一笑，“陛下问你话呢，你看本公子做什么。”\r\n\n    许典闻声，赶忙躬身行礼。\r\n\n    “回禀陛下，臣名许典，职位禁卫千夫长，负责统御皇宫宝库。”\r\n\n    秦然点点头，热切地搂住了许典的肩膀。\r\n\n    “哦，原来是许统领啊。”\r\n\n    洪烈见此一幕，深深低下了头。\r\n\n    心中的绝望已经将他整个人淹没。\r\n\n    许典暗暗松了口气。\r\n\n    秦然指了指洪烈，随口道：“他身上的伤，是你教训的？”', '--json']' timed out after 120 seconds
  ⚠️ API error (attempt 2): Command '['openclaw', 'infer', 'model', 'run', '--model', 'qclaw/pool-deepseek-v4-pro', '--prompt', 'Translate the following Chinese novel chapter content to English. Return ONLY the translation, no explanation, no notes, no Chinese text:\n\n洪烈目光落寞地立在原地。\r\n\n    虎躯中像是被抽空了力气。\r\n\n    作为征战沙场的老兵，这点伤痛对他来说，如同挠痒痒。\r\n\n    但心中的绝望和无奈，却如同一根根尖刀，撕刮着他的血肉。\r\n\n    曾经鼎盛的大夏，随着先帝的阵亡以及云家族人的陨落，如今和他这条无助的老狗一般，垂垂老矣任人欺凌。\r\n\n    随便一个人都能踹上两脚。\r\n\n    大夏神朝下属地域万万里，曾统御过亿万子民，盛极一时。\r\n\n    现在，属于大夏神朝的时代，终是要落幕了吗……\r\n\n    许典恭敬地站在唐梦辰身侧。\r\n\n    “这点小插曲，请唐二公子不要在意，属下这就带您进入宝库。”\r\n\n    唐梦辰瞥了洪烈一眼，脸上的讥讽之色毫不掩饰。\r\n\n    “看到了吗？有些事，即便你不做，也会有别人争着做的……不懂事的东西。”\r\n\n    “呦，这里挺热闹啊。”\r\n\n    许典正要带着唐梦辰往前走，一道慵懒的声音响了起来。\r\n\n    近百个太监侍卫开路，龙辇缓缓行进，一个衣着镶金白龙袍的翩翩虚公子潇洒而来。\r\n\n    洪烈扫了一眼来者，轻叹口气便移开了目光。\r\n\n    许典略有惊慌。\r\n\n    唐梦辰并无太多反应。\r\n\n    “你不用慌，有本公子在，自会保你周全。”\r\n\n    他那张桀骜的脸上，不仅没有害怕之色，反而带着一丝若有若无的优越感。\r\n\n    眼前的废物皇帝，只是自己姐姐的舔狗罢了……\r\n\n    龙辇来到近前。\r\n\n    秦然打着哈欠，在青符的搀扶下，脚步不稳地跳了下去。\r\n\n    身形一晃，差点摔了一跤。\r\n\n    “狗奴才，怎么扶的朕！”\r\n\n    秦然一脚踹在了青符身上，后者脸色微变，不敢有任何表现。\r\n\n    唐梦辰嘴角的戏谑之意更浓。\r\n\n    “呦，陛下来了，你来的正好，我替姐姐来宝库取几样东西，这些狗奴才却拦着不让进，你快让他们开门，姐姐还等着呢。”\r\n\n    “自家人，好说好说。”\r\n\n    秦然打着哈哈，扫了眼洪烈，最后目光落在了许典身上。\r\n\n    “你叫什么名字。”\r\n\n    许典下意识看了唐梦辰一眼。\r\n\n    唐梦辰一笑，“陛下问你话呢，你看本公子做什么。”\r\n\n    许典闻声，赶忙躬身行礼。\r\n\n    “回禀陛下，臣名许典，职位禁卫千夫长，负责统御皇宫宝库。”\r\n\n    秦然点点头，热切地搂住了许典的肩膀。\r\n\n    “哦，原来是许统领啊。”\r\n\n    洪烈见此一幕，深深低下了头。\r\n\n    心中的绝望已经将他整个人淹没。\r\n\n    许典暗暗松了口气。\r\n\n    秦然指了指洪烈，随口道：“他身上的伤，是你教训的？”', '--json']' timed out after 120 seconds
   ⚠️ Translation failed or still Chinese, skipped

📖 [735/1372] 九恶妃每日一问_陛下驾崩了吗/ch-0015.json
   Title: 第15章 小舅子？那也砍！
  ⚠️ API error (attempt 1): Command '['openclaw', 'infer', 'model', 'run', '--model', 'qclaw/pool-deepseek-v4-pro', '--prompt', 'Translate this Chinese chapter title to English. Return ONLY the English title, no quotes, no explanation, no other text:\n\n第15章 小舅子？那也砍！', '--json']' timed out after 120 seconds
  ⚠️ API error (attempt 2): Command '['openclaw', 'infer', 'model', 'run', '--model', 'qclaw/pool-deepseek-v4-pro', '--prompt', 'Translate this Chinese chapter title to English. Return ONLY the English title, no quotes, no explanation, no other text:\n\n第15章 小舅子？那也砍！', '--json']' timed out after 120 seconds
  ⚠️ API error (attempt 1): Command '['openclaw', 'infer', 'model', 'run', '--model', 'qclaw/pool-deepseek-v4-pro', '--prompt', 'Translate the following Chinese novel chapter content to English. Return ONLY the translation, no explanation, no notes, no Chinese text:\n\n洪烈怔怔地盯着秦然。\r\n\n    虎目中充斥着匪夷所思。\r\n\n    心中那本已燃尽的热血，此刻竟又有了要涌现出来的趋势……\r\n\n    青符站在一边看戏，袖中双手却是不自觉地摩挲了起来，眼中闪过一抹异色。\r\n\n    秦然的误杀，让洪烈激动了，但唐梦辰却是彻底怒了。\r\n\n    “云江仙！！”唐梦辰咬牙。\r\n\n    秦然掏了掏耳朵，平静地看向唐梦辰。\r\n\n    “你刚叫朕什么？”\r\n\n    唐梦辰目光阴沉的盯着秦然，想到秦然当前的处境以及过往的窝囊相，他丝毫没将其放在眼中。\r\n\n    “许典是本公子的人，本公子说了，不要杀他，你刚刚没听清楚？”\r\n\n    秦然被逗笑了，“你的人？莫非…你才是大夏神朝真正的皇帝？”\r\n\n    唐梦辰浑身一僵。\r\n\n    但很快反应过来，嘴上依旧不留情。\r\n\n    “云江仙，本公子是代姐姐来取东西的，你杀了许典，就是不给姐姐面子，你等着向姐姐解释吧！”\r\n\n    秦然甩了甩手上血，缓缓抬起头，眼眸中没有了往日的讨好之色。\r\n\n    他声调不高，却格外清晰。\r\n\n    “朕是皇帝，你要向谁解释？”\r\n\n    唐梦辰冷笑不止，“好一个皇帝！皇帝又如何，你还不明白自己当下的处境吗？”\r\n\n    “哦？什么处境？不妨说来听听。”\r\n\n    “哼，今日你若不给个交代，你就一辈子别想再碰我姐姐了。”\r\n\n    “好，一言为定。”秦然痛快道。\r\n\n    唐梦辰傻了。\r\n\n    自己听错了吗？\r\n\n    “云江仙！你！你…刚说什么？”\r\n\n    秦然朝一旁的洪烈招招手，“刀疤脸，你叫什么来着？算了，不重要，过去给朕掌嘴，教教他怎么在朕面前说话！”\r\n\n    “是，陛下！”洪烈应声抱拳。\r\n\n    “你！你还敢打本公子？”唐梦辰满脸不可思议。\r\n\n    他愤怒之时，眼前人影一闪，脸上已传来剧痛。\r\n\n    洪烈毫不留情，一个个巴掌粗暴地甩在唐梦辰那张嫩脸上。\r\n\n    啪！\r\n\n    “第一掌，打你不敬帝王。”洪烈沉声喝道。\r\n\n    唐梦辰被一巴掌扇懵了。\r\n\n    啪！\r\n\n    “第二掌，打你假传梦妃旨意，私闯皇家宝库。”\r\n\n    这一掌，唐梦辰嘴角直接染血，脸也肿了起来。\r\n\n    啪！', '--json']' timed out after 120 seconds
  ⚠️ API error (attempt 2): Command '['openclaw', 'infer', 'model', 'run', '--model', 'qclaw/pool-deepseek-v4-pro', '--prompt', 'Translate the following Chinese novel chapter content to English. Return ONLY the translation, no explanation, no notes, no Chinese text:\n\n洪烈怔怔地盯着秦然。\r\n\n    虎目中充斥着匪夷所思。\r\n\n    心中那本已燃尽的热血，此刻竟又有了要涌现出来的趋势……\r\n\n    青符站在一边看戏，袖中双手却是不自觉地摩挲了起来，眼中闪过一抹异色。\r\n\n    秦然的误杀，让洪烈激动了，但唐梦辰却是彻底怒了。\r\n\n    “云江仙！！”唐梦辰咬牙。\r\n\n    秦然掏了掏耳朵，平静地看向唐梦辰。\r\n\n    “你刚叫朕什么？”\r\n\n    唐梦辰目光阴沉的盯着秦然，想到秦然当前的处境以及过往的窝囊相，他丝毫没将其放在眼中。\r\n\n    “许典是本公子的人，本公子说了，不要杀他，你刚刚没听清楚？”\r\n\n    秦然被逗笑了，“你的人？莫非…你才是大夏神朝真正的皇帝？”\r\n\n    唐梦辰浑身一僵。\r\n\n    但很快反应过来，嘴上依旧不留情。\r\n\n    “云江仙，本公子是代姐姐来取东西的，你杀了许典，就是不给姐姐面子，你等着向姐姐解释吧！”\r\n\n    秦然甩了甩手上血，缓缓抬起头，眼眸中没有了往日的讨好之色。\r\n\n    他声调不高，却格外清晰。\r\n\n    “朕是皇帝，你要向谁解释？”\r\n\n    唐梦辰冷笑不止，“好一个皇帝！皇帝又如何，你还不明白自己当下的处境吗？”\r\n\n    “哦？什么处境？不妨说来听听。”\r\n\n    “哼，今日你若不给个交代，你就一辈子别想再碰我姐姐了。”\r\n\n    “好，一言为定。”秦然痛快道。\r\n\n    唐梦辰傻了。\r\n\n    自己听错了吗？\r\n\n    “云江仙！你！你…刚说什么？”\r\n\n    秦然朝一旁的洪烈招招手，“刀疤脸，你叫什么来着？算了，不重要，过去给朕掌嘴，教教他怎么在朕面前说话！”\r\n\n    “是，陛下！”洪烈应声抱拳。\r\n\n    “你！你还敢打本公子？”唐梦辰满脸不可思议。\r\n\n    他愤怒之时，眼前人影一闪，脸上已传来剧痛。\r\n\n    洪烈毫不留情，一个个巴掌粗暴地甩在唐梦辰那张嫩脸上。\r\n\n    啪！\r\n\n    “第一掌，打你不敬帝王。”洪烈沉声喝道。\r\n\n    唐梦辰被一巴掌扇懵了。\r\n\n    啪！\r\n\n    “第二掌，打你假传梦妃旨意，私闯皇家宝库。”\r\n\n    这一掌，唐梦辰嘴角直接染血，脸也肿了起来。\r\n\n    啪！', '--json']' timed out after 120 seconds
   ⚠️ Translation failed or still Chinese, skipped

📖 [736/1372] 九恶妃每日一问_陛下驾崩了吗/ch-0016.json
   Title: 第16章 崩溃的白月光
  ⚠️ API error (attempt 1): Command '['openclaw', 'infer', 'model', 'run', '--model', 'qclaw/pool-deepseek-v4-pro', '--prompt', 'Translate this Chinese chapter title to English. Return ONLY the English title, no quotes, no explanation, no other text:\n\n第16章 崩溃的白月光', '--json']' timed out after 120 seconds
  ⚠️ API error (attempt 2): Command '['openclaw', 'infer', 'model', 'run', '--model', 'qclaw/pool-deepseek-v4-pro', '--prompt', 'Translate this Chinese chapter title to English. Return ONLY the English title, no quotes, no explanation, no other text:\n\n第16章 崩溃的白月光', '--json']' timed out after 120 seconds
  ⚠️ API error (attempt 1): Command '['openclaw', 'infer', 'model', 'run', '--model', 'qclaw/pool-deepseek-v4-pro', '--prompt', 'Translate the following Chinese novel chapter content to English. Return ONLY the translation, no explanation, no notes, no Chinese text:\n\n唐梦辰此刻骂娘的心都有了。\r\n\n    盗空宝库？？\r\n\n    大夏万年基业，宝贝数之不尽，说盗就能盗空的？\r\n\n    自己被演了。\r\n\n    光天化日之下，洪烈胸口有伤在，自己跳进黄河也洗不清了。\r\n\n    他虽然骄纵跋扈，但也只敢借着唐梦宫的名号去宝库取东西。\r\n\n    至于攻打宝库…那是大夏禁地，给他一万个胆子他也不敢啊……\r\n\n    唐梦宫的脸色差到了极点。\r\n\n    她盯着洪烈，“此事涉及重大，你最好说出实情，否则后果不是你一个侍卫能承担的。”\r\n\n    洪烈面色不变。\r\n\n    “梦妃娘娘，属下刚说的都是实情，属下身上的伤口可做不了假。”\r\n\n    唐梦宫深吸了口气，看向秦然凝声道：“云江仙，事情究竟如何，你比谁都清楚，唐梦辰断臂之事，绝不会就此罢休！”\r\n\n    说完，便准备带着唐梦辰离开。\r\n\n    秦然笑了。\r\n\n    “爱妃，这里是皇宫，朕才是当家的，你对朕抛完狠话，还想把罪人带走？”\r\n\n    “莫非…爱妃觉得自己的权力已凌驾在朕的皇权之上？还是说…北虞王府已经可以无视朕了？”\r\n\n    唐梦宫动作一停，眼底闪过不可思议。\r\n\n    “云江仙！你要拦我？”\r\n\n    “你追了本小姐二十年，今日是要将所有情意全部斩断？”\r\n\n    秦然漫不经心的摇摇头。\r\n\n    “前几天朕已经说过了，那些情意都是假的。以前朕见你有几分姿色便垂怜你，但朕渐渐发现…这些宠幸，你唐梦宫不配拥有。”\r\n\n    唐梦宫怔住了，脑海中嗡嗡作响。\r\n\n    秦然的这番当众之言，如一记尖刀剜在了她的心头，前几日那未愈的心伤，再度被狠狠撕裂。\r\n\n    “你！你说什么！”\r\n\n    “云江仙，你再说一次！！！”\r\n\n    唐梦宫声音颤抖，通红的眼眶中泛着杀意，粉拳已经捏红了。\r\n\n    秦然环抱着双臂，脸上没有一丝波澜，甚至还透着一抹不耐烦。\r\n\n    “唐梦宫，收起你高高在上的姿态，朕的爱有限，以后没你份儿了。”\r\n\n    “朕腻了…”\r\n\n    轰隆隆。\r\n\n    这三个字成为了压倒唐梦宫的最后一根稻草。\r\n\n    这番从小到大没听过的陌生言语，让她整个人彻底失神。\r\n\n    心中的骄傲，这一刻轰然破裂……', '--json']' timed out after 120 seconds
  ⚠️ API error (attempt 2): Command '['openclaw', 'infer', 'model', 'run', '--model', 'qclaw/pool-deepseek-v4-pro', '--prompt', 'Translate the following Chinese novel chapter content to English. Return ONLY the translation, no explanation, no notes, no Chinese text:\n\n唐梦辰此刻骂娘的心都有了。\r\n\n    盗空宝库？？\r\n\n    大夏万年基业，宝贝数之不尽，说盗就能盗空的？\r\n\n    自己被演了。\r\n\n    光天化日之下，洪烈胸口有伤在，自己跳进黄河也洗不清了。\r\n\n    他虽然骄纵跋扈，但也只敢借着唐梦宫的名号去宝库取东西。\r\n\n    至于攻打宝库…那是大夏禁地，给他一万个胆子他也不敢啊……\r\n\n    唐梦宫的脸色差到了极点。\r\n\n    她盯着洪烈，“此事涉及重大，你最好说出实情，否则后果不是你一个侍卫能承担的。”\r\n\n    洪烈面色不变。\r\n\n    “梦妃娘娘，属下刚说的都是实情，属下身上的伤口可做不了假。”\r\n\n    唐梦宫深吸了口气，看向秦然凝声道：“云江仙，事情究竟如何，你比谁都清楚，唐梦辰断臂之事，绝不会就此罢休！”\r\n\n    说完，便准备带着唐梦辰离开。\r\n\n    秦然笑了。\r\n\n    “爱妃，这里是皇宫，朕才是当家的，你对朕抛完狠话，还想把罪人带走？”\r\n\n    “莫非…爱妃觉得自己的权力已凌驾在朕的皇权之上？还是说…北虞王府已经可以无视朕了？”\r\n\n    唐梦宫动作一停，眼底闪过不可思议。\r\n\n    “云江仙！你要拦我？”\r\n\n    “你追了本小姐二十年，今日是要将所有情意全部斩断？”\r\n\n    秦然漫不经心的摇摇头。\r\n\n    “前几天朕已经说过了，那些情意都是假的。以前朕见你有几分姿色便垂怜你，但朕渐渐发现…这些宠幸，你唐梦宫不配拥有。”\r\n\n    唐梦宫怔住了，脑海中嗡嗡作响。\r\n\n    秦然的这番当众之言，如一记尖刀剜在了她的心头，前几日那未愈的心伤，再度被狠狠撕裂。\r\n\n    “你！你说什么！”\r\n\n    “云江仙，你再说一次！！！”\r\n\n    唐梦宫声音颤抖，通红的眼眶中泛着杀意，粉拳已经捏红了。\r\n\n    秦然环抱着双臂，脸上没有一丝波澜，甚至还透着一抹不耐烦。\r\n\n    “唐梦宫，收起你高高在上的姿态，朕的爱有限，以后没你份儿了。”\r\n\n    “朕腻了…”\r\n\n    轰隆隆。\r\n\n    这三个字成为了压倒唐梦宫的最后一根稻草。\r\n\n    这番从小到大没听过的陌生言语，让她整个人彻底失神。\r\n\n    心中的骄傲，这一刻轰然破裂……', '--json']' timed out after 120 seconds
   ⚠️ Translation failed or still Chinese, skipped

📖 [737/1372] 九恶妃每日一问_陛下驾崩了吗/ch-0017.json
   Title: 第17章 收服疯狗打手
  ⚠️ API error (attempt 1): Command '['openclaw', 'infer', 'model', 'run', '--model', 'qclaw/pool-deepseek-v4-pro', '--prompt', 'Translate this Chinese chapter title to English. Return ONLY the English title, no quotes, no explanation, no other text:\n\n第17章 收服疯狗打手', '--json']' timed out after 120 seconds
  ⚠️ API error (attempt 2): Command '['openclaw', 'infer', 'model', 'run', '--model', 'qclaw/pool-deepseek-v4-pro', '--prompt', 'Translate this Chinese chapter title to English. Return ONLY the English title, no quotes, no explanation, no other text:\n\n第17章 收服疯狗打手', '--json']' timed out after 120 seconds
  ⚠️ API error (attempt 1): Command '['openclaw', 'infer', 'model', 'run', '--model', 'qclaw/pool-deepseek-v4-pro', '--prompt', 'Translate the following Chinese novel chapter content to English. Return ONLY the translation, no explanation, no notes, no Chinese text:\n\n青符脸色陡变。\r\n\n    干瘦的脸上掠过一抹骇人戾气。\r\n\n    洪烈浑身一紧，手中长刀锵啷一声，横在了青符的脖颈之间。\r\n\n    “往后退！！！”\r\n\n    青符完全无视了洪烈的存在。\r\n\n    往日的圆滑褪去，整个人变得出奇的平静。\r\n\n    “陛下，奴才听不懂你的意思。”\r\n\n    秦然随意一笑。\r\n\n    “既然听不懂，那便算了。朕只是需要一条狗，至于是散养还是拴着，对朕来说没有区别。”\r\n\n    说完，便自顾自地往前走。\r\n\n    青符面色阴晴不定。\r\n\n    “陛下留步！！”\r\n\n    青符最终还是开口了。\r\n\n    秦然懒得回头，也懒得说话。\r\n\n    青符眼眸深邃，“陛下，你刚说的十年之期当真？”\r\n\n    “当然，云祖见证。”\r\n\n    “那奴才的血亲……”\r\n\n    “朕会用最好的条件供养他们，十年之后还你们一家团圆。”\r\n\n    青符犹豫半晌，干枯脸上忽然又露出了往日的谄笑。\r\n\n    “既然陛下许诺，那奴才便不客气了，宝库中的宝贝皆可挑选？”\r\n\n    “朕一言九鼎！”\r\n\n    “那奴才多谢陛下了！”青符嘿嘿笑着，“陛下真是好手段啊……”\r\n\n    秦然扭头，“你说什么？”\r\n\n    啪。\r\n\n    青符毫不犹豫一巴掌甩在了自己脸上。\r\n\n    “嘿嘿，奴才失言了，陛下恕罪。”\r\n\n    洪烈一脸懵地盯着二人。\r\n\n    虎眸中写满了不解之色。\r\n\n    秦然瞟了眼对方，“刚才看门看的不错，这里的东西随便挑，把身上的伤治好。”\r\n\n    “以后好好给朕看门。”\r\n\n    洪烈满脸不可思议。\r\n\n    秦然对洪烈这个名字有那么一点印象，加上他之前的表现，便隐约回忆到了此人的身份。\r\n\n    他应该是先帝身边的臣子之一，算是当今皇宫里为数不多的护帝一派。\r\n\n    这种人设不会背叛皇室，也不会背叛云家，秦然身边如今缺人用，正好将其拉拢到身边……\r\n\n    二人各自挑选去了。\r\n\n    秦然对灵石没兴趣，对武器装备也没想法，它径直来到了丹药区。\r\n\n    如今提升修为境界是重中之重，嗑药虽然有些副作用，但却是最快的方法。\r\n\n    丹药区中的丹药各式各样，解毒的，投毒的，破禁的，延年益寿的，各种效果应有尽有。\r\n\n    秦然在数量不多的金色光团中挑选到了两个。\r\n\n    【小造化丹（天阶低品）】', '--json']' timed out after 120 seconds
  ⚠️ API error (attempt 2): Command '['openclaw', 'infer', 'model', 'run', '--model', 'qclaw/pool-deepseek-v4-pro', '--prompt', 'Translate the following Chinese novel chapter content to English. Return ONLY the translation, no explanation, no notes, no Chinese text:\n\n青符脸色陡变。\r\n\n    干瘦的脸上掠过一抹骇人戾气。\r\n\n    洪烈浑身一紧，手中长刀锵啷一声，横在了青符的脖颈之间。\r\n\n    “往后退！！！”\r\n\n    青符完全无视了洪烈的存在。\r\n\n    往日的圆滑褪去，整个人变得出奇的平静。\r\n\n    “陛下，奴才听不懂你的意思。”\r\n\n    秦然随意一笑。\r\n\n    “既然听不懂，那便算了。朕只是需要一条狗，至于是散养还是拴着，对朕来说没有区别。”\r\n\n    说完，便自顾自地往前走。\r\n\n    青符面色阴晴不定。\r\n\n    “陛下留步！！”\r\n\n    青符最终还是开口了。\r\n\n    秦然懒得回头，也懒得说话。\r\n\n    青符眼眸深邃，“陛下，你刚说的十年之期当真？”\r\n\n    “当然，云祖见证。”\r\n\n    “那奴才的血亲……”\r\n\n    “朕会用最好的条件供养他们，十年之后还你们一家团圆。”\r\n\n    青符犹豫半晌，干枯脸上忽然又露出了往日的谄笑。\r\n\n    “既然陛下许诺，那奴才便不客气了，宝库中的宝贝皆可挑选？”\r\n\n    “朕一言九鼎！”\r\n\n    “那奴才多谢陛下了！”青符嘿嘿笑着，“陛下真是好手段啊……”\r\n\n    秦然扭头，“你说什么？”\r\n\n    啪。\r\n\n    青符毫不犹豫一巴掌甩在了自己脸上。\r\n\n    “嘿嘿，奴才失言了，陛下恕罪。”\r\n\n    洪烈一脸懵地盯着二人。\r\n\n    虎眸中写满了不解之色。\r\n\n    秦然瞟了眼对方，“刚才看门看的不错，这里的东西随便挑，把身上的伤治好。”\r\n\n    “以后好好给朕看门。”\r\n\n    洪烈满脸不可思议。\r\n\n    秦然对洪烈这个名字有那么一点印象，加上他之前的表现，便隐约回忆到了此人的身份。\r\n\n    他应该是先帝身边的臣子之一，算是当今皇宫里为数不多的护帝一派。\r\n\n    这种人设不会背叛皇室，也不会背叛云家，秦然身边如今缺人用，正好将其拉拢到身边……\r\n\n    二人各自挑选去了。\r\n\n    秦然对灵石没兴趣，对武器装备也没想法，它径直来到了丹药区。\r\n\n    如今提升修为境界是重中之重，嗑药虽然有些副作用，但却是最快的方法。\r\n\n    丹药区中的丹药各式各样，解毒的，投毒的，破禁的，延年益寿的，各种效果应有尽有。\r\n\n    秦然在数量不多的金色光团中挑选到了两个。\r\n\n    【小造化丹（天阶低品）】', '--json']' timed out after 120 seconds
   ⚠️ Translation failed or still Chinese, skipped

📖 [738/1372] 九恶妃每日一问_陛下驾崩了吗/ch-0018.json
   Title: 第18章 果真是扶不起的纨绔
  ⚠️ API error (attempt 1): Command '['openclaw', 'infer', 'model', 'run', '--model', 'qclaw/pool-deepseek-v4-pro', '--prompt', 'Translate this Chinese chapter title to English. Return ONLY the English title, no quotes, no explanation, no other text:\n\n第18章 果真是扶不起的纨绔', '--json']' timed out after 120 seconds
  ⚠️ API error (attempt 2): Command '['openclaw', 'infer', 'model', 'run', '--model', 'qclaw/pool-deepseek-v4-pro', '--prompt', 'Translate this Chinese chapter title to English. Return ONLY the English title, no quotes, no explanation, no other text:\n\n第18章 果真是扶不起的纨绔', '--json']' timed out after 120 seconds
  ⚠️ API error (attempt 1): Command '['openclaw', 'infer', 'model', 'run', '--model', 'qclaw/pool-deepseek-v4-pro', '--prompt', 'Translate the following Chinese novel chapter content to English. Return ONLY the translation, no explanation, no notes, no Chinese text:\n\n“陛下今日在宝库门前，对梦妃妹妹说的那番话，可真够绝情的呢～”\r\n\n    “臣妾听着都替梦妃妹妹心疼。”\r\n\n    秦然懒洋洋地靠在夜弦月身上，舒服地闭着双眸。\r\n\n    “梦妃想把朕当个呼之即来的傀儡，朕平日心情好时，陪她玩玩倒也无妨，但现在，朕没心情了。”\r\n\n    “怎么？爱妃觉得朕做的不对？”\r\n\n    夜弦月柔声一笑，俯身凑到他耳畔，呵气如兰。\r\n\n    “臣妾哪敢～只是有些好奇，若过些日子梦妃妹妹放下姿态前来求情，陛下您会心软吗？”\r\n\n    秦然不屑一笑，眼中尽是嘲讽。\r\n\n    “朕的深情又不是路边野狗，扔块肉就去摇尾巴，有些深情，错过了便就没了……”\r\n\n    说着，秦然抬手捏了捏夜弦月的柔嫩脸颊，颇有些责怪。\r\n\n    “爱妃别提她了，扫兴。”\r\n\n    夜弦月顺势握住了秦然的手，媚眼中带着几分幽怨之色。\r\n\n    “好好好，陛下不喜欢，臣妾不提便是了。”\r\n\n    “那陛下接下来准备将宠幸赠于哪位妹妹呢，香香妹妹？还是大夏第一美的观观妹妹？”\r\n\n    “若陛下有了决断，一定提早告诉臣妾，臣妾也好备上礼物提前当做贺礼～～”\r\n\n    这番话说的酸溜溜的。\r\n\n    秦然心中暗笑，随手将一个精致盒子丢在了夜弦月怀里。\r\n\n    “爱妃说的极是，确实得备上些贺礼，免得日后被其他爱妃穿小鞋。”\r\n\n    “爱妃看看，这盒中之物能否当做贺礼？”\r\n\n    夜弦月疑惑地将盒子打开。\r\n\n    顿时，一股直入灵魂的暖意弥漫开来，寝宫中的寒气都被驱散了几分。\r\n\n    “这是……”\r\n\n    夜弦月目不转睛地盯着盒中玉佩，娇躯轻颤，紫眸中荡漾出无限柔和。\r\n\n    秦然轻浮一笑，“这是凰魂暖玉，自带一丝火凰真魂，可驱散世间冰寒。”\r\n\n    “爱妃觉得，这块玉当做贺礼如何？”\r\n\n    夜弦月将玉佩紧紧握在手中，不满地白了秦然一眼。\r\n\n    “这块玉是臣妾的～”\r\n\n    “哦。”\r\n\n    秦然玩味一笑。\r\n\n    夜弦月把玩着玉佩，周围弥漫着一股暖意，冰凉的脸蛋都红润了几分。\r\n\n    她将玉佩轻轻贴在胸口，沉默片刻后，妖异紫眸中多了一抹罕见的认真。\r\n\n    “陛下，您有没有想过潜心修炼，重现帝族云家荣光？”\r\n\n    秦然闻声心里一震。\r\n\n    这几天的努力果然没白费，夜弦月的提示已经表现出其态度的转变。', '--json']' timed out after 120 seconds
  ⚠️ API error (attempt 2): Command '['openclaw', 'infer', 'model', 'run', '--model', 'qclaw/pool-deepseek-v4-pro', '--prompt', 'Translate the following Chinese novel chapter content to English. Return ONLY the translation, no explanation, no notes, no Chinese text:\n\n“陛下今日在宝库门前，对梦妃妹妹说的那番话，可真够绝情的呢～”\r\n\n    “臣妾听着都替梦妃妹妹心疼。”\r\n\n    秦然懒洋洋地靠在夜弦月身上，舒服地闭着双眸。\r\n\n    “梦妃想把朕当个呼之即来的傀儡，朕平日心情好时，陪她玩玩倒也无妨，但现在，朕没心情了。”\r\n\n    “怎么？爱妃觉得朕做的不对？”\r\n\n    夜弦月柔声一笑，俯身凑到他耳畔，呵气如兰。\r\n\n    “臣妾哪敢～只是有些好奇，若过些日子梦妃妹妹放下姿态前来求情，陛下您会心软吗？”\r\n\n    秦然不屑一笑，眼中尽是嘲讽。\r\n\n    “朕的深情又不是路边野狗，扔块肉就去摇尾巴，有些深情，错过了便就没了……”\r\n\n    说着，秦然抬手捏了捏夜弦月的柔嫩脸颊，颇有些责怪。\r\n\n    “爱妃别提她了，扫兴。”\r\n\n    夜弦月顺势握住了秦然的手，媚眼中带着几分幽怨之色。\r\n\n    “好好好，陛下不喜欢，臣妾不提便是了。”\r\n\n    “那陛下接下来准备将宠幸赠于哪位妹妹呢，香香妹妹？还是大夏第一美的观观妹妹？”\r\n\n    “若陛下有了决断，一定提早告诉臣妾，臣妾也好备上礼物提前当做贺礼～～”\r\n\n    这番话说的酸溜溜的。\r\n\n    秦然心中暗笑，随手将一个精致盒子丢在了夜弦月怀里。\r\n\n    “爱妃说的极是，确实得备上些贺礼，免得日后被其他爱妃穿小鞋。”\r\n\n    “爱妃看看，这盒中之物能否当做贺礼？”\r\n\n    夜弦月疑惑地将盒子打开。\r\n\n    顿时，一股直入灵魂的暖意弥漫开来，寝宫中的寒气都被驱散了几分。\r\n\n    “这是……”\r\n\n    夜弦月目不转睛地盯着盒中玉佩，娇躯轻颤，紫眸中荡漾出无限柔和。\r\n\n    秦然轻浮一笑，“这是凰魂暖玉，自带一丝火凰真魂，可驱散世间冰寒。”\r\n\n    “爱妃觉得，这块玉当做贺礼如何？”\r\n\n    夜弦月将玉佩紧紧握在手中，不满地白了秦然一眼。\r\n\n    “这块玉是臣妾的～”\r\n\n    “哦。”\r\n\n    秦然玩味一笑。\r\n\n    夜弦月把玩着玉佩，周围弥漫着一股暖意，冰凉的脸蛋都红润了几分。\r\n\n    她将玉佩轻轻贴在胸口，沉默片刻后，妖异紫眸中多了一抹罕见的认真。\r\n\n    “陛下，您有没有想过潜心修炼，重现帝族云家荣光？”\r\n\n    秦然闻声心里一震。\r\n\n    这几天的努力果然没白费，夜弦月的提示已经表现出其态度的转变。', '--json']' timed out after 120 seconds
   ⚠️ Translation failed or still Chinese, skipped

📖 [739/1372] 九恶妃每日一问_陛下驾崩了吗/ch-0019.json
   Title: 第19章 唐梦宫的做事风格
  ⚠️ API error (attempt 1): Command '['openclaw', 'infer', 'model', 'run', '--model', 'qclaw/pool-deepseek-v4-pro', '--prompt', 'Translate this Chinese chapter title to English. Return ONLY the English title, no quotes, no explanation, no other text:\n\n第19章 唐梦宫的做事风格', '--json']' timed out after 120 seconds
  ⚠️ API error (attempt 2): Command '['openclaw', 'infer', 'model', 'run', '--model', 'qclaw/pool-deepseek-v4-pro', '--prompt', 'Translate this Chinese chapter title to English. Return ONLY the English title, no quotes, no explanation, no other text:\n\n第19章 唐梦宫的做事风格', '--json']' timed out after 120 seconds
  ⚠️ API error (attempt 1): Command '['openclaw', 'infer', 'model', 'run', '--model', 'qclaw/pool-deepseek-v4-pro', '--prompt', 'Translate the following Chinese novel chapter content to English. Return ONLY the translation, no explanation, no notes, no Chinese text:\n\n林安前面那位小太监将手中盘子轻轻摆放到唐梦宫面前。\r\n\n    盘中菜点精美异常，散发着氤氲灵气，香气格外的浓郁。\r\n\n    这是一道大菜—龙肝烩凤髓！\r\n\n    小太监正欲躬身退去，眼神忽然变得恍惚起来。\r\n\n    口中不自觉地低语。\r\n\n    “龙肝与凤髓都是顶尖食材，彼此可完美搭配，制作出最最顶级菜式。”\r\n\n    “但，若将二者其一与普通蔬菜相搭，则食性相冲，很难端上餐桌。”\r\n\n    唐梦宫握筷子的手指一顿，抬起眼皮，目光冰冷地瞥了眼小太监。\r\n\n    一旁的剑侍见状，顿时将剑尖抵在了说话的小太监咽喉。\r\n\n    “放肆！敢在梦妃面前胡言乱语！”\r\n\n    “我斩了你！”\r\n\n    小太监仿佛没有察觉，脸上没有一丁点的表情。\r\n\n    “退下。”唐梦宫轻喝一声。\r\n\n    剑侍闻声，赶忙收剑退去。\r\n\n    唐梦宫凝视着小太监，“你刚说的话是何意？”\r\n\n    小太监神色麻木，宛如木偶般应答。\r\n\n    “食材有等级之分，人类亦然！”\r\n\n    “梦妃娘娘乃天之骄女，相伴之人理应是纵横世天地的大人物，些许污泥只会阻碍人您的脚步，不值得您驻足留恋叹息。”\r\n\n    唐梦宫的眼神变了。\r\n\n    眉眼间不再是纯粹的冰冷，而是多了一抹极其隐晦的震动与思索。\r\n\n    “你是何人！”她审视着小太监道。\r\n\n    “请娘娘清退左右。”\r\n\n    “所有人退下。”\r\n\n    “是，主人。”\r\n\n    院中人群很快散去，只剩下了唐梦宫与小太监二人。\r\n\n    小太监自顾自地坐在了旁边椅子上，手指蘸了点酒水，在石桌上龙飞凤舞地书写了起来。\r\n\n    唐梦宫面露疑色，盯着小太监的动作。\r\n\n    当看清桌上文字之时，她神色一震，身上剑气险些失控。\r\n\n    “这是…本小姐剑术瓶颈的突破方式？”\r\n\n    小太监僵硬一笑。\r\n\n    “娘娘好眼力！这是给您的诚意！”\r\n\n    唐梦宫死盯着小太监的眼睛。\r\n\n    “你到底是何人？来此处又有何目的！！”\r\n\n    “娘娘，我是何人不重要，重要的是，不想看到娘娘因一个废人而陷入自我怀疑。”\r\n\n    唐梦宫冷着眼，“你一个太监，敢称呼大夏帝王为废人？”\r\n\n    “娘娘息怒，你我并非敌对！我知道娘娘嫁给云江仙是为了大夏龙运，如今您失了宠，不如你我合作一番如何？”\r\n\n    “放肆！！”唐梦宫骤然爆发，“大夏龙运岂是你一个阉人能觊觎的！”', '--json']' timed out after 120 seconds
  ⚠️ API error (attempt 2): Command '['openclaw', 'infer', 'model', 'run', '--model', 'qclaw/pool-deepseek-v4-pro', '--prompt', 'Translate the following Chinese novel chapter content to English. Return ONLY the translation, no explanation, no notes, no Chinese text:\n\n林安前面那位小太监将手中盘子轻轻摆放到唐梦宫面前。\r\n\n    盘中菜点精美异常，散发着氤氲灵气，香气格外的浓郁。\r\n\n    这是一道大菜—龙肝烩凤髓！\r\n\n    小太监正欲躬身退去，眼神忽然变得恍惚起来。\r\n\n    口中不自觉地低语。\r\n\n    “龙肝与凤髓都是顶尖食材，彼此可完美搭配，制作出最最顶级菜式。”\r\n\n    “但，若将二者其一与普通蔬菜相搭，则食性相冲，很难端上餐桌。”\r\n\n    唐梦宫握筷子的手指一顿，抬起眼皮，目光冰冷地瞥了眼小太监。\r\n\n    一旁的剑侍见状，顿时将剑尖抵在了说话的小太监咽喉。\r\n\n    “放肆！敢在梦妃面前胡言乱语！”\r\n\n    “我斩了你！”\r\n\n    小太监仿佛没有察觉，脸上没有一丁点的表情。\r\n\n    “退下。”唐梦宫轻喝一声。\r\n\n    剑侍闻声，赶忙收剑退去。\r\n\n    唐梦宫凝视着小太监，“你刚说的话是何意？”\r\n\n    小太监神色麻木，宛如木偶般应答。\r\n\n    “食材有等级之分，人类亦然！”\r\n\n    “梦妃娘娘乃天之骄女，相伴之人理应是纵横世天地的大人物，些许污泥只会阻碍人您的脚步，不值得您驻足留恋叹息。”\r\n\n    唐梦宫的眼神变了。\r\n\n    眉眼间不再是纯粹的冰冷，而是多了一抹极其隐晦的震动与思索。\r\n\n    “你是何人！”她审视着小太监道。\r\n\n    “请娘娘清退左右。”\r\n\n    “所有人退下。”\r\n\n    “是，主人。”\r\n\n    院中人群很快散去，只剩下了唐梦宫与小太监二人。\r\n\n    小太监自顾自地坐在了旁边椅子上，手指蘸了点酒水，在石桌上龙飞凤舞地书写了起来。\r\n\n    唐梦宫面露疑色，盯着小太监的动作。\r\n\n    当看清桌上文字之时，她神色一震，身上剑气险些失控。\r\n\n    “这是…本小姐剑术瓶颈的突破方式？”\r\n\n    小太监僵硬一笑。\r\n\n    “娘娘好眼力！这是给您的诚意！”\r\n\n    唐梦宫死盯着小太监的眼睛。\r\n\n    “你到底是何人？来此处又有何目的！！”\r\n\n    “娘娘，我是何人不重要，重要的是，不想看到娘娘因一个废人而陷入自我怀疑。”\r\n\n    唐梦宫冷着眼，“你一个太监，敢称呼大夏帝王为废人？”\r\n\n    “娘娘息怒，你我并非敌对！我知道娘娘嫁给云江仙是为了大夏龙运，如今您失了宠，不如你我合作一番如何？”\r\n\n    “放肆！！”唐梦宫骤然爆发，“大夏龙运岂是你一个阉人能觊觎的！”', '--json']' timed out after 120 seconds
   ⚠️ Translation failed or still Chinese, skipped

📖 [740/1372] 九恶妃每日一问_陛下驾崩了吗/ch-0020.json
   Title: 第20章 S级生存难度
  ⚠️ API error (attempt 1): Command '['openclaw', 'infer', 'model', 'run', '--model', 'qclaw/pool-deepseek-v4-pro', '--prompt', 'Translate this Chinese chapter title to English. Return ONLY the English title, no quotes, no explanation, no other text:\n\n第20章 S级生存难度', '--json']' timed out after 120 seconds
  ⚠️ API error (attempt 2): Command '['openclaw', 'infer', 'model', 'run', '--model', 'qclaw/pool-deepseek-v4-pro', '--prompt', 'Translate this Chinese chapter title to English. Return ONLY the English title, no quotes, no explanation, no other text:\n\n第20章 S级生存难度', '--json']' timed out after 120 seconds
  ⚠️ API error (attempt 1): Command '['openclaw', 'infer', 'model', 'run', '--model', 'qclaw/pool-deepseek-v4-pro', '--prompt', 'Translate the following Chinese novel chapter content to English. Return ONLY the translation, no explanation, no notes, no Chinese text:\n\n法相境巅峰境界，已经是同龄人中第二梯队天才的层次。\r\n\n    超一线梯队，无疑是唐梦宫这种举世罕见的天之骄女。\r\n\n    一线梯队，各大顶级势力的传承圣子级别天才。\r\n\n    二线梯队，则是一般大势力中的第一、第二真传弟子层次。\r\n\n    此等天才，也已是凤毛麟角的存在。\r\n\n    当然，大多达到这一步的天才，都是通过勤勤恳恳修炼而来，极少会使用丹药大幅度提升境界。\r\n\n    一方面是提升境界的丹药价格太贵，另一方面则是担心副作用问题。\r\n\n    以大夏神朝的底蕴，秦然能用到的天阶丹药也不过这两枚，足以显现这类丹药的惊人价值。\r\n\n    至于副作用，那就更不用说了。\r\n\n    级别越低的丹药，副作用越重，长期服药强行提升境界，只会将丹药中的垃圾残存在体内。\r\n\n    长此以往，未来上限会被大大限制！\r\n\n    “副作用的问题，都是天才们该考虑的，我现在可没有稳扎稳打提升境界的时间，况且这三枚丹药的级别足够高，副作用并不大……”\r\n\n    这番提升境界依旧是在隐藏着进行，无人察觉。\r\n\n    如今，青符虽然有了归顺的意向，但没真正控制住他的家人，秦然也不敢拿自己的命去赌。\r\n\n    一些秘密还是自己知道为好。\r\n\n    时间一分一秒的过去。\r\n\n    很快，凌晨到来。\r\n\n    【叮咚！】\r\n\n    【今日生存挑战结束！】\r\n\n    【完成度评估中……】\r\n\n    【您顺利通过徐若晗的问心局，并获得对方高额好感度！】\r\n\n    【最终评估，任务完成度150%。】\r\n\n    【奖励已发放。】\r\n\n    其实，昨天凌晨系统刚发布任务的时候，他就很疑惑。\r\n\n    他搞不懂与徐若晗的相处，为什么系统会评分为A级。\r\n\n    明明徐若晗是九个妃子当中最安全的那一个。\r\n\n    但今日接触后，秦然知晓了原因。\r\n\n    徐若晗没对他的身体造成伤害，但深情和真心却给他的心灵带来了巨大冲击。\r\n\n    在那一刻，他对这些纸片人有了不一样的想法。\r\n\n    系统说这是问心局，倒也不算有问题。\r\n\n    通过今日与徐若晗的交流，他对这些纸片人的态度，对这个世界的态度，的确有了不小的改观……\r\n\n    秦然正思索着今日会是什么奖励之时，忽然间，外面天空中响起一道悦耳的鼓瑟琴音。\r\n\n    大夏皇宫上方的漆黑夜空，诡异的亮了起来。\r\n\n    越来越亮，宛若白昼……', '--json']' timed out after 120 seconds
  ⚠️ API error (attempt 2): Command '['openclaw', 'infer', 'model', 'run', '--model', 'qclaw/pool-deepseek-v4-pro', '--prompt', 'Translate the following Chinese novel chapter content to English. Return ONLY the translation, no explanation, no notes, no Chinese text:\n\n法相境巅峰境界，已经是同龄人中第二梯队天才的层次。\r\n\n    超一线梯队，无疑是唐梦宫这种举世罕见的天之骄女。\r\n\n    一线梯队，各大顶级势力的传承圣子级别天才。\r\n\n    二线梯队，则是一般大势力中的第一、第二真传弟子层次。\r\n\n    此等天才，也已是凤毛麟角的存在。\r\n\n    当然，大多达到这一步的天才，都是通过勤勤恳恳修炼而来，极少会使用丹药大幅度提升境界。\r\n\n    一方面是提升境界的丹药价格太贵，另一方面则是担心副作用问题。\r\n\n    以大夏神朝的底蕴，秦然能用到的天阶丹药也不过这两枚，足以显现这类丹药的惊人价值。\r\n\n    至于副作用，那就更不用说了。\r\n\n    级别越低的丹药，副作用越重，长期服药强行提升境界，只会将丹药中的垃圾残存在体内。\r\n\n    长此以往，未来上限会被大大限制！\r\n\n    “副作用的问题，都是天才们该考虑的，我现在可没有稳扎稳打提升境界的时间，况且这三枚丹药的级别足够高，副作用并不大……”\r\n\n    这番提升境界依旧是在隐藏着进行，无人察觉。\r\n\n    如今，青符虽然有了归顺的意向，但没真正控制住他的家人，秦然也不敢拿自己的命去赌。\r\n\n    一些秘密还是自己知道为好。\r\n\n    时间一分一秒的过去。\r\n\n    很快，凌晨到来。\r\n\n    【叮咚！】\r\n\n    【今日生存挑战结束！】\r\n\n    【完成度评估中……】\r\n\n    【您顺利通过徐若晗的问心局，并获得对方高额好感度！】\r\n\n    【最终评估，任务完成度150%。】\r\n\n    【奖励已发放。】\r\n\n    其实，昨天凌晨系统刚发布任务的时候，他就很疑惑。\r\n\n    他搞不懂与徐若晗的相处，为什么系统会评分为A级。\r\n\n    明明徐若晗是九个妃子当中最安全的那一个。\r\n\n    但今日接触后，秦然知晓了原因。\r\n\n    徐若晗没对他的身体造成伤害，但深情和真心却给他的心灵带来了巨大冲击。\r\n\n    在那一刻，他对这些纸片人有了不一样的想法。\r\n\n    系统说这是问心局，倒也不算有问题。\r\n\n    通过今日与徐若晗的交流，他对这些纸片人的态度，对这个世界的态度，的确有了不小的改观……\r\n\n    秦然正思索着今日会是什么奖励之时，忽然间，外面天空中响起一道悦耳的鼓瑟琴音。\r\n\n    大夏皇宫上方的漆黑夜空，诡异的亮了起来。\r\n\n    越来越亮，宛若白昼……', '--json']' timed out after 120 seconds
   ⚠️ Translation failed or still Chinese, skipped

📖 [741/1372] 九恶妃每日一问_陛下驾崩了吗/ch-0021.json
   Title: 第21章 宫里有假太监？
  ⚠️ API error (attempt 1): Command '['openclaw', 'infer', 'model', 'run', '--model', 'qclaw/pool-deepseek-v4-pro', '--prompt', 'Translate this Chinese chapter title to English. Return ONLY the English title, no quotes, no explanation, no other text:\n\n第21章 宫里有假太监？', '--json']' timed out after 120 seconds
  ⚠️ API error (attempt 2): Command '['openclaw', 'infer', 'model', 'run', '--model', 'qclaw/pool-deepseek-v4-pro', '--prompt', 'Translate this Chinese chapter title to English. Return ONLY the English title, no quotes, no explanation, no other text:\n\n第21章 宫里有假太监？', '--json']' timed out after 120 seconds
  ⚠️ API error (attempt 1): Command '['openclaw', 'infer', 'model', 'run', '--model', 'qclaw/pool-deepseek-v4-pro', '--prompt', 'Translate the following Chinese novel chapter content to English. Return ONLY the translation, no explanation, no notes, no Chinese text:\n\n“明白了。”\r\n\n    秦然的额头上，不知不觉间冒出了冷汗。\r\n\n    “居然把这个要命的剧情给忘了！”\r\n\n    “原著中，林安才是主角！”\r\n\n    之前仗着知晓剧情的优势，他抢走了原本应属于林安的功劳。\r\n\n    当时只顾着算计夜弦月，浑然没将林安这个主角放在眼中。\r\n\n    此时想来，秦然也是惊出了一身冷汗。\r\n\n    这S级生存难度，极有可能是自己冒领功劳的事件暴露，彻底激怒了夜弦月导致。\r\n\n    夜弦月平日里妩媚诱人，但其真正身份却是魔宗之主，能在人吃人的魔宗活下来，这女人又岂会是易与之辈？\r\n\n    当初救她之事，是她心中底线，更是她的执念。\r\n\n    即便龙运与其相比都不值一提。\r\n\n    夜弦月为了此事暴起杀人，也不是没有可能的……\r\n\n    “此事该如何处理呢……”秦然努力想着办法。\r\n\n    “青符，你过来！”\r\n\n    “怎么了，陛下。”\r\n\n    “等天亮了，你安排两个心腹小太监，给朕演场戏。”\r\n\n    “是。”\r\n\n    这一夜格外的漫长。\r\n\n    秦然把自己进阶领域境的事情完全抛之脑后，脑子里想的全是怎么面对今天的危机。\r\n\n    林安身上有诸多保命符在，暂时不能直接杀，若是打草惊蛇，让其灵魂附身在其他人身上，那后果将更严重。\r\n\n    最好的办法便是消耗。\r\n\n    在无形中消耗他的心力，消耗他身上的一重重保命符……\r\n\n    天亮了，秦然调整状态，又恢复到了往日的废物模样。\r\n\n    “青符，前面带路，朕要去晗妃那儿用早膳。”\r\n\n    “是，陛下。”\r\n\n    一行近百个侍卫太监，浩浩荡荡地直奔晗妃小院而去。\r\n\n    小院的门打开。\r\n\n    熟悉的玫瑰香气扑面而来。\r\n\n    秦然看见了花丛中正忙碌修剪叶子的柔弱女人。\r\n\n    徐若晗依旧是素雅装扮，普通的淡鹅色衣裙，松散的长发，由一只香槟色玫瑰束着。\r\n\n    阳光披散在其肩头，添上了一份柔和与静谧感……\r\n\n    见此一幕，秦然莫名放松。\r\n\n    仿佛有神秘力量将其心中褶皱抚平，担忧了一整夜的心绪，此刻竟也有了些许的缓解。\r\n\n    青符想要高声呼喊陛下驾到，但被秦然一个眼神制止住了。\r\n\n    秦然悄声朝女人走近。\r\n\n    学着她的动作，找到一片她刚要去摘的枯叶，先一步摘了下来。\r\n\n    徐若晗的手上落了个空，微微一怔，诧异的回过头来。\r\n\n    四目相对。\r\n\n    她那沾染着薄雾的睫毛颤了颤，琥珀色眸子在看清秦然的一瞬间，荡起了一圈惊喜的涟漪。\r\n\n    “江仙哥哥！”她的声音软的发甜，“你偷我的叶子！”\r\n\n    秦然温柔一笑，踏前一步，贴到了徐若晗的眼前。\r\n\n    “你偷走了我的心。”', '--json']' timed out after 120 seconds
  ⚠️ API error (attempt 2): Command '['openclaw', 'infer', 'model', 'run', '--model', 'qclaw/pool-deepseek-v4-pro', '--prompt', 'Translate the following Chinese novel chapter content to English. Return ONLY the translation, no explanation, no notes, no Chinese text:\n\n“明白了。”\r\n\n    秦然的额头上，不知不觉间冒出了冷汗。\r\n\n    “居然把这个要命的剧情给忘了！”\r\n\n    “原著中，林安才是主角！”\r\n\n    之前仗着知晓剧情的优势，他抢走了原本应属于林安的功劳。\r\n\n    当时只顾着算计夜弦月，浑然没将林安这个主角放在眼中。\r\n\n    此时想来，秦然也是惊出了一身冷汗。\r\n\n    这S级生存难度，极有可能是自己冒领功劳的事件暴露，彻底激怒了夜弦月导致。\r\n\n    夜弦月平日里妩媚诱人，但其真正身份却是魔宗之主，能在人吃人的魔宗活下来，这女人又岂会是易与之辈？\r\n\n    当初救她之事，是她心中底线，更是她的执念。\r\n\n    即便龙运与其相比都不值一提。\r\n\n    夜弦月为了此事暴起杀人，也不是没有可能的……\r\n\n    “此事该如何处理呢……”秦然努力想着办法。\r\n\n    “青符，你过来！”\r\n\n    “怎么了，陛下。”\r\n\n    “等天亮了，你安排两个心腹小太监，给朕演场戏。”\r\n\n    “是。”\r\n\n    这一夜格外的漫长。\r\n\n    秦然把自己进阶领域境的事情完全抛之脑后，脑子里想的全是怎么面对今天的危机。\r\n\n    林安身上有诸多保命符在，暂时不能直接杀，若是打草惊蛇，让其灵魂附身在其他人身上，那后果将更严重。\r\n\n    最好的办法便是消耗。\r\n\n    在无形中消耗他的心力，消耗他身上的一重重保命符……\r\n\n    天亮了，秦然调整状态，又恢复到了往日的废物模样。\r\n\n    “青符，前面带路，朕要去晗妃那儿用早膳。”\r\n\n    “是，陛下。”\r\n\n    一行近百个侍卫太监，浩浩荡荡地直奔晗妃小院而去。\r\n\n    小院的门打开。\r\n\n    熟悉的玫瑰香气扑面而来。\r\n\n    秦然看见了花丛中正忙碌修剪叶子的柔弱女人。\r\n\n    徐若晗依旧是素雅装扮，普通的淡鹅色衣裙，松散的长发，由一只香槟色玫瑰束着。\r\n\n    阳光披散在其肩头，添上了一份柔和与静谧感……\r\n\n    见此一幕，秦然莫名放松。\r\n\n    仿佛有神秘力量将其心中褶皱抚平，担忧了一整夜的心绪，此刻竟也有了些许的缓解。\r\n\n    青符想要高声呼喊陛下驾到，但被秦然一个眼神制止住了。\r\n\n    秦然悄声朝女人走近。\r\n\n    学着她的动作，找到一片她刚要去摘的枯叶，先一步摘了下来。\r\n\n    徐若晗的手上落了个空，微微一怔，诧异的回过头来。\r\n\n    四目相对。\r\n\n    她那沾染着薄雾的睫毛颤了颤，琥珀色眸子在看清秦然的一瞬间，荡起了一圈惊喜的涟漪。\r\n\n    “江仙哥哥！”她的声音软的发甜，“你偷我的叶子！”\r\n\n    秦然温柔一笑，踏前一步，贴到了徐若晗的眼前。\r\n\n    “你偷走了我的心。”', '--json']' timed out after 120 seconds
   ⚠️ Translation failed or still Chinese, skipped

📖 [742/1372] 九恶妃每日一问_陛下驾崩了吗/ch-0022.json
   Title: 第22章 现代的手段，钓古代的妹
  ⚠️ API error (attempt 1): Command '['openclaw', 'infer', 'model', 'run', '--model', 'qclaw/pool-deepseek-v4-pro', '--prompt', 'Translate this Chinese chapter title to English. Return ONLY the English title, no quotes, no explanation, no other text:\n\n第22章 现代的手段，钓古代的妹', '--json']' timed out after 120 seconds
  ⚠️ API error (attempt 2): Command '['openclaw', 'infer', 'model', 'run', '--model', 'qclaw/pool-deepseek-v4-pro', '--prompt', 'Translate this Chinese chapter title to English. Return ONLY the English title, no quotes, no explanation, no other text:\n\n第22章 现代的手段，钓古代的妹', '--json']' timed out after 120 seconds
  ⚠️ API error (attempt 1): Command '['openclaw', 'infer', 'model', 'run', '--model', 'qclaw/pool-deepseek-v4-pro', '--prompt', 'Translate the following Chinese novel chapter content to English. Return ONLY the translation, no explanation, no notes, no Chinese text:\n\n帝王暴怒，晗妃小院里的气氛压抑到了极致。\r\n\n    浑身狼狈的青符，目光阴戾，将院中所有太监全部带走。\r\n\n    没过一会儿。\r\n\n    宫中的各大太监总管，齐聚在青符的府上。\r\n\n    看着青符的表情以及身上鞋印、脸上掌印，一众总管们大气都不敢喘。\r\n\n    青符站在人群前方，眼神阴森森地盯着众人。\r\n\n    “立刻回去一个个扒裤子查！”\r\n\n    “没切干净的，一律切干净，再扒皮抽筋挂起来以示警戒。”\r\n\n    “本总管替你们挨了打，一日之内，你们这些杂碎要是抓不到罪魁祸首，本总管便扒了你们的皮！”\r\n\n    “另外！自今日起，所有太监不得靠近娘娘们的寝宫，宫中事宜，都交由宫女们去处理。”\r\n\n    “是，青符总管。”\r\n\n    众太监们惊恐不止，逃也似的离开了院子，他们可是深知青符的手段。\r\n\n    院子里人走光了。\r\n\n    青符脸上的阴鸷之色散去，平静地拍了拍身上鞋印，嘴角挂着一丝趣色。\r\n\n    “不知道这陛下，又搞什么呢……”\r\n\n    一番大自查，迅速在整个宫中展开。\r\n\n    与此同时。\r\n\n    在御膳房的小院偏房里，林安大帝眼中的寒意已经快要凝为实质。\r\n\n    “怎么会有这种巧合！”\r\n\n    “到底是偶然，还是刻意针对？”\r\n\n    “本帝的秘密，绝不可能有人发觉…宫中没有人会刻意关注此事。”\r\n\n    “难不成…真是巧合？”\r\n\n    林安正分析着，院里忽然响起了御膳房总管的呵斥声。\r\n\n    “都滚出来集合！”\r\n\n    “谁是假太监自己承认，若是被本总管抓到，本总管灭你们九族！”\r\n\n    林安眼角抽搐着，拳头不自觉地握紧。\r\n\n    前世经历过重重阻难，都不能让他色变，眼下却被这种小事难住了。\r\n\n    他的实力没恢复，身上假太监的秘密根本藏不住。\r\n\n    现在想要保命，那就只剩一个办法。\r\n\n    自己立刻切！！\r\n\n    若是切了，那就真成太监了。\r\n\n    可若不切，身上的保命符将再少一重。\r\n\n    林安大帝此时呼吸都在发抖。\r\n\n    真要切吗？\r\n\n    这种事对帝境强者来说，简直是耻辱，若是被外界知晓，那他会直接羞愧死，甚至成为玄黄大陆上的笑话……\r\n\n    “等日后修为恢复一些，身体断肢可以再度生长，现在…还是先解决眼下困境再说。”\r\n\n    院子里，御膳房总管尖利的声音继续骂着。', '--json']' timed out after 120 seconds
  ⚠️ API error (attempt 2): Command '['openclaw', 'infer', 'model', 'run', '--model', 'qclaw/pool-deepseek-v4-pro', '--prompt', 'Translate the following Chinese novel chapter content to English. Return ONLY the translation, no explanation, no notes, no Chinese text:\n\n帝王暴怒，晗妃小院里的气氛压抑到了极致。\r\n\n    浑身狼狈的青符，目光阴戾，将院中所有太监全部带走。\r\n\n    没过一会儿。\r\n\n    宫中的各大太监总管，齐聚在青符的府上。\r\n\n    看着青符的表情以及身上鞋印、脸上掌印，一众总管们大气都不敢喘。\r\n\n    青符站在人群前方，眼神阴森森地盯着众人。\r\n\n    “立刻回去一个个扒裤子查！”\r\n\n    “没切干净的，一律切干净，再扒皮抽筋挂起来以示警戒。”\r\n\n    “本总管替你们挨了打，一日之内，你们这些杂碎要是抓不到罪魁祸首，本总管便扒了你们的皮！”\r\n\n    “另外！自今日起，所有太监不得靠近娘娘们的寝宫，宫中事宜，都交由宫女们去处理。”\r\n\n    “是，青符总管。”\r\n\n    众太监们惊恐不止，逃也似的离开了院子，他们可是深知青符的手段。\r\n\n    院子里人走光了。\r\n\n    青符脸上的阴鸷之色散去，平静地拍了拍身上鞋印，嘴角挂着一丝趣色。\r\n\n    “不知道这陛下，又搞什么呢……”\r\n\n    一番大自查，迅速在整个宫中展开。\r\n\n    与此同时。\r\n\n    在御膳房的小院偏房里，林安大帝眼中的寒意已经快要凝为实质。\r\n\n    “怎么会有这种巧合！”\r\n\n    “到底是偶然，还是刻意针对？”\r\n\n    “本帝的秘密，绝不可能有人发觉…宫中没有人会刻意关注此事。”\r\n\n    “难不成…真是巧合？”\r\n\n    林安正分析着，院里忽然响起了御膳房总管的呵斥声。\r\n\n    “都滚出来集合！”\r\n\n    “谁是假太监自己承认，若是被本总管抓到，本总管灭你们九族！”\r\n\n    林安眼角抽搐着，拳头不自觉地握紧。\r\n\n    前世经历过重重阻难，都不能让他色变，眼下却被这种小事难住了。\r\n\n    他的实力没恢复，身上假太监的秘密根本藏不住。\r\n\n    现在想要保命，那就只剩一个办法。\r\n\n    自己立刻切！！\r\n\n    若是切了，那就真成太监了。\r\n\n    可若不切，身上的保命符将再少一重。\r\n\n    林安大帝此时呼吸都在发抖。\r\n\n    真要切吗？\r\n\n    这种事对帝境强者来说，简直是耻辱，若是被外界知晓，那他会直接羞愧死，甚至成为玄黄大陆上的笑话……\r\n\n    “等日后修为恢复一些，身体断肢可以再度生长，现在…还是先解决眼下困境再说。”\r\n\n    院子里，御膳房总管尖利的声音继续骂着。', '--json']' timed out after 120 seconds
   ⚠️ Translation failed or still Chinese, skipped

📖 [743/1372] 九恶妃每日一问_陛下驾崩了吗/ch-0023.json
   Title: 第23章 圣焰龙雀
  ⚠️ API error (attempt 1): Command '['openclaw', 'infer', 'model', 'run', '--model', 'qclaw/pool-deepseek-v4-pro', '--prompt', 'Translate this Chinese chapter title to English. Return ONLY the English title, no quotes, no explanation, no other text:\n\n第23章 圣焰龙雀', '--json']' timed out after 120 seconds
  ⚠️ API error (attempt 2): Command '['openclaw', 'infer', 'model', 'run', '--model', 'qclaw/pool-deepseek-v4-pro', '--prompt', 'Translate this Chinese chapter title to English. Return ONLY the English title, no quotes, no explanation, no other text:\n\n第23章 圣焰龙雀', '--json']' timed out after 120 seconds
  ⚠️ API error (attempt 1): Command '['openclaw', 'infer', 'model', 'run', '--model', 'qclaw/pool-deepseek-v4-pro', '--prompt', 'Translate the following Chinese novel chapter content to English. Return ONLY the translation, no explanation, no notes, no Chinese text:\n\n前世网络上的小段子，秦然从来都不屑一顾。\r\n\n    但此刻用起来，效果却是出奇的好。\r\n\n    原著中，徐若晗的设定本就是苦恋云江仙无果的可怜妹子。\r\n\n    如今一朝得到宠幸，开心和幸福都写在了小脸上……\r\n\n    呼。\r\n\n    二人之间的温情并未持续很久。\r\n\n    一道火光忽然从天外疾驰而来，火光一闪，便落在了院落里。\r\n\n    “龙雀？”秦然挑眉。\r\n\n    来者是一个形体高挑、身材异常火爆的女人，尤其是那两条大长腿，比例夸张到逆天。\r\n\n    女人五官容貌无可挑剔，但却不似普通女人那般温婉柔和，而是充斥着一股睥睨与霸道。\r\n\n    她衣着不多，仅有关键位置贴着华丽耀眼的火甲，其火红色长发上，笼罩着一顶凤凰形态的火焰冠冕。\r\n\n    这造型，妥妥的御姐。\r\n\n    而且是那种极具攻击性的御姐！\r\n\n    “这小说世界的内容，终究是演变成了我高攀不起的样子……”\r\n\n    【姓名：龙雀】\r\n\n    【称号：焰妃】\r\n\n    【境界：二阶天尊】\r\n\n    【种族：圣焰龙雀（神魔族）】\r\n\n    【身份：帝器大夏龙雀的守护者】\r\n\n    【点评：圣焰龙雀一族乃顶尖神魔族之一，后被云族始祖收服，世代守护大夏帝器，如今是第九代守护者】\r\n\n    原著设定中，大夏唯一帝器大夏龙雀的打造材料来自圣焰龙雀一族，所以帝器命名为大夏龙雀。\r\n\n    圣焰龙雀一族曾是顶尖神魔族之一，但这一族血脉传承困难，需要上一代圣焰龙雀献祭己身，方才能诞生出下一代。\r\n\n    每一代皆由龙雀二字命名。\r\n\n    如今已经来到了第九代！\r\n\n    云族始祖降伏圣焰龙雀时曾有过约定，若将来有一日云族没落，云族子弟不是龙雀对手时，那两族契约便可解除。\r\n\n    圣焰龙雀没有了守护帝器的职责，也没有了守卫大夏的责任。\r\n\n    如今的龙雀，实力轻松碾压秦然，她已经可以摆脱圣焰龙雀族万年来的枷锁，但并未就此离去。\r\n\n    并非念及万年来的旧情。\r\n\n    而是同样想要分一杯大夏龙运的羹……\r\n\n    龙雀周身沐浴着火焰。\r\n\n    在她到来之后，整个院落里的香槟色玫瑰，肉眼可见的在枯萎。\r\n\n    她脚下的地面也被灼烧成了黑褐色。\r\n\n    徐若晗眼底闪过一抹心疼。', '--json']' timed out after 120 seconds
  ⚠️ API error (attempt 2): Command '['openclaw', 'infer', 'model', 'run', '--model', 'qclaw/pool-deepseek-v4-pro', '--prompt', 'Translate the following Chinese novel chapter content to English. Return ONLY the translation, no explanation, no notes, no Chinese text:\n\n前世网络上的小段子，秦然从来都不屑一顾。\r\n\n    但此刻用起来，效果却是出奇的好。\r\n\n    原著中，徐若晗的设定本就是苦恋云江仙无果的可怜妹子。\r\n\n    如今一朝得到宠幸，开心和幸福都写在了小脸上……\r\n\n    呼。\r\n\n    二人之间的温情并未持续很久。\r\n\n    一道火光忽然从天外疾驰而来，火光一闪，便落在了院落里。\r\n\n    “龙雀？”秦然挑眉。\r\n\n    来者是一个形体高挑、身材异常火爆的女人，尤其是那两条大长腿，比例夸张到逆天。\r\n\n    女人五官容貌无可挑剔，但却不似普通女人那般温婉柔和，而是充斥着一股睥睨与霸道。\r\n\n    她衣着不多，仅有关键位置贴着华丽耀眼的火甲，其火红色长发上，笼罩着一顶凤凰形态的火焰冠冕。\r\n\n    这造型，妥妥的御姐。\r\n\n    而且是那种极具攻击性的御姐！\r\n\n    “这小说世界的内容，终究是演变成了我高攀不起的样子……”\r\n\n    【姓名：龙雀】\r\n\n    【称号：焰妃】\r\n\n    【境界：二阶天尊】\r\n\n    【种族：圣焰龙雀（神魔族）】\r\n\n    【身份：帝器大夏龙雀的守护者】\r\n\n    【点评：圣焰龙雀一族乃顶尖神魔族之一，后被云族始祖收服，世代守护大夏帝器，如今是第九代守护者】\r\n\n    原著设定中，大夏唯一帝器大夏龙雀的打造材料来自圣焰龙雀一族，所以帝器命名为大夏龙雀。\r\n\n    圣焰龙雀一族曾是顶尖神魔族之一，但这一族血脉传承困难，需要上一代圣焰龙雀献祭己身，方才能诞生出下一代。\r\n\n    每一代皆由龙雀二字命名。\r\n\n    如今已经来到了第九代！\r\n\n    云族始祖降伏圣焰龙雀时曾有过约定，若将来有一日云族没落，云族子弟不是龙雀对手时，那两族契约便可解除。\r\n\n    圣焰龙雀没有了守护帝器的职责，也没有了守卫大夏的责任。\r\n\n    如今的龙雀，实力轻松碾压秦然，她已经可以摆脱圣焰龙雀族万年来的枷锁，但并未就此离去。\r\n\n    并非念及万年来的旧情。\r\n\n    而是同样想要分一杯大夏龙运的羹……\r\n\n    龙雀周身沐浴着火焰。\r\n\n    在她到来之后，整个院落里的香槟色玫瑰，肉眼可见的在枯萎。\r\n\n    她脚下的地面也被灼烧成了黑褐色。\r\n\n    徐若晗眼底闪过一抹心疼。', '--json']' timed out after 120 seconds
   ⚠️ Translation failed or still Chinese, skipped

📖 [744/1372] 九恶妃每日一问_陛下驾崩了吗/ch-0024.json
   Title: 第24章 心里博弈，影帝上线
  ⚠️ API error (attempt 1): Command '['openclaw', 'infer', 'model', 'run', '--model', 'qclaw/pool-deepseek-v4-pro', '--prompt', 'Translate this Chinese chapter title to English. Return ONLY the English title, no quotes, no explanation, no other text:\n\n第24章 心里博弈，影帝上线', '--json']' timed out after 120 seconds
  ⚠️ API error (attempt 2): Command '['openclaw', 'infer', 'model', 'run', '--model', 'qclaw/pool-deepseek-v4-pro', '--prompt', 'Translate this Chinese chapter title to English. Return ONLY the English title, no quotes, no explanation, no other text:\n\n第24章 心里博弈，影帝上线', '--json']' timed out after 120 seconds
  ⚠️ API error (attempt 1): Command '['openclaw', 'infer', 'model', 'run', '--model', 'qclaw/pool-deepseek-v4-pro', '--prompt', 'Translate the following Chinese novel chapter content to English. Return ONLY the translation, no explanation, no notes, no Chinese text:\n\n你配吗？\r\n\n    龙雀语气中没有丝毫客气，有的仅是赤裸裸的不屑与嘲讽。\r\n\n    秦然自然知晓这规矩，脸上表情没有丝毫变化。\r\n\n    看着前方雄伟壮观，充斥着古朴气息的青铜大门，今日，他势必要进去走一遭……\r\n\n    他转头看向龙雀，眼间忽然露出了几分慵懒之色。\r\n\n    “爱妃说的没错，云家先祖们的确留下过这个规矩，不过朕想与你打个赌…有兴趣吗？”\r\n\n    “赌什么？”龙雀睥睨道。\r\n\n    “就赌…今日你先让朕进去，三天后，朕来接受圣人一击，如何？”\r\n\n    龙雀冷着脸嗤笑出声。\r\n\n    “做什么美梦！”\r\n\n    “你是想找个由头溜进去，将宝物先拿走，三日之后，再随意找个理由搪塞本尊？”\r\n\n    “你个区区通脉境的蝼蚁，别说给你三天时间，便是三年、三十年，你也不可能扛住圣人一击！”\r\n\n    秦然笑了。\r\n\n    忽然抬手，在掌心划出了一道血口子。\r\n\n    瞬间，淡金色鲜血涌了出来。\r\n\n    他指尖沾着鲜血，对着眼前空荡的空气书写起来。\r\n\n    “子孙云江仙，以云族血脉立誓，先祖们为证！”\r\n\n    “今日子孙先入始祖殿，三日后，再来此接受圣人一击！”\r\n\n    “子孙若能侥幸抗住，不求好处！若受不住圣人一击，在日后凝聚出完整龙运之时，愿将龙运全部赠于龙雀！”\r\n\n    “若违此誓，血肉凋零，永堕轮回！”\r\n\n    嗡！！\r\n\n    空气中荡起一串涟漪，秦然刚写下的字体凝聚成型，化作两道淡淡金光，嗖嗖地分别钻入了二人额头当中……\r\n\n    龙雀不自觉地皱起了眉。\r\n\n    她不可思议地盯着秦然，沉默数秒后，眼底浮现出一抹凝重之色。\r\n\n    “倒是小觑了你。”\r\n\n    “实力虽然不行，倒是略有几分胆色。”\r\n\n    “云江仙，你的勇气可嘉，但此事于你来说难于登天，既然你愿主动献上大夏龙运，那本尊自然没有接受的道理。”\r\n\n    “不过……”\r\n\n    龙雀的语气一顿。\r\n\n    秦然玩味调侃，“怎么，舍不得朕？”\r\n\n    龙雀讥讽一笑。\r\n\n    “做什么美梦！本尊岂会舍不得你个一无是处的废物，不对，你也不能算一无是处，起码你的脸蛋长得还不错……”\r\n\n    “爱妃好眼光！”\r\n\n    秦然主动凑到龙雀身边，想要去摸她的脸蛋，后者目光陡然一冷。\r\n\n    凤眸中轰然爆发出两道恐怖圣焰！', '--json']' timed out after 120 seconds
  ⚠️ API error (attempt 2): Command '['openclaw', 'infer', 'model', 'run', '--model', 'qclaw/pool-deepseek-v4-pro', '--prompt', 'Translate the following Chinese novel chapter content to English. Return ONLY the translation, no explanation, no notes, no Chinese text:\n\n你配吗？\r\n\n    龙雀语气中没有丝毫客气，有的仅是赤裸裸的不屑与嘲讽。\r\n\n    秦然自然知晓这规矩，脸上表情没有丝毫变化。\r\n\n    看着前方雄伟壮观，充斥着古朴气息的青铜大门，今日，他势必要进去走一遭……\r\n\n    他转头看向龙雀，眼间忽然露出了几分慵懒之色。\r\n\n    “爱妃说的没错，云家先祖们的确留下过这个规矩，不过朕想与你打个赌…有兴趣吗？”\r\n\n    “赌什么？”龙雀睥睨道。\r\n\n    “就赌…今日你先让朕进去，三天后，朕来接受圣人一击，如何？”\r\n\n    龙雀冷着脸嗤笑出声。\r\n\n    “做什么美梦！”\r\n\n    “你是想找个由头溜进去，将宝物先拿走，三日之后，再随意找个理由搪塞本尊？”\r\n\n    “你个区区通脉境的蝼蚁，别说给你三天时间，便是三年、三十年，你也不可能扛住圣人一击！”\r\n\n    秦然笑了。\r\n\n    忽然抬手，在掌心划出了一道血口子。\r\n\n    瞬间，淡金色鲜血涌了出来。\r\n\n    他指尖沾着鲜血，对着眼前空荡的空气书写起来。\r\n\n    “子孙云江仙，以云族血脉立誓，先祖们为证！”\r\n\n    “今日子孙先入始祖殿，三日后，再来此接受圣人一击！”\r\n\n    “子孙若能侥幸抗住，不求好处！若受不住圣人一击，在日后凝聚出完整龙运之时，愿将龙运全部赠于龙雀！”\r\n\n    “若违此誓，血肉凋零，永堕轮回！”\r\n\n    嗡！！\r\n\n    空气中荡起一串涟漪，秦然刚写下的字体凝聚成型，化作两道淡淡金光，嗖嗖地分别钻入了二人额头当中……\r\n\n    龙雀不自觉地皱起了眉。\r\n\n    她不可思议地盯着秦然，沉默数秒后，眼底浮现出一抹凝重之色。\r\n\n    “倒是小觑了你。”\r\n\n    “实力虽然不行，倒是略有几分胆色。”\r\n\n    “云江仙，你的勇气可嘉，但此事于你来说难于登天，既然你愿主动献上大夏龙运，那本尊自然没有接受的道理。”\r\n\n    “不过……”\r\n\n    龙雀的语气一顿。\r\n\n    秦然玩味调侃，“怎么，舍不得朕？”\r\n\n    龙雀讥讽一笑。\r\n\n    “做什么美梦！本尊岂会舍不得你个一无是处的废物，不对，你也不能算一无是处，起码你的脸蛋长得还不错……”\r\n\n    “爱妃好眼光！”\r\n\n    秦然主动凑到龙雀身边，想要去摸她的脸蛋，后者目光陡然一冷。\r\n\n    凤眸中轰然爆发出两道恐怖圣焰！', '--json']' timed out after 120 seconds
   ⚠️ Translation failed or still Chinese, skipped

📖 [745/1372] 九恶妃每日一问_陛下驾崩了吗/ch-0025.json
   Title: 第25章 帝族的真正底蕴
  ⚠️ API error (attempt 1): Command '['openclaw', 'infer', 'model', 'run', '--model', 'qclaw/pool-deepseek-v4-pro', '--prompt', 'Translate this Chinese chapter title to English. Return ONLY the English title, no quotes, no explanation, no other text:\n\n第25章 帝族的真正底蕴', '--json']' timed out after 120 seconds
  ⚠️ API error (attempt 2): Command '['openclaw', 'infer', 'model', 'run', '--model', 'qclaw/pool-deepseek-v4-pro', '--prompt', 'Translate this Chinese chapter title to English. Return ONLY the English title, no quotes, no explanation, no other text:\n\n第25章 帝族的真正底蕴', '--json']' timed out after 120 seconds
  ⚠️ API error (attempt 1): Command '['openclaw', 'infer', 'model', 'run', '--model', 'qclaw/pool-deepseek-v4-pro', '--prompt', 'Translate the following Chinese novel chapter content to English. Return ONLY the translation, no explanation, no notes, no Chinese text:\n\n龙雀带着怒火消失得无影无踪。\r\n\n    偌大的青铜门前，只剩下了秦然一人。\r\n\n    他笑了笑，敛去脸上的玩世不恭之色， 掸了掸身上灰尘，从地上爬起身。\r\n\n    脑海魂宫当中。\r\n\n    一团火焰正被囚禁在魂宫中央。\r\n\n    火焰正中心，能清晰看见一尊神魔虚影盘坐，火焰散发着极度威严霸道气息。\r\n\n    魂宫四面八方，一道道强横的力量不断侵入到火焰当中。\r\n\n    强行分解、摸索、融合……\r\n\n    秦然嘴角笑容压不住了。\r\n\n    他如今还怀着凝聚大夏龙运的使命，所以一开始就笃定，龙雀不会下重手。\r\n\n    果不其然。\r\n\n    在关键时刻，龙雀收力了。\r\n\n    “按照这个分解速度，估计一会儿从始祖殿中出来，应该就差不多了……”\r\n\n    青铜大门只裂开了个一人通过的缝隙。\r\n\n    秦然不再犹豫，迅速踏足其中。\r\n\n    哗。\r\n\n    踏入青铜大门的一瞬，眼前天旋地转，等缓过神时，已进入到了一方独立小世界。\r\n\n    头顶天穹之上，有璀璨星河流转。\r\n\n    脚踏地面，云雾缭绕。\r\n\n    四面八方，一根根雕琢着云纹的盘龙玉柱，通天彻地。\r\n\n    这方世界，俨然如同一片小型星空……\r\n\n    秦然被这画面惊到了。\r\n\n    他抬手抓了把眼前空气，掌心竟染上了丝丝缕缕的淡金色。\r\n\n    空气中，灵气已经浓郁到凝聚成了颗颗金色粒子，漂浮在空气中，宛若淡金色的岁月尘埃。\r\n\n    他深吸了口气，淡金色粒子钻入鼻腔，修为竟都有了隐隐松动的趋势。\r\n\n    “好家伙，原著里我只用了底蕴深厚四个字形容云族始祖殿，我的想象力还是太匮乏了……”\r\n\n    在他前方，星空中漂浮着数以万计的玉简金册。\r\n\n    这些古籍颜色各异，包裹着绚丽光晕，汇聚在一起，宛若一片流动的天穹书海。\r\n\n    在书海的中央区域，汇聚了大量的金色光团，外面皆有虚幻的小字标注。\r\n\n    天阶低品，揽月摘云手！\r\n\n    天阶中品，云海化龙诀！\r\n\n    天阶中品，九劫云篆！\r\n\n    天阶上品，玄黄镇云劲！\r\n\n    天阶中品，云族擒龙手！\r\n\n    每个金色光团当中，都收录着一本云家专属的天阶秘籍。', '--json']' timed out after 120 seconds
  ⚠️ API error (attempt 2): Command '['openclaw', 'infer', 'model', 'run', '--model', 'qclaw/pool-deepseek-v4-pro', '--prompt', 'Translate the following Chinese novel chapter content to English. Return ONLY the translation, no explanation, no notes, no Chinese text:\n\n龙雀带着怒火消失得无影无踪。\r\n\n    偌大的青铜门前，只剩下了秦然一人。\r\n\n    他笑了笑，敛去脸上的玩世不恭之色， 掸了掸身上灰尘，从地上爬起身。\r\n\n    脑海魂宫当中。\r\n\n    一团火焰正被囚禁在魂宫中央。\r\n\n    火焰正中心，能清晰看见一尊神魔虚影盘坐，火焰散发着极度威严霸道气息。\r\n\n    魂宫四面八方，一道道强横的力量不断侵入到火焰当中。\r\n\n    强行分解、摸索、融合……\r\n\n    秦然嘴角笑容压不住了。\r\n\n    他如今还怀着凝聚大夏龙运的使命，所以一开始就笃定，龙雀不会下重手。\r\n\n    果不其然。\r\n\n    在关键时刻，龙雀收力了。\r\n\n    “按照这个分解速度，估计一会儿从始祖殿中出来，应该就差不多了……”\r\n\n    青铜大门只裂开了个一人通过的缝隙。\r\n\n    秦然不再犹豫，迅速踏足其中。\r\n\n    哗。\r\n\n    踏入青铜大门的一瞬，眼前天旋地转，等缓过神时，已进入到了一方独立小世界。\r\n\n    头顶天穹之上，有璀璨星河流转。\r\n\n    脚踏地面，云雾缭绕。\r\n\n    四面八方，一根根雕琢着云纹的盘龙玉柱，通天彻地。\r\n\n    这方世界，俨然如同一片小型星空……\r\n\n    秦然被这画面惊到了。\r\n\n    他抬手抓了把眼前空气，掌心竟染上了丝丝缕缕的淡金色。\r\n\n    空气中，灵气已经浓郁到凝聚成了颗颗金色粒子，漂浮在空气中，宛若淡金色的岁月尘埃。\r\n\n    他深吸了口气，淡金色粒子钻入鼻腔，修为竟都有了隐隐松动的趋势。\r\n\n    “好家伙，原著里我只用了底蕴深厚四个字形容云族始祖殿，我的想象力还是太匮乏了……”\r\n\n    在他前方，星空中漂浮着数以万计的玉简金册。\r\n\n    这些古籍颜色各异，包裹着绚丽光晕，汇聚在一起，宛若一片流动的天穹书海。\r\n\n    在书海的中央区域，汇聚了大量的金色光团，外面皆有虚幻的小字标注。\r\n\n    天阶低品，揽月摘云手！\r\n\n    天阶中品，云海化龙诀！\r\n\n    天阶中品，九劫云篆！\r\n\n    天阶上品，玄黄镇云劲！\r\n\n    天阶中品，云族擒龙手！\r\n\n    每个金色光团当中，都收录着一本云家专属的天阶秘籍。', '--json']' timed out after 120 seconds
   ⚠️ Translation failed or still Chinese, skipped

📖 [746/1372] 九恶妃每日一问_陛下驾崩了吗/ch-0026.json
   Title: 第26章 体内豢养神魔
  ⚠️ API error (attempt 1): Command '['openclaw', 'infer', 'model', 'run', '--model', 'qclaw/pool-deepseek-v4-pro', '--prompt', 'Translate this Chinese chapter title to English. Return ONLY the English title, no quotes, no explanation, no other text:\n\n第26章 体内豢养神魔', '--json']' timed out after 120 seconds
  ⚠️ API error (attempt 2): Command '['openclaw', 'infer', 'model', 'run', '--model', 'qclaw/pool-deepseek-v4-pro', '--prompt', 'Translate this Chinese chapter title to English. Return ONLY the English title, no quotes, no explanation, no other text:\n\n第26章 体内豢养神魔', '--json']' timed out after 120 seconds
  ⚠️ API error (attempt 1): Command '['openclaw', 'infer', 'model', 'run', '--model', 'qclaw/pool-deepseek-v4-pro', '--prompt', 'Translate the following Chinese novel chapter content to English. Return ONLY the translation, no explanation, no notes, no Chinese text:\n\n秦然朝前方的血色炼狱走去。\r\n\n    随着距离越来越近，那一道道仿佛来自于远古的惊悚气息越发强烈。\r\n\n    耳畔隐隐响起陌生嘶吼！\r\n\n    此地封存的血色光球并不算多，仅有四五十个，但每一个都血气浓烈。\r\n\n    虽存在着无数岁月，却依旧散发着惊人余威……\r\n\n    秦然一个个看过去。\r\n\n    目光渐渐凝重。\r\n\n    三首黑魔猿，六阶主宰境妖兽。\r\n\n    九头枭，八阶主宰境妖兽。\r\n\n    赤霄魔尊，七阶主宰境神魔。\r\n\n    火穹灵神，主宰境巅峰神魔。\r\n\n    秦然一眼看去，目之所及，血球中存放的，居然都是高阶主宰境神魔妖兽的精血。\r\n\n    这质量，比皇家宝库中强的不是一星半点！\r\n\n    他的目光朝深处望去。\r\n\n    那里，血球中精血的气息更加狂暴浓烈……\r\n\n    很快，一滴黑龙形态的黑色血液吸引了他的注意。\r\n\n    黑渊古龙，准帝境妖兽！\r\n\n    秦然目光一凝。\r\n\n    “果然有准帝境精血。”\r\n\n    继续往下看，他脸上的惊讶之色越来越浓。\r\n\n    焚魃神尊，一阶准帝境神魔！\r\n\n    圣焰龙雀，三阶准帝境神魔！\r\n\n    蜗皇龙蟒，三阶准帝境妖兽！\r\n\n    太古归墟，二阶准帝境神魔！\r\n\n    “咦？居然还有圣焰龙雀一族精血？”\r\n\n    秦然嘴角带着一丝恶趣味。\r\n\n    “我若是在体内豢养一尊圣焰龙雀，待日后化身圣焰龙雀之时，焰妃的表情一定会很精彩吧？”\r\n\n    这些准帝境神魔妖兽都是顶级血脉，无论选哪一个都是不错的选择。\r\n\n    秦然将圣焰龙雀精血暂列为备选方案，若接下来没遇到合适的，那选择圣焰龙雀精血，也未尝不可。\r\n\n    没准儿，还能借此将龙雀拉入己方阵营……\r\n\n    准帝境神魔精血散发出的气息，已经压得人喘不上气来。\r\n\n    秦然额头渐渐淌下汗珠。\r\n\n    他目光越过准帝境神魔精血，望向了血色炼狱的最深处。\r\n\n    那里，有三个血团呈品字形漂浮着。\r\n\n    其内部各有一滴血液。\r\n\n    三滴血液在血团内缓缓流动，仿佛蕴含着某种道韵，欲将人的灵魂都吸进去。\r\n\n    秦然赶忙收回目光，惊起了一身冷汗。\r\n\n    “不愧是帝族云家，居然还真收藏有大帝境神魔精血。”\r\n\n    震惊过后，秦然难掩兴奋。\r\n\n    他是小说作者没错，但设定云族始祖殿的时候，也仅是用底蕴深厚来简单形容，不可能将内部物品一件件列举出来。\r\n\n    这三滴大帝境神魔精血，确实出乎了他的意料……\r\n\n    黑虬天帝，一阶大帝境妖兽！\r\n\n    虚无之主，一阶大帝境神魔！\r\n\n    最后一个血团中散发着神秘耀眼的五色光，其气息比另外两个血团还要强上一大截。', '--json']' timed out after 120 seconds
  ⚠️ API error (attempt 2): Command '['openclaw', 'infer', 'model', 'run', '--model', 'qclaw/pool-deepseek-v4-pro', '--prompt', 'Translate the following Chinese novel chapter content to English. Return ONLY the translation, no explanation, no notes, no Chinese text:\n\n秦然朝前方的血色炼狱走去。\r\n\n    随着距离越来越近，那一道道仿佛来自于远古的惊悚气息越发强烈。\r\n\n    耳畔隐隐响起陌生嘶吼！\r\n\n    此地封存的血色光球并不算多，仅有四五十个，但每一个都血气浓烈。\r\n\n    虽存在着无数岁月，却依旧散发着惊人余威……\r\n\n    秦然一个个看过去。\r\n\n    目光渐渐凝重。\r\n\n    三首黑魔猿，六阶主宰境妖兽。\r\n\n    九头枭，八阶主宰境妖兽。\r\n\n    赤霄魔尊，七阶主宰境神魔。\r\n\n    火穹灵神，主宰境巅峰神魔。\r\n\n    秦然一眼看去，目之所及，血球中存放的，居然都是高阶主宰境神魔妖兽的精血。\r\n\n    这质量，比皇家宝库中强的不是一星半点！\r\n\n    他的目光朝深处望去。\r\n\n    那里，血球中精血的气息更加狂暴浓烈……\r\n\n    很快，一滴黑龙形态的黑色血液吸引了他的注意。\r\n\n    黑渊古龙，准帝境妖兽！\r\n\n    秦然目光一凝。\r\n\n    “果然有准帝境精血。”\r\n\n    继续往下看，他脸上的惊讶之色越来越浓。\r\n\n    焚魃神尊，一阶准帝境神魔！\r\n\n    圣焰龙雀，三阶准帝境神魔！\r\n\n    蜗皇龙蟒，三阶准帝境妖兽！\r\n\n    太古归墟，二阶准帝境神魔！\r\n\n    “咦？居然还有圣焰龙雀一族精血？”\r\n\n    秦然嘴角带着一丝恶趣味。\r\n\n    “我若是在体内豢养一尊圣焰龙雀，待日后化身圣焰龙雀之时，焰妃的表情一定会很精彩吧？”\r\n\n    这些准帝境神魔妖兽都是顶级血脉，无论选哪一个都是不错的选择。\r\n\n    秦然将圣焰龙雀精血暂列为备选方案，若接下来没遇到合适的，那选择圣焰龙雀精血，也未尝不可。\r\n\n    没准儿，还能借此将龙雀拉入己方阵营……\r\n\n    准帝境神魔精血散发出的气息，已经压得人喘不上气来。\r\n\n    秦然额头渐渐淌下汗珠。\r\n\n    他目光越过准帝境神魔精血，望向了血色炼狱的最深处。\r\n\n    那里，有三个血团呈品字形漂浮着。\r\n\n    其内部各有一滴血液。\r\n\n    三滴血液在血团内缓缓流动，仿佛蕴含着某种道韵，欲将人的灵魂都吸进去。\r\n\n    秦然赶忙收回目光，惊起了一身冷汗。\r\n\n    “不愧是帝族云家，居然还真收藏有大帝境神魔精血。”\r\n\n    震惊过后，秦然难掩兴奋。\r\n\n    他是小说作者没错，但设定云族始祖殿的时候，也仅是用底蕴深厚来简单形容，不可能将内部物品一件件列举出来。\r\n\n    这三滴大帝境神魔精血，确实出乎了他的意料……\r\n\n    黑虬天帝，一阶大帝境妖兽！\r\n\n    虚无之主，一阶大帝境神魔！\r\n\n    最后一个血团中散发着神秘耀眼的五色光，其气息比另外两个血团还要强上一大截。', '--json']' timed out after 120 seconds
   ⚠️ Translation failed or still Chinese, skipped

📖 [747/1372] 九恶妃每日一问_陛下驾崩了吗/ch-0027.json
   Title: 第27章 失望的龙雀
  ⚠️ API error (attempt 1): Command '['openclaw', 'infer', 'model', 'run', '--model', 'qclaw/pool-deepseek-v4-pro', '--prompt', 'Translate this Chinese chapter title to English. Return ONLY the English title, no quotes, no explanation, no other text:\n\n第27章 失望的龙雀', '--json']' timed out after 120 seconds
  ⚠️ API error (attempt 2): Command '['openclaw', 'infer', 'model', 'run', '--model', 'qclaw/pool-deepseek-v4-pro', '--prompt', 'Translate this Chinese chapter title to English. Return ONLY the English title, no quotes, no explanation, no other text:\n\n第27章 失望的龙雀', '--json']' timed out after 120 seconds
  ⚠️ API error (attempt 1): Command '['openclaw', 'infer', 'model', 'run', '--model', 'qclaw/pool-deepseek-v4-pro', '--prompt', 'Translate the following Chinese novel chapter content to English. Return ONLY the translation, no explanation, no notes, no Chinese text:\n\n与此同时。\r\n\n    秦然浑身一震。\r\n\n    整个人诡异的睁开双眼。\r\n\n    眼中的黑白色瞳孔，肉眼可见的被血色覆盖，血光如火焰般噌地燃起。\r\n\n    他面皮抽搐着，五官时而扭曲，时而严肃，眼底深处藏着一丝癫狂……\r\n\n    “桀桀桀。”\r\n\n    他想控制住身体的变化，但口中却不受控制的发出一阵癫笑。\r\n\n    不等他搞明白发生了什么。\r\n\n    整个人的皮肤迅速干瘪，原本的肉色在眨眼间变成了一片漆黑。\r\n\n    一个英俊非凡的青年，转瞬之间，化为了一尊面目狰狞的黑色恶鬼……\r\n\n    “卧槽！”\r\n\n    秦然要吓傻了。\r\n\n    他尝试轻轻挥动了下手臂，看起来干干瘦瘦的手臂，却是重得吓人。\r\n\n    他这一挥，竟是没能将手臂挥起来。\r\n\n    “哥！你别搞我！！”\r\n\n    秦然的心瞬间凉了半截。\r\n\n    这可是寄予厚望的神魔精血，若是选错了，那他这所有努力可都白费了。\r\n\n    不等他继续研究，浑身上下忽然传来一阵强烈疲惫感。\r\n\n    下一瞬，他脑袋一晕，所有异样消失不见……\r\n\n    心脏深处。\r\n\n    鬼影再度浮现在黑潭之上，不过这一次，它紧闭双眸，似乎陷入了沉睡状态……\r\n\n    秦然傻傻的盯着黑潭上的鬼影。\r\n\n    “现在退货还来得及吗？”\r\n\n    这是他穿书至今，最茫然、也最无助的一次。\r\n\n    夜魇是他设计出来的，但也仅是在原著中提过一句，并未进行太多具体设定。\r\n\n    眼下情况已然超出了认知，他搞不明白问题出在哪里。\r\n\n    “难不成…我现在太弱？”\r\n\n    “还是…鬼影需要养一阵子？”\r\n\n    “不对！！”\r\n\n    秦然忽然醒悟过来，“也许是因为…现在还没到夜晚！！”\r\n\n    这一番云族始祖殿之行，秦然也不知该哭该笑。\r\n\n    过程中发生的一切都是好的，唯独这夜魇，让他拿不定主意。\r\n\n    两个时辰到。\r\n\n    青铜大门再度裂开一道小小缝隙。\r\n\n    秦然一袭镶金白龙袍，身形如飘絮，潇洒地从门内一闪而出。\r\n\n    龙雀抱臂，倚在门外石柱上。', '--json']' timed out after 120 seconds
  ⚠️ API error (attempt 2): Command '['openclaw', 'infer', 'model', 'run', '--model', 'qclaw/pool-deepseek-v4-pro', '--prompt', 'Translate the following Chinese novel chapter content to English. Return ONLY the translation, no explanation, no notes, no Chinese text:\n\n与此同时。\r\n\n    秦然浑身一震。\r\n\n    整个人诡异的睁开双眼。\r\n\n    眼中的黑白色瞳孔，肉眼可见的被血色覆盖，血光如火焰般噌地燃起。\r\n\n    他面皮抽搐着，五官时而扭曲，时而严肃，眼底深处藏着一丝癫狂……\r\n\n    “桀桀桀。”\r\n\n    他想控制住身体的变化，但口中却不受控制的发出一阵癫笑。\r\n\n    不等他搞明白发生了什么。\r\n\n    整个人的皮肤迅速干瘪，原本的肉色在眨眼间变成了一片漆黑。\r\n\n    一个英俊非凡的青年，转瞬之间，化为了一尊面目狰狞的黑色恶鬼……\r\n\n    “卧槽！”\r\n\n    秦然要吓傻了。\r\n\n    他尝试轻轻挥动了下手臂，看起来干干瘦瘦的手臂，却是重得吓人。\r\n\n    他这一挥，竟是没能将手臂挥起来。\r\n\n    “哥！你别搞我！！”\r\n\n    秦然的心瞬间凉了半截。\r\n\n    这可是寄予厚望的神魔精血，若是选错了，那他这所有努力可都白费了。\r\n\n    不等他继续研究，浑身上下忽然传来一阵强烈疲惫感。\r\n\n    下一瞬，他脑袋一晕，所有异样消失不见……\r\n\n    心脏深处。\r\n\n    鬼影再度浮现在黑潭之上，不过这一次，它紧闭双眸，似乎陷入了沉睡状态……\r\n\n    秦然傻傻的盯着黑潭上的鬼影。\r\n\n    “现在退货还来得及吗？”\r\n\n    这是他穿书至今，最茫然、也最无助的一次。\r\n\n    夜魇是他设计出来的，但也仅是在原著中提过一句，并未进行太多具体设定。\r\n\n    眼下情况已然超出了认知，他搞不明白问题出在哪里。\r\n\n    “难不成…我现在太弱？”\r\n\n    “还是…鬼影需要养一阵子？”\r\n\n    “不对！！”\r\n\n    秦然忽然醒悟过来，“也许是因为…现在还没到夜晚！！”\r\n\n    这一番云族始祖殿之行，秦然也不知该哭该笑。\r\n\n    过程中发生的一切都是好的，唯独这夜魇，让他拿不定主意。\r\n\n    两个时辰到。\r\n\n    青铜大门再度裂开一道小小缝隙。\r\n\n    秦然一袭镶金白龙袍，身形如飘絮，潇洒地从门内一闪而出。\r\n\n    龙雀抱臂，倚在门外石柱上。', '--json']' timed out after 120 seconds
   ⚠️ Translation failed or still Chinese, skipped

📖 [748/1372] 九恶妃每日一问_陛下驾崩了吗/ch-0028.json
   Title: 第28章 九妃最高会议
  ⚠️ API error (attempt 1): Command '['openclaw', 'infer', 'model', 'run', '--model', 'qclaw/pool-deepseek-v4-pro', '--prompt', 'Translate this Chinese chapter title to English. Return ONLY the English title, no quotes, no explanation, no other text:\n\n第28章 九妃最高会议', '--json']' timed out after 120 seconds
  ⚠️ API error (attempt 2): Command '['openclaw', 'infer', 'model', 'run', '--model', 'qclaw/pool-deepseek-v4-pro', '--prompt', 'Translate this Chinese chapter title to English. Return ONLY the English title, no quotes, no explanation, no other text:\n\n第28章 九妃最高会议', '--json']' timed out after 120 seconds
  ⚠️ API error (attempt 1): Command '['openclaw', 'infer', 'model', 'run', '--model', 'qclaw/pool-deepseek-v4-pro', '--prompt', 'Translate the following Chinese novel chapter content to English. Return ONLY the translation, no explanation, no notes, no Chinese text:\n\n迷雾笼罩之地。\r\n\n    九把王座隐于迷雾之后。\r\n\n    王座上分别坐着一道倩影，在迷雾遮掩之下不见面容。\r\n\n    呼！！\r\n\n    其中一王座上，迷雾吹开，露出了其上一道威严睥睨的火红色身影。\r\n\n    “明日起，你们便不许再去打扰云江仙了，白天不许，夜晚也不许。”\r\n\n    迷雾中短暂安静。\r\n\n    片刻后，传出嬉笑声。\r\n\n    “龙雀姐姐好大的脾气，难道是凝聚龙运的速度又提前了？你想自己吃独食？”\r\n\n    “是呀！姐妹们汇聚于大夏的目的便是为了龙运，龙雀姐姐若是想一人独占，那姐妹们怕是不会允许哦～”\r\n\n    “聒噪！”龙雀不耐烦地喝道。\r\n\n    “云江仙今日去了云族始祖殿，从其中取了些修炼之物，近期准备跟随本尊修炼，本尊讨厌被打扰！”\r\n\n    “云江仙…要修炼？”\r\n\n    “真的假的？他一个纨绔，舍得放弃花天酒地？舍得放弃貌美如花的姐妹们？”\r\n\n    “嘻嘻，咱们陛下该不会是受了情伤一时想不开了吧，你说对吗？白月光妹妹……”\r\n\n    “狐狸精！你再敢胡言乱语，本小姐现在就去废了你！”某一王座上传出唐梦宫的呵斥声。\r\n\n    “嘻嘻，别生气嘛，我就是开个小玩笑~”\r\n\n    与此同时，后宫某座寝殿。\r\n\n    外表冰冷的大殿内部，赫然存在着一座小世界。\r\n\n    此地仙气飘飘、灵气氤氲，灵禽飞舞，宛如小型仙界。\r\n\n    在这方小仙界的中央，一个穿着白色道袍的绝美女人，盘膝高坐于大道莲花之上。\r\n\n    她双目紧闭，气息出尘，极具仙风道骨之气。\r\n\n    然而在她腿上，却躺着一个神色慵懒、目光暧昧的青色宫装女子。\r\n\n    青色宫装女子同样绝美，周身散发着一股直入灵魂的奇异药香。\r\n\n    “好姐姐，你听到了吗？龙雀居然不让我们和云江仙接触了。”\r\n\n    “这好不公平呀～明天本应轮到我去侍奉的，给他准备的大礼，我可是足足炼制了两个多月的时间呢～～”\r\n\n    青衣女人一边吐槽着，一边往道袍女人的怀里拱了拱。\r\n\n    甚至，抬手摸上了那张毫无瑕疵的冷艳脸蛋，眉眼间尽是爱慕和柔情……\r\n\n    “姐姐好美呀～～”', '--json']' timed out after 120 seconds
  ⚠️ API error (attempt 2): Command '['openclaw', 'infer', 'model', 'run', '--model', 'qclaw/pool-deepseek-v4-pro', '--prompt', 'Translate the following Chinese novel chapter content to English. Return ONLY the translation, no explanation, no notes, no Chinese text:\n\n迷雾笼罩之地。\r\n\n    九把王座隐于迷雾之后。\r\n\n    王座上分别坐着一道倩影，在迷雾遮掩之下不见面容。\r\n\n    呼！！\r\n\n    其中一王座上，迷雾吹开，露出了其上一道威严睥睨的火红色身影。\r\n\n    “明日起，你们便不许再去打扰云江仙了，白天不许，夜晚也不许。”\r\n\n    迷雾中短暂安静。\r\n\n    片刻后，传出嬉笑声。\r\n\n    “龙雀姐姐好大的脾气，难道是凝聚龙运的速度又提前了？你想自己吃独食？”\r\n\n    “是呀！姐妹们汇聚于大夏的目的便是为了龙运，龙雀姐姐若是想一人独占，那姐妹们怕是不会允许哦～”\r\n\n    “聒噪！”龙雀不耐烦地喝道。\r\n\n    “云江仙今日去了云族始祖殿，从其中取了些修炼之物，近期准备跟随本尊修炼，本尊讨厌被打扰！”\r\n\n    “云江仙…要修炼？”\r\n\n    “真的假的？他一个纨绔，舍得放弃花天酒地？舍得放弃貌美如花的姐妹们？”\r\n\n    “嘻嘻，咱们陛下该不会是受了情伤一时想不开了吧，你说对吗？白月光妹妹……”\r\n\n    “狐狸精！你再敢胡言乱语，本小姐现在就去废了你！”某一王座上传出唐梦宫的呵斥声。\r\n\n    “嘻嘻，别生气嘛，我就是开个小玩笑~”\r\n\n    与此同时，后宫某座寝殿。\r\n\n    外表冰冷的大殿内部，赫然存在着一座小世界。\r\n\n    此地仙气飘飘、灵气氤氲，灵禽飞舞，宛如小型仙界。\r\n\n    在这方小仙界的中央，一个穿着白色道袍的绝美女人，盘膝高坐于大道莲花之上。\r\n\n    她双目紧闭，气息出尘，极具仙风道骨之气。\r\n\n    然而在她腿上，却躺着一个神色慵懒、目光暧昧的青色宫装女子。\r\n\n    青色宫装女子同样绝美，周身散发着一股直入灵魂的奇异药香。\r\n\n    “好姐姐，你听到了吗？龙雀居然不让我们和云江仙接触了。”\r\n\n    “这好不公平呀～明天本应轮到我去侍奉的，给他准备的大礼，我可是足足炼制了两个多月的时间呢～～”\r\n\n    青衣女人一边吐槽着，一边往道袍女人的怀里拱了拱。\r\n\n    甚至，抬手摸上了那张毫无瑕疵的冷艳脸蛋，眉眼间尽是爱慕和柔情……\r\n\n    “姐姐好美呀～～”', '--json']' timed out after 120 seconds
   ⚠️ Translation failed or still Chinese, skipped

📖 [749/1372] 九恶妃每日一问_陛下驾崩了吗/ch-0029.json
   Title: 第29章 失控！失控！失控！
  ⚠️ API error (attempt 1): Command '['openclaw', 'infer', 'model', 'run', '--model', 'qclaw/pool-deepseek-v4-pro', '--prompt', 'Translate this Chinese chapter title to English. Return ONLY the English title, no quotes, no explanation, no other text:\n\n第29章 失控！失控！失控！', '--json']' timed out after 120 seconds
  ⚠️ API error (attempt 2): Command '['openclaw', 'infer', 'model', 'run', '--model', 'qclaw/pool-deepseek-v4-pro', '--prompt', 'Translate this Chinese chapter title to English. Return ONLY the English title, no quotes, no explanation, no other text:\n\n第29章 失控！失控！失控！', '--json']' timed out after 120 seconds
  ⚠️ API error (attempt 1): Command '['openclaw', 'infer', 'model', 'run', '--model', 'qclaw/pool-deepseek-v4-pro', '--prompt', 'Translate the following Chinese novel chapter content to English. Return ONLY the translation, no explanation, no notes, no Chinese text:\n\n时间一晃，来到夜晚。\r\n\n    帝王寝殿里。\r\n\n    秦然赶走所有太监侍卫，孤身一人躺在床榻上。\r\n\n    他紧闭双眸。\r\n\n    脑海魂宫当中，一只浑身燃着金色火焰的漂亮鸾鸟，正漂浮在半空。\r\n\n    远看这是一只鸾鸟，凑近看，却仅是一只鸾鸟形态的奇异铭文。\r\n\n    “这就是龙雀真王拳？”\r\n\n    秦然诧异。\r\n\n    经过半天时间的融合分解，云宫掠天术成功将龙雀真王拳复刻了出来。\r\n\n    他伸出一根手指点在符文上。\r\n\n    金色鸾鸟振翅飞舞，嗖的一声，钻入了他的灵魂体当中……\r\n\n    呼！！\r\n\n    秦然周身猛地掀起金色火焰。\r\n\n    他缓缓抬起拳头，体内灵力如潮水般朝手臂中灌入。\r\n\n    灵力沸腾，气势猛增。\r\n\n    拳锋处，火焰愈发炽烈惊人，周遭温度暴涨。\r\n\n    隐约可见，一尊骇人的神魔虚影盘坐于火焰中央，凶焰滔天！\r\n\n    “第一重，一象镇狱！”\r\n\n    秦然一拳挥出，神魔虚影同时出拳，神魔虚影的所有力道全部灌入秦然拳头当中，借着他的拳势，霸道地轰向前方。\r\n\n    轰隆隆！！\r\n\n    魂宫剧烈一颤。\r\n\n    秦然动作不停，行云流水地继续出拳。\r\n\n    “第二重，三象焚天！”\r\n\n    拳锋上的火焰再度暴涨，三尊神魔虚影浮现，拳头上的力道猛增。\r\n\n    “第三重，九象归墟！！”\r\n\n    呼。\r\n\n    一声暴喝，他整个人燃了起来。\r\n\n    周身完全被金色火焰覆盖，宛如金焰圣灵，在其身后，一尊尊神魔虚影接连浮现。\r\n\n    每出现一尊神魔，他的气息便暴涨一截，足足九尊神魔出现，他的气息达到了一个前所未有的顶点！\r\n\n    金焰中央，俊美青年黑发飞舞，金色双眸中充斥着睥睨霸道之意。\r\n\n    与往日的纨绔轻佻判若两人。\r\n\n    他慢慢抬起拳，九尊神魔同时出拳，所有力道猛灌入他一人手臂当中。\r\n\n    啪！啪！\r\n\n    脆弱的皮肉经脉，承受不住恐怖力道，接连崩开一道道血口子。\r\n\n    血流如注！\r\n\n    秦然恍若未觉，脚下踏着白色仙云，身形朝前方连续爆闪，一拳轰了出去。\r\n\n    轰隆隆！！\r\n\n    这一拳，裹挟着神魔之威，一往无前。\r\n\n    魂宫中，空间被这一拳压缩得传出悲鸣声，整座魂宫震颤不止……\r\n\n    秦然笑了，脱力地瘫倒在地。', '--json']' timed out after 120 seconds
  ⚠️ API error (attempt 2): Command '['openclaw', 'infer', 'model', 'run', '--model', 'qclaw/pool-deepseek-v4-pro', '--prompt', 'Translate the following Chinese novel chapter content to English. Return ONLY the translation, no explanation, no notes, no Chinese text:\n\n时间一晃，来到夜晚。\r\n\n    帝王寝殿里。\r\n\n    秦然赶走所有太监侍卫，孤身一人躺在床榻上。\r\n\n    他紧闭双眸。\r\n\n    脑海魂宫当中，一只浑身燃着金色火焰的漂亮鸾鸟，正漂浮在半空。\r\n\n    远看这是一只鸾鸟，凑近看，却仅是一只鸾鸟形态的奇异铭文。\r\n\n    “这就是龙雀真王拳？”\r\n\n    秦然诧异。\r\n\n    经过半天时间的融合分解，云宫掠天术成功将龙雀真王拳复刻了出来。\r\n\n    他伸出一根手指点在符文上。\r\n\n    金色鸾鸟振翅飞舞，嗖的一声，钻入了他的灵魂体当中……\r\n\n    呼！！\r\n\n    秦然周身猛地掀起金色火焰。\r\n\n    他缓缓抬起拳头，体内灵力如潮水般朝手臂中灌入。\r\n\n    灵力沸腾，气势猛增。\r\n\n    拳锋处，火焰愈发炽烈惊人，周遭温度暴涨。\r\n\n    隐约可见，一尊骇人的神魔虚影盘坐于火焰中央，凶焰滔天！\r\n\n    “第一重，一象镇狱！”\r\n\n    秦然一拳挥出，神魔虚影同时出拳，神魔虚影的所有力道全部灌入秦然拳头当中，借着他的拳势，霸道地轰向前方。\r\n\n    轰隆隆！！\r\n\n    魂宫剧烈一颤。\r\n\n    秦然动作不停，行云流水地继续出拳。\r\n\n    “第二重，三象焚天！”\r\n\n    拳锋上的火焰再度暴涨，三尊神魔虚影浮现，拳头上的力道猛增。\r\n\n    “第三重，九象归墟！！”\r\n\n    呼。\r\n\n    一声暴喝，他整个人燃了起来。\r\n\n    周身完全被金色火焰覆盖，宛如金焰圣灵，在其身后，一尊尊神魔虚影接连浮现。\r\n\n    每出现一尊神魔，他的气息便暴涨一截，足足九尊神魔出现，他的气息达到了一个前所未有的顶点！\r\n\n    金焰中央，俊美青年黑发飞舞，金色双眸中充斥着睥睨霸道之意。\r\n\n    与往日的纨绔轻佻判若两人。\r\n\n    他慢慢抬起拳，九尊神魔同时出拳，所有力道猛灌入他一人手臂当中。\r\n\n    啪！啪！\r\n\n    脆弱的皮肉经脉，承受不住恐怖力道，接连崩开一道道血口子。\r\n\n    血流如注！\r\n\n    秦然恍若未觉，脚下踏着白色仙云，身形朝前方连续爆闪，一拳轰了出去。\r\n\n    轰隆隆！！\r\n\n    这一拳，裹挟着神魔之威，一往无前。\r\n\n    魂宫中，空间被这一拳压缩得传出悲鸣声，整座魂宫震颤不止……\r\n\n    秦然笑了，脱力地瘫倒在地。', '--json']' timed out after 120 seconds
   ⚠️ Translation failed or still Chinese, skipped

📖 [750/1372] 九恶妃每日一问_陛下驾崩了吗/ch-0030.json
   Title: 第30章 夜行恶鬼
  ⚠️ API error (attempt 1): Command '['openclaw', 'infer', 'model', 'run', '--model', 'qclaw/pool-deepseek-v4-pro', '--prompt', 'Translate this Chinese chapter title to English. Return ONLY the English title, no quotes, no explanation, no other text:\n\n第30章 夜行恶鬼', '--json']' timed out after 120 seconds
  ⚠️ API error (attempt 2): Command '['openclaw', 'infer', 'model', 'run', '--model', 'qclaw/pool-deepseek-v4-pro', '--prompt', 'Translate this Chinese chapter title to English. Return ONLY the English title, no quotes, no explanation, no other text:\n\n第30章 夜行恶鬼', '--json']' timed out after 120 seconds
  ⚠️ API error (attempt 1): Command '['openclaw', 'infer', 'model', 'run', '--model', 'qclaw/pool-deepseek-v4-pro', '--prompt', 'Translate the following Chinese novel chapter content to English. Return ONLY the translation, no explanation, no notes, no Chinese text:\n\n帝王寝殿门口。\r\n\n    青符握着铜板怔怔发愣。\r\n\n    过了许久，他缓过神，神识急忙扫向寝殿内。\r\n\n    偌大的床榻之上，此刻已经空了。\r\n\n    青符站在原地，脸色阴沉如水。\r\n\n    “人居然消失了！”\r\n\n    “人怎么会在本座眼皮子底下，不声不响地消失！”\r\n\n    忽然，青符想到了近些日子以来，云江仙的不寻常。\r\n\n    一个惊悚的念头，在他心底骤然浮现。\r\n\n    “莫非…”\r\n\n    “莫非！！刚刚那道鬼影是云江仙！？”\r\n\n    ……\r\n\n    无尽黑夜中。\r\n\n    一道鬼影隐匿于黑暗，气息全敛，如幽灵般避开了所有帝宫禁卫。\r\n\n    鬼影所过之处，黑暗变得格外浓稠，所有光线消失、声音与神识隔绝，宛如一片移动的幽寂地狱。\r\n\n    循着空气中的诱人香味，鬼影很快出现在了一座院落旁。\r\n\n    梦妃宫！\r\n\n    此刻，鬼影眼中露出一抹挣扎之色。\r\n\n    秦然意图摆脱身上的邪恶和戾气，意图恢复理智，但身上的戾气之强，远远超出了他的掌控。\r\n\n    没坚持一会儿，他的意识便再度被邪恶之力影响，整个人极度癫狂，半昏半醒……\r\n\n    他猛地抬起头，眼中血光滔天。\r\n\n    目光穿透黑暗、穿透墙壁，落在了院落最深处的房间当中。\r\n\n    “嘿嘿，特殊灵体的诱人香味……”\r\n\n    呼。\r\n\n    他踏前两步，身形穿过墙壁，无声无息出现在院落里。\r\n\n    门口的两个剑侍没有丝毫察觉。\r\n\n    噗！噗！！\r\n\n    两道利刃入肉声在深夜里响起。\r\n\n    两只干枯鬼爪，深深刺入剑侍心脏当中，稍一用力，跳动的心脏砰的一声，如桃子般炸开。\r\n\n    剑侍体内，法相境道基化成灵力，一窝蜂地被吸入鬼爪当中……\r\n\n    “唔～舒服。”\r\n\n    黑影口中发出愉悦呻吟。\r\n\n    心脏深处的黑潭中，刚吞噬的灵力化成潭水，让平静水面上涨了半分。\r\n\n    “谁！！”\r\n\n    此处的轻微响动，引起了内院四个剑侍的注意。\r\n\n    黑夜中，四道白影踏空而来，成合围之势，将鬼影围于中间。\r\n\n    看着鬼影的骇人样貌。\r\n\n    四个法相境巅峰剑侍皆是心弦一紧。\r\n\n    “列阵！”\r\n\n    “四象剑阵！！”\r\n\n    “嘿嘿，列你奶奶个腿。”鬼影邪笑着，如鬼魂般消失在原地。\r\n\n    下一刻，再度出现时，已然到了一个剑侍的身后。\r\n\n    “小心！！”另外三个剑侍骇然色变。', '--json']' timed out after 120 seconds
  ⚠️ API error (attempt 2): Command '['openclaw', 'infer', 'model', 'run', '--model', 'qclaw/pool-deepseek-v4-pro', '--prompt', 'Translate the following Chinese novel chapter content to English. Return ONLY the translation, no explanation, no notes, no Chinese text:\n\n帝王寝殿门口。\r\n\n    青符握着铜板怔怔发愣。\r\n\n    过了许久，他缓过神，神识急忙扫向寝殿内。\r\n\n    偌大的床榻之上，此刻已经空了。\r\n\n    青符站在原地，脸色阴沉如水。\r\n\n    “人居然消失了！”\r\n\n    “人怎么会在本座眼皮子底下，不声不响地消失！”\r\n\n    忽然，青符想到了近些日子以来，云江仙的不寻常。\r\n\n    一个惊悚的念头，在他心底骤然浮现。\r\n\n    “莫非…”\r\n\n    “莫非！！刚刚那道鬼影是云江仙！？”\r\n\n    ……\r\n\n    无尽黑夜中。\r\n\n    一道鬼影隐匿于黑暗，气息全敛，如幽灵般避开了所有帝宫禁卫。\r\n\n    鬼影所过之处，黑暗变得格外浓稠，所有光线消失、声音与神识隔绝，宛如一片移动的幽寂地狱。\r\n\n    循着空气中的诱人香味，鬼影很快出现在了一座院落旁。\r\n\n    梦妃宫！\r\n\n    此刻，鬼影眼中露出一抹挣扎之色。\r\n\n    秦然意图摆脱身上的邪恶和戾气，意图恢复理智，但身上的戾气之强，远远超出了他的掌控。\r\n\n    没坚持一会儿，他的意识便再度被邪恶之力影响，整个人极度癫狂，半昏半醒……\r\n\n    他猛地抬起头，眼中血光滔天。\r\n\n    目光穿透黑暗、穿透墙壁，落在了院落最深处的房间当中。\r\n\n    “嘿嘿，特殊灵体的诱人香味……”\r\n\n    呼。\r\n\n    他踏前两步，身形穿过墙壁，无声无息出现在院落里。\r\n\n    门口的两个剑侍没有丝毫察觉。\r\n\n    噗！噗！！\r\n\n    两道利刃入肉声在深夜里响起。\r\n\n    两只干枯鬼爪，深深刺入剑侍心脏当中，稍一用力，跳动的心脏砰的一声，如桃子般炸开。\r\n\n    剑侍体内，法相境道基化成灵力，一窝蜂地被吸入鬼爪当中……\r\n\n    “唔～舒服。”\r\n\n    黑影口中发出愉悦呻吟。\r\n\n    心脏深处的黑潭中，刚吞噬的灵力化成潭水，让平静水面上涨了半分。\r\n\n    “谁！！”\r\n\n    此处的轻微响动，引起了内院四个剑侍的注意。\r\n\n    黑夜中，四道白影踏空而来，成合围之势，将鬼影围于中间。\r\n\n    看着鬼影的骇人样貌。\r\n\n    四个法相境巅峰剑侍皆是心弦一紧。\r\n\n    “列阵！”\r\n\n    “四象剑阵！！”\r\n\n    “嘿嘿，列你奶奶个腿。”鬼影邪笑着，如鬼魂般消失在原地。\r\n\n    下一刻，再度出现时，已然到了一个剑侍的身后。\r\n\n    “小心！！”另外三个剑侍骇然色变。', '--json']' timed out after 120 seconds
   ⚠️ Translation failed or still Chinese, skipped

  ⏭️ [751/1372] SKIPPED (known failed): 乱世武道_从山村猎户开始狂肝箭术/ch-0001.json

  ⏭️ [752/1372] SKIPPED (known failed): 乱世武道_从山村猎户开始狂肝箭术/ch-0002.json

  ⏭️ [753/1372] SKIPPED (known failed): 乱世武道_从山村猎户开始狂肝箭术/ch-0003.json

  ⏭️ [754/1372] SKIPPED (known failed): 乱世武道_从山村猎户开始狂肝箭术/ch-0004.json

  ⏭️ [755/1372] SKIPPED (known failed): 乱世武道_从山村猎户开始狂肝箭术/ch-0005.json

  ⏭️ [756/1372] SKIPPED (known failed): 乱世武道_从山村猎户开始狂肝箭术/ch-0006.json

  ⏭️ [757/1372] SKIPPED (known failed): 乱世武道_从山村猎户开始狂肝箭术/ch-0007.json

  ⏭️ [758/1372] SKIPPED (known failed): 乱世武道_从山村猎户开始狂肝箭术/ch-0008.json

  ⏭️ [759/1372] SKIPPED (known failed): 乱世武道_从山村猎户开始狂肝箭术/ch-0009.json

  ⏭️ [760/1372] SKIPPED (known failed): 乱世武道_从山村猎户开始狂肝箭术/ch-0010.json

  ⏭️ [761/1372] SKIPPED (known failed): 乱世武道_从山村猎户开始狂肝箭术/ch-0011.json

  ⏭️ [762/1372] SKIPPED (known failed): 乱世武道_从山村猎户开始狂肝箭术/ch-0012.json

  ⏭️ [763/1372] SKIPPED (known failed): 乱世武道_从山村猎户开始狂肝箭术/ch-0013.json

  ⏭️ [764/1372] SKIPPED (known failed): 乱世武道_从山村猎户开始狂肝箭术/ch-0014.json

  ⏭️ [765/1372] SKIPPED (known failed): 乱世武道_从山村猎户开始狂肝箭术/ch-0015.json

  ⏭️ [766/1372] SKIPPED (known failed): 乱世武道_从山村猎户开始狂肝箭术/ch-0016.json

  ⏭️ [767/1372] SKIPPED (known failed): 乱世武道_从山村猎户开始狂肝箭术/ch-0017.json

  ⏭️ [768/1372] SKIPPED (known failed): 乱世武道_从山村猎户开始狂肝箭术/ch-0018.json

  ⏭️ [769/1372] SKIPPED (known failed): 乱世武道_从山村猎户开始狂肝箭术/ch-0019.json

  ⏭️ [770/1372] SKIPPED (known failed): 乱世武道_从山村猎户开始狂肝箭术/ch-0020.json

  ⏭️ [771/1372] SKIPPED (known failed): 乱世武道_从山村猎户开始狂肝箭术/ch-0021.json

  ⏭️ [772/1372] SKIPPED (known failed): 乱世武道_从山村猎户开始狂肝箭术/ch-0022.json

  ⏭️ [773/1372] SKIPPED (known failed): 乱世武道_从山村猎户开始狂肝箭术/ch-0023.json

  ⏭️ [774/1372] SKIPPED (known failed): 乱世武道_从山村猎户开始狂肝箭术/ch-0024.json

  ⏭️ [775/1372] SKIPPED (known failed): 乱世武道_从山村猎户开始狂肝箭术/ch-0025.json

  ⏭️ [776/1372] SKIPPED (known failed): 乱世武道_从山村猎户开始狂肝箭术/ch-0026.json

  ⏭️ [777/1372] SKIPPED (known failed): 乱世武道_从山村猎户开始狂肝箭术/ch-0027.json

  ⏭️ [778/1372] SKIPPED (known failed): 乱世武道_从山村猎户开始狂肝箭术/ch-0028.json

  ⏭️ [779/1372] SKIPPED (known failed): 乱世武道_从山村猎户开始狂肝箭术/ch-0029.json

  ⏭️ [780/1372] SKIPPED (known failed): 乱世武道_从山村猎户开始狂肝箭术/ch-0030.json

📖 [781/1372] 傻大壮_乡野好快活/ch-0001.json
   Title: 第一章 我和嫂子
  ⚠️ API error (attempt 1): Command '['openclaw', 'infer', 'model', 'run', '--model', 'qclaw/pool-deepseek-v4-pro', '--prompt', 'Translate this Chinese chapter title to English. Return ONLY the English title, no quotes, no explanation, no other text:\n\n第一章 我和嫂子', '--json']' timed out after 120 seconds
  ⚠️ API error (attempt 2): Command '['openclaw', 'infer', 'model', 'run', '--model', 'qclaw/pool-deepseek-v4-pro', '--prompt', 'Translate this Chinese chapter title to English. Return ONLY the English title, no quotes, no explanation, no other text:\n\n第一章 我和嫂子', '--json']' timed out after 120 seconds
  ⚠️ API error (attempt 1): Command '['openclaw', 'infer', 'model', 'run', '--model', 'qclaw/pool-deepseek-v4-pro', '--prompt', 'Translate the following Chinese novel chapter content to English. Return ONLY the translation, no explanation, no notes, no Chinese text:\n\n幸福村坐落在桃源山脚下，村前一条弯弯曲曲的小河，村后是连绵起伏的山岭。\r\n\n    一个身影在山头摇摇晃晃地走着，身上穿的衣服早已看不出原来的颜色，补丁摞着补丁，袖子口磨得起了毛，一条条线头垂下来，风一吹便飘飘荡荡。\r\n\n    这人身材倒是高大，肩宽背阔，站在那里比寻常汉子高出半个头，只是眼神直愣愣的，嘴角挂着憨笑。\r\n\n    这便是幸福村出了名的傻子——王大壮。\r\n\n    说起王大壮，村里人没有不知道的。\r\n\n    可要说他打哪儿来，却没有一个人能说得清。\r\n\n    只知道五年前的深秋，村里那个一天到晚叼着旱烟袋，看风水的王老六从镇上赶集回来，怀里就抱着这么个半死不活的人。\r\n\n    王老六逢人便说，是在路边捡的，当时这人浑身上下没一处好的，发着高烧，嘴里胡乱说着些听不懂的话，瞧着可怜，就给背回来了。\r\n\n    后来村里的大夫给瞧了瞧，说是受了极大的刺激，脑子烧坏了，恐怕这辈子也就这样了。\r\n\n    王老六倒也不嫌弃，家里多口人也热闹些，便给取了名字叫王大壮，算是认了半个儿子。\r\n\n    可让村里人啧啧称奇的是，这王大壮虽然傻了，却有一样本事——认得字。\r\n\n    有一回村小学的老先生拿了一份报纸考他，他竟然磕磕绊绊地念了下来，虽然意思不懂，字却一个没念错。\r\n\n    后来不知道谁传出来的，说这王大壮原来是个高考状元，考上了一个什么顶好的大学，眼瞅着就要去报到，却不知出了什么变故，一夜之间就成了这副模样。\r\n\n    这话传得有鼻子有眼的，可谁也没法去证实。\r\n\n    王大壮倒也不惹事，平日里就给村里帮忙干些活儿东家给口饭吃，西家给件旧衣裳，就这么浑浑噩噩地过了五年。\r\n\n    此刻王大壮正在山里摘野果，忽然看到一只野鸡就追了过去。\r\n\n    就在这时，天色忽然暗了下来。\r\n\n    王大壮抬头一看，云里面隐隐约约有光亮在闪动，闷闷的雷声从远处滚过来，轰隆隆的。\r\n\n    要下雨了。\r\n\n    天越来越暗了。\r\n\n    风也起来了。\r\n\n    王大壮不管这些。\r\n\n    他猫着腰，在灌木丛和石头缝里找他的野鸡。', '--json']' timed out after 120 seconds
  ⚠️ API error (attempt 2): Command '['openclaw', 'infer', 'model', 'run', '--model', 'qclaw/pool-deepseek-v4-pro', '--prompt', 'Translate the following Chinese novel chapter content to English. Return ONLY the translation, no explanation, no notes, no Chinese text:\n\n幸福村坐落在桃源山脚下，村前一条弯弯曲曲的小河，村后是连绵起伏的山岭。\r\n\n    一个身影在山头摇摇晃晃地走着，身上穿的衣服早已看不出原来的颜色，补丁摞着补丁，袖子口磨得起了毛，一条条线头垂下来，风一吹便飘飘荡荡。\r\n\n    这人身材倒是高大，肩宽背阔，站在那里比寻常汉子高出半个头，只是眼神直愣愣的，嘴角挂着憨笑。\r\n\n    这便是幸福村出了名的傻子——王大壮。\r\n\n    说起王大壮，村里人没有不知道的。\r\n\n    可要说他打哪儿来，却没有一个人能说得清。\r\n\n    只知道五年前的深秋，村里那个一天到晚叼着旱烟袋，看风水的王老六从镇上赶集回来，怀里就抱着这么个半死不活的人。\r\n\n    王老六逢人便说，是在路边捡的，当时这人浑身上下没一处好的，发着高烧，嘴里胡乱说着些听不懂的话，瞧着可怜，就给背回来了。\r\n\n    后来村里的大夫给瞧了瞧，说是受了极大的刺激，脑子烧坏了，恐怕这辈子也就这样了。\r\n\n    王老六倒也不嫌弃，家里多口人也热闹些，便给取了名字叫王大壮，算是认了半个儿子。\r\n\n    可让村里人啧啧称奇的是，这王大壮虽然傻了，却有一样本事——认得字。\r\n\n    有一回村小学的老先生拿了一份报纸考他，他竟然磕磕绊绊地念了下来，虽然意思不懂，字却一个没念错。\r\n\n    后来不知道谁传出来的，说这王大壮原来是个高考状元，考上了一个什么顶好的大学，眼瞅着就要去报到，却不知出了什么变故，一夜之间就成了这副模样。\r\n\n    这话传得有鼻子有眼的，可谁也没法去证实。\r\n\n    王大壮倒也不惹事，平日里就给村里帮忙干些活儿东家给口饭吃，西家给件旧衣裳，就这么浑浑噩噩地过了五年。\r\n\n    此刻王大壮正在山里摘野果，忽然看到一只野鸡就追了过去。\r\n\n    就在这时，天色忽然暗了下来。\r\n\n    王大壮抬头一看，云里面隐隐约约有光亮在闪动，闷闷的雷声从远处滚过来，轰隆隆的。\r\n\n    要下雨了。\r\n\n    天越来越暗了。\r\n\n    风也起来了。\r\n\n    王大壮不管这些。\r\n\n    他猫着腰，在灌木丛和石头缝里找他的野鸡。', '--json']' timed out after 120 seconds
   ⚠️ Translation failed or still Chinese, skipped

📖 [782/1372] 傻大壮_乡野好快活/ch-0002.json
   Title: 第二章 对傻子下手！
  ⚠️ API error (attempt 1): Command '['openclaw', 'infer', 'model', 'run', '--model', 'qclaw/pool-deepseek-v4-pro', '--prompt', 'Translate this Chinese chapter title to English. Return ONLY the English title, no quotes, no explanation, no other text:\n\n第二章 对傻子下手！', '--json']' timed out after 120 seconds
  ⚠️ API error (attempt 2): Command '['openclaw', 'infer', 'model', 'run', '--model', 'qclaw/pool-deepseek-v4-pro', '--prompt', 'Translate this Chinese chapter title to English. Return ONLY the English title, no quotes, no explanation, no other text:\n\n第二章 对傻子下手！', '--json']' timed out after 120 seconds
  ⚠️ API error (attempt 1): Command '['openclaw', 'infer', 'model', 'run', '--model', 'qclaw/pool-deepseek-v4-pro', '--prompt', 'Translate the following Chinese novel chapter content to English. Return ONLY the translation, no explanation, no notes, no Chinese text:\n\n王大壮站着没动，他个子高，肩膀宽，像一堵墙似的。\r\n\n    李玉梅撞上去的时候，下意识地抓住了王大壮的胳膊，那胳膊硬邦邦的，全是结实的肌肉。\r\n\n    一股浓烈的汗味钻进她的鼻子里，不是那种让人作呕的酸臭，而是一种带着原始的雄性荷尔蒙的气息。\r\n\n    李玉梅的心忽然跳了一下，说不清是什么感觉，只是觉得莫名地踏实。\r\n\n    她在这个村子里待了五年，独守了五年空房，已经有很久很久没有感受过一个男人身体的温度了。\r\n\n    “嘿嘿，嫂子吓尿了。”王大壮的声音从头顶传来，还是那种没心没肺的傻笑。\r\n\n    李玉梅猛地回过神来，意识到自己正紧紧抓着这个傻子的胳膊，姿态实在是不太得体。\r\n\n    她像是被烫着了一样松开手，往后退了一步，脸上的红晕一直蔓延到了脖子根。\r\n\n    “胡说什么！”她啐了一口，声音却不自觉地有些发虚。\r\n\n    她低着头不敢看王大壮，心口还在砰砰地跳。\r\n\n    余光扫过王大壮的身躯——人高马大，肩宽背阔，虽然穿着破破烂烂的衣服，可那身形却掩盖不住，硬朗得很。\r\n\n    胸前的衣服敞开着，露出里面结实的肌肉线条，被汗水浸润着，在昏暗的光线下泛着一层微微的光泽。\r\n\n    李玉梅的心又跳了一下。\r\n\n    她抬起头，终于正眼看了王大壮一眼。\r\n\n    这个傻子，平日里只觉得他傻，倒没注意过他的长相。\r\n\n    此刻仔细一看，五官其实生得不差，浓眉大眼，鼻梁挺直，下巴方正，如果脑子没坏的话，大概也是个精神的小伙子。\r\n\n    只是那双眼睛里没有正常人该有的精明和算计，干干净净的，像山涧里的泉水，一眼就能看到底。\r\n\n    轰隆隆——\r\n\n    又一阵雷声滚过，天色更暗了，风也更大了，树枝被吹得哗啦啦响，有几滴雨落下来，打在树叶上噼啪作响。\r\n\n    “快下雨了，赶紧下山。”李玉梅收起乱七八糟的心思，对王大壮说道：“淋了雨要感冒的。”\r\n\n    王大壮却摇了摇头，一脸认真道：“不行，我想抓到野鸡给嫂子补补身子。”\r\n\n    李玉梅愣了一下，想说什么，可看着他那副固执的样子，知道跟他说不通。\r\n\n    傻子认准了的事情，九头牛都拉不回来。\r\n\n    就在这时候，雨忽然就下来了。', '--json']' timed out after 120 seconds
  ⚠️ API error (attempt 2): Command '['openclaw', 'infer', 'model', 'run', '--model', 'qclaw/pool-deepseek-v4-pro', '--prompt', 'Translate the following Chinese novel chapter content to English. Return ONLY the translation, no explanation, no notes, no Chinese text:\n\n王大壮站着没动，他个子高，肩膀宽，像一堵墙似的。\r\n\n    李玉梅撞上去的时候，下意识地抓住了王大壮的胳膊，那胳膊硬邦邦的，全是结实的肌肉。\r\n\n    一股浓烈的汗味钻进她的鼻子里，不是那种让人作呕的酸臭，而是一种带着原始的雄性荷尔蒙的气息。\r\n\n    李玉梅的心忽然跳了一下，说不清是什么感觉，只是觉得莫名地踏实。\r\n\n    她在这个村子里待了五年，独守了五年空房，已经有很久很久没有感受过一个男人身体的温度了。\r\n\n    “嘿嘿，嫂子吓尿了。”王大壮的声音从头顶传来，还是那种没心没肺的傻笑。\r\n\n    李玉梅猛地回过神来，意识到自己正紧紧抓着这个傻子的胳膊，姿态实在是不太得体。\r\n\n    她像是被烫着了一样松开手，往后退了一步，脸上的红晕一直蔓延到了脖子根。\r\n\n    “胡说什么！”她啐了一口，声音却不自觉地有些发虚。\r\n\n    她低着头不敢看王大壮，心口还在砰砰地跳。\r\n\n    余光扫过王大壮的身躯——人高马大，肩宽背阔，虽然穿着破破烂烂的衣服，可那身形却掩盖不住，硬朗得很。\r\n\n    胸前的衣服敞开着，露出里面结实的肌肉线条，被汗水浸润着，在昏暗的光线下泛着一层微微的光泽。\r\n\n    李玉梅的心又跳了一下。\r\n\n    她抬起头，终于正眼看了王大壮一眼。\r\n\n    这个傻子，平日里只觉得他傻，倒没注意过他的长相。\r\n\n    此刻仔细一看，五官其实生得不差，浓眉大眼，鼻梁挺直，下巴方正，如果脑子没坏的话，大概也是个精神的小伙子。\r\n\n    只是那双眼睛里没有正常人该有的精明和算计，干干净净的，像山涧里的泉水，一眼就能看到底。\r\n\n    轰隆隆——\r\n\n    又一阵雷声滚过，天色更暗了，风也更大了，树枝被吹得哗啦啦响，有几滴雨落下来，打在树叶上噼啪作响。\r\n\n    “快下雨了，赶紧下山。”李玉梅收起乱七八糟的心思，对王大壮说道：“淋了雨要感冒的。”\r\n\n    王大壮却摇了摇头，一脸认真道：“不行，我想抓到野鸡给嫂子补补身子。”\r\n\n    李玉梅愣了一下，想说什么，可看着他那副固执的样子，知道跟他说不通。\r\n\n    傻子认准了的事情，九头牛都拉不回来。\r\n\n    就在这时候，雨忽然就下来了。', '--json']' timed out after 120 seconds
   ⚠️ Translation failed or still Chinese, skipped

📖 [783/1372] 傻大壮_乡野好快活/ch-0003.json
   Title: 第三章 跟嫂子玩！
  ⚠️ API error (attempt 1): Command '['openclaw', 'infer', 'model', 'run', '--model', 'qclaw/pool-deepseek-v4-pro', '--prompt', 'Translate this Chinese chapter title to English. Return ONLY the English title, no quotes, no explanation, no other text:\n\n第三章 跟嫂子玩！', '--json']' timed out after 120 seconds
  ⚠️ API error (attempt 2): Command '['openclaw', 'infer', 'model', 'run', '--model', 'qclaw/pool-deepseek-v4-pro', '--prompt', 'Translate this Chinese chapter title to English. Return ONLY the English title, no quotes, no explanation, no other text:\n\n第三章 跟嫂子玩！', '--json']' timed out after 120 seconds
  ⚠️ API error (attempt 1): Command '['openclaw', 'infer', 'model', 'run', '--model', 'qclaw/pool-deepseek-v4-pro', '--prompt', 'Translate the following Chinese novel chapter content to English. Return ONLY the translation, no explanation, no notes, no Chinese text:\n\n湿透的衬衫从身上剥离的时候，凉意让李玉梅的皮肤起了一层细细的栗子，可很快又被体内的燥热驱散了。\r\n\n    她把衬衫搭在洞壁的一块石头上，又把湿透的裤子也脱了下来，浑身上下只剩下一件贴身的内衣。\r\n\n    “大壮……”李玉梅的声音微微发颤，对王大壮喊道：“你可以睁开眼了。”\r\n\n    王大壮睁开眼睛。\r\n\n    看见了她婀娜的身段，白皙的肌肤，在微弱的光线下泛着一层柔润的光泽。\r\n\n    她的腰肢纤细得不盈一握，臀部浑圆饱满，双腿笔直修长，那件小小的内衣根本遮不住什么，反而欲盖弥彰，更添了几分撩人的意味。\r\n\n    换做任何一个正常的男人，看到这一幕恐怕都会血脉偾张。\r\n\n    可王大壮只是愣了一下，然后歪着头看了看，脸上还是那副憨憨的笑容，眼神干净得像山涧里的泉水，没有一丝杂质。\r\n\n    李玉梅走上前去，伸出手，握住了王大壮的手。\r\n\n    然后慢慢地，缓缓地，按在了自己的胸口上。\r\n\n    王大壮的手掌覆盖在那片柔软之上的瞬间，李玉梅的身体不由自主地颤了一下，像是被电击了一样。\r\n\n    她咬着下唇，强忍着喉间涌上来的那声呻吟，抬眼望着王大壮。\r\n\n    “暖不暖和？”\r\n\n    王大壮眨了眨眼，然后点点头，咧嘴一笑道：“暖和！好舒服！”\r\n\n    李玉梅的脸更红了，可心里的那团火烧得更旺了。\r\n\n    她能感觉到他手掌的温度透过那层薄薄的布料传过来，烫得她心口发麻。\r\n\n    “那……”李玉梅舔了舔有些干涩的嘴唇，声音又低了几分，“那想不想……再摸摸别的地方？”\r\n\n    王大壮拼命地点头，笑得更开心了，“想！嫂子，还想摸！”\r\n\n    李玉梅没有再说话。\r\n\n    她踮起脚尖，双臂环住了王大壮的脖子，把自己贴了上去。\r\n\n    她感觉到他结实的胸膛贴着她的身体，感觉到他的心跳，砰砰砰的。\r\n\n    王大壮本能地抱住了李玉梅，把她整个人都圈进了怀里。\r\n\n    他的动作笨拙而粗野，没有技巧，没有经验，全凭本能在驱使。', '--json']' timed out after 120 seconds
  ⚠️ API error (attempt 2): Command '['openclaw', 'infer', 'model', 'run', '--model', 'qclaw/pool-deepseek-v4-pro', '--prompt', 'Translate the following Chinese novel chapter content to English. Return ONLY the translation, no explanation, no notes, no Chinese text:\n\n湿透的衬衫从身上剥离的时候，凉意让李玉梅的皮肤起了一层细细的栗子，可很快又被体内的燥热驱散了。\r\n\n    她把衬衫搭在洞壁的一块石头上，又把湿透的裤子也脱了下来，浑身上下只剩下一件贴身的内衣。\r\n\n    “大壮……”李玉梅的声音微微发颤，对王大壮喊道：“你可以睁开眼了。”\r\n\n    王大壮睁开眼睛。\r\n\n    看见了她婀娜的身段，白皙的肌肤，在微弱的光线下泛着一层柔润的光泽。\r\n\n    她的腰肢纤细得不盈一握，臀部浑圆饱满，双腿笔直修长，那件小小的内衣根本遮不住什么，反而欲盖弥彰，更添了几分撩人的意味。\r\n\n    换做任何一个正常的男人，看到这一幕恐怕都会血脉偾张。\r\n\n    可王大壮只是愣了一下，然后歪着头看了看，脸上还是那副憨憨的笑容，眼神干净得像山涧里的泉水，没有一丝杂质。\r\n\n    李玉梅走上前去，伸出手，握住了王大壮的手。\r\n\n    然后慢慢地，缓缓地，按在了自己的胸口上。\r\n\n    王大壮的手掌覆盖在那片柔软之上的瞬间，李玉梅的身体不由自主地颤了一下，像是被电击了一样。\r\n\n    她咬着下唇，强忍着喉间涌上来的那声呻吟，抬眼望着王大壮。\r\n\n    “暖不暖和？”\r\n\n    王大壮眨了眨眼，然后点点头，咧嘴一笑道：“暖和！好舒服！”\r\n\n    李玉梅的脸更红了，可心里的那团火烧得更旺了。\r\n\n    她能感觉到他手掌的温度透过那层薄薄的布料传过来，烫得她心口发麻。\r\n\n    “那……”李玉梅舔了舔有些干涩的嘴唇，声音又低了几分，“那想不想……再摸摸别的地方？”\r\n\n    王大壮拼命地点头，笑得更开心了，“想！嫂子，还想摸！”\r\n\n    李玉梅没有再说话。\r\n\n    她踮起脚尖，双臂环住了王大壮的脖子，把自己贴了上去。\r\n\n    她感觉到他结实的胸膛贴着她的身体，感觉到他的心跳，砰砰砰的。\r\n\n    王大壮本能地抱住了李玉梅，把她整个人都圈进了怀里。\r\n\n    他的动作笨拙而粗野，没有技巧，没有经验，全凭本能在驱使。', '--json']' timed out after 120 seconds
   ⚠️ Translation failed or still Chinese, skipped

📖 [784/1372] 傻大壮_乡野好快活/ch-0004.json
   Title: 第四章 从了我！
  ⚠️ API error (attempt 1): Command '['openclaw', 'infer', 'model', 'run', '--model', 'qclaw/pool-deepseek-v4-pro', '--prompt', 'Translate this Chinese chapter title to English. Return ONLY the English title, no quotes, no explanation, no other text:\n\n第四章 从了我！', '--json']' timed out after 120 seconds
  ⚠️ API error (attempt 2): Command '['openclaw', 'infer', 'model', 'run', '--model', 'qclaw/pool-deepseek-v4-pro', '--prompt', 'Translate this Chinese chapter title to English. Return ONLY the English title, no quotes, no explanation, no other text:\n\n第四章 从了我！', '--json']' timed out after 120 seconds
  ⚠️ API error (attempt 1): Command '['openclaw', 'infer', 'model', 'run', '--model', 'qclaw/pool-deepseek-v4-pro', '--prompt', 'Translate the following Chinese novel chapter content to English. Return ONLY the translation, no explanation, no notes, no Chinese text:\n\n就在这时候——\r\n\n    洞口的光线忽然被一个黑影挡住了。\r\n\n    李玉梅的脚步猛地停住，整个人僵在了原地。\r\n\n    洞口站着一个男人。\r\n\n    这男人浑身上下湿透了，雨水顺着他的头发和衣角往下淌，在脚下汇成了一小片水洼。\r\n\n    他显然是冒雨跑过来的，身上的灰色褂子紧紧贴在身上，勾勒出一个粗壮敦实的身形。\r\n\n    这男人四十来岁，五短身材，肩膀却很宽，脖子粗短，两条胳膊像两根柱子似的，一看就是常年干重活的人。\r\n\n    可最引人注目的是他那张脸——满脸坑坑洼洼，像是被什么东西啃过一样，密密麻麻的麻子布满了整张面孔，在昏暗的光线下显得格外狰狞。\r\n\n    尤其此刻他脸上挂着一抹似笑非笑的表情，那双绿豆大的小眼睛里带着不舒服的眼神，更让人觉得这张脸说不出的丑陋可憎。\r\n\n    这人李玉梅认识，幸福村没有不认识他的。\r\n\n    赵麻子，大名赵德柱，因为脸上那一脸麻子，村里人都叫他赵麻子。\r\n\n    说起这赵麻子，在幸福村的名声可不怎么好。\r\n\n    此人好吃懒做，偷鸡摸狗，仗着自己有两把子力气，在村里横行霸道，没少干欺负人的事。\r\n\n    前些年因为调戏邻村的一个寡妇，被人家男人找上门来打断了两根肋骨，消停了一阵子，可好了伤疤忘了疼，这两年又开始不老实了。\r\n\n    李玉梅看见对方的瞬间，心里“咯噔”一下，一种不好的预感涌上心头。\r\n\n    她强压下心头的慌乱，脸上挤出一丝客气的笑容，“赵麻子……你怎么在这儿？”\r\n\n    赵麻子没有立刻回答。\r\n\n    他的目光在李玉梅身上转了一圈，从她被雨水打湿的头发，到微微敞开的领口，再到那双还带着潮红的脸颊，最后落在她身后正傻乎乎站着的王大壮身上。\r\n\n    不由得嘴角的笑意更深了，露出一口黄牙。', '--json']' timed out after 120 seconds
  ⚠️ API error (attempt 2): Command '['openclaw', 'infer', 'model', 'run', '--model', 'qclaw/pool-deepseek-v4-pro', '--prompt', 'Translate the following Chinese novel chapter content to English. Return ONLY the translation, no explanation, no notes, no Chinese text:\n\n就在这时候——\r\n\n    洞口的光线忽然被一个黑影挡住了。\r\n\n    李玉梅的脚步猛地停住，整个人僵在了原地。\r\n\n    洞口站着一个男人。\r\n\n    这男人浑身上下湿透了，雨水顺着他的头发和衣角往下淌，在脚下汇成了一小片水洼。\r\n\n    他显然是冒雨跑过来的，身上的灰色褂子紧紧贴在身上，勾勒出一个粗壮敦实的身形。\r\n\n    这男人四十来岁，五短身材，肩膀却很宽，脖子粗短，两条胳膊像两根柱子似的，一看就是常年干重活的人。\r\n\n    可最引人注目的是他那张脸——满脸坑坑洼洼，像是被什么东西啃过一样，密密麻麻的麻子布满了整张面孔，在昏暗的光线下显得格外狰狞。\r\n\n    尤其此刻他脸上挂着一抹似笑非笑的表情，那双绿豆大的小眼睛里带着不舒服的眼神，更让人觉得这张脸说不出的丑陋可憎。\r\n\n    这人李玉梅认识，幸福村没有不认识他的。\r\n\n    赵麻子，大名赵德柱，因为脸上那一脸麻子，村里人都叫他赵麻子。\r\n\n    说起这赵麻子，在幸福村的名声可不怎么好。\r\n\n    此人好吃懒做，偷鸡摸狗，仗着自己有两把子力气，在村里横行霸道，没少干欺负人的事。\r\n\n    前些年因为调戏邻村的一个寡妇，被人家男人找上门来打断了两根肋骨，消停了一阵子，可好了伤疤忘了疼，这两年又开始不老实了。\r\n\n    李玉梅看见对方的瞬间，心里“咯噔”一下，一种不好的预感涌上心头。\r\n\n    她强压下心头的慌乱，脸上挤出一丝客气的笑容，“赵麻子……你怎么在这儿？”\r\n\n    赵麻子没有立刻回答。\r\n\n    他的目光在李玉梅身上转了一圈，从她被雨水打湿的头发，到微微敞开的领口，再到那双还带着潮红的脸颊，最后落在她身后正傻乎乎站着的王大壮身上。\r\n\n    不由得嘴角的笑意更深了，露出一口黄牙。', '--json']' timed out after 120 seconds
   ⚠️ Translation failed or still Chinese, skipped

📖 [785/1372] 傻大壮_乡野好快活/ch-0005.json
   Title: 第五章 保护嫂子！
  ⚠️ API error (attempt 1): Command '['openclaw', 'infer', 'model', 'run', '--model', 'qclaw/pool-deepseek-v4-pro', '--prompt', 'Translate this Chinese chapter title to English. Return ONLY the English title, no quotes, no explanation, no other text:\n\n第五章 保护嫂子！', '--json']' timed out after 120 seconds
  ⚠️ API error (attempt 2): Command '['openclaw', 'infer', 'model', 'run', '--model', 'qclaw/pool-deepseek-v4-pro', '--prompt', 'Translate this Chinese chapter title to English. Return ONLY the English title, no quotes, no explanation, no other text:\n\n第五章 保护嫂子！', '--json']' timed out after 120 seconds
  ⚠️ API error (attempt 1): Command '['openclaw', 'infer', 'model', 'run', '--model', 'qclaw/pool-deepseek-v4-pro', '--prompt', 'Translate the following Chinese novel chapter content to English. Return ONLY the translation, no explanation, no notes, no Chinese text:\n\n这番话像一盆冰水，兜头浇了下来。\r\n\n    李玉梅浑身冰凉，嘴唇哆嗦着，却说不出一个字来。\r\n\n    因为她知道，赵麻子说的是事实。\r\n\n    在这个封闭的村子里，名声比什么都重要。\r\n\n    一个女人的名声要是坏了，那就是一辈子的污点，走到哪里都抬不起头来。\r\n\n    而她李玉梅，一个从外地私奔来的女人，本来就没什么根基，如果这事儿传出去……\r\n\n    她不敢往下想了。\r\n\n    赵麻子看出了她的犹豫和恐惧，脸上的得意更甚了。\r\n\n    “这就对了嘛。”说着，赵麻子往前凑了凑，一股汗臭味和雨水混杂的气息扑面而来，“乖乖的，别闹，一会儿就好了……”\r\n\n    就在他的脏手快要碰到李玉梅肩膀的时候——\r\n\n    一个高大的身影忽然插了进来。\r\n\n    王大壮不知道什么时候走了过来，像一堵墙一样挡在了李玉梅面前。\r\n\n    他张开两条粗壮的胳膊，把李玉梅严严实实地护在了身后，那副架势，像是要吃人。\r\n\n    “不准欺负我嫂子！”王大壮瞪着赵麻子，那张憨厚的脸上难得地露出了认真的表情。\r\n\n    他的声音很大，在洞穴里嗡嗡作响，震得石壁上的灰尘都簌簌地往下掉。\r\n\n    赵麻子被这突如其来的变故吓了一跳，往后退了半步，等看清是王大壮之后，脸上的表情从惊讶变成了恼怒。\r\n\n    “傻大壮，你给我滚开！”赵麻子恶狠狠地瞪着王大壮，声音里满是威胁，“少管闲事，不然老子让你好看！”\r\n\n    王大壮却一动不动。\r\n\n    他歪着头看了看赵麻子，又回头看了看身后的李玉梅，然后又把头转回来，坚定地摇了摇头，“不行！嫂子说了，不让别人欺负她！大壮要保护嫂子！”\r\n\n    李玉梅站在王大壮身后，看着他宽阔的背影，眼眶忽然就红了。\r\n\n    这个傻子，什么都不懂，什么都不知道，可在这种时候，却是唯一一个站在她面前的人。\r\n\n    “你——”赵麻子气得脸都扭曲了，那一脸麻子涨得通红，看上去更加狰狞可怖，“傻大壮，你他妈的是不是活腻歪了？给老子滚开！”', '--json']' timed out after 120 seconds
  ⚠️ API error (attempt 2): Command '['openclaw', 'infer', 'model', 'run', '--model', 'qclaw/pool-deepseek-v4-pro', '--prompt', 'Translate the following Chinese novel chapter content to English. Return ONLY the translation, no explanation, no notes, no Chinese text:\n\n这番话像一盆冰水，兜头浇了下来。\r\n\n    李玉梅浑身冰凉，嘴唇哆嗦着，却说不出一个字来。\r\n\n    因为她知道，赵麻子说的是事实。\r\n\n    在这个封闭的村子里，名声比什么都重要。\r\n\n    一个女人的名声要是坏了，那就是一辈子的污点，走到哪里都抬不起头来。\r\n\n    而她李玉梅，一个从外地私奔来的女人，本来就没什么根基，如果这事儿传出去……\r\n\n    她不敢往下想了。\r\n\n    赵麻子看出了她的犹豫和恐惧，脸上的得意更甚了。\r\n\n    “这就对了嘛。”说着，赵麻子往前凑了凑，一股汗臭味和雨水混杂的气息扑面而来，“乖乖的，别闹，一会儿就好了……”\r\n\n    就在他的脏手快要碰到李玉梅肩膀的时候——\r\n\n    一个高大的身影忽然插了进来。\r\n\n    王大壮不知道什么时候走了过来，像一堵墙一样挡在了李玉梅面前。\r\n\n    他张开两条粗壮的胳膊，把李玉梅严严实实地护在了身后，那副架势，像是要吃人。\r\n\n    “不准欺负我嫂子！”王大壮瞪着赵麻子，那张憨厚的脸上难得地露出了认真的表情。\r\n\n    他的声音很大，在洞穴里嗡嗡作响，震得石壁上的灰尘都簌簌地往下掉。\r\n\n    赵麻子被这突如其来的变故吓了一跳，往后退了半步，等看清是王大壮之后，脸上的表情从惊讶变成了恼怒。\r\n\n    “傻大壮，你给我滚开！”赵麻子恶狠狠地瞪着王大壮，声音里满是威胁，“少管闲事，不然老子让你好看！”\r\n\n    王大壮却一动不动。\r\n\n    他歪着头看了看赵麻子，又回头看了看身后的李玉梅，然后又把头转回来，坚定地摇了摇头，“不行！嫂子说了，不让别人欺负她！大壮要保护嫂子！”\r\n\n    李玉梅站在王大壮身后，看着他宽阔的背影，眼眶忽然就红了。\r\n\n    这个傻子，什么都不懂，什么都不知道，可在这种时候，却是唯一一个站在她面前的人。\r\n\n    “你——”赵麻子气得脸都扭曲了，那一脸麻子涨得通红，看上去更加狰狞可怖，“傻大壮，你他妈的是不是活腻歪了？给老子滚开！”', '--json']' timed out after 120 seconds
   ⚠️ Translation failed or still Chinese, skipped

📖 [786/1372] 傻大壮_乡野好快活/ch-0006.json
   Title: 第六章 嫂子不哭！
  ⚠️ API error (attempt 1): Command '['openclaw', 'infer', 'model', 'run', '--model', 'qclaw/pool-deepseek-v4-pro', '--prompt', 'Translate this Chinese chapter title to English. Return ONLY the English title, no quotes, no explanation, no other text:\n\n第六章 嫂子不哭！', '--json']' timed out after 120 seconds
  ⚠️ API error (attempt 2): Command '['openclaw', 'infer', 'model', 'run', '--model', 'qclaw/pool-deepseek-v4-pro', '--prompt', 'Translate this Chinese chapter title to English. Return ONLY the English title, no quotes, no explanation, no other text:\n\n第六章 嫂子不哭！', '--json']' timed out after 120 seconds
  ⚠️ API error (attempt 1): Command '['openclaw', 'infer', 'model', 'run', '--model', 'qclaw/pool-deepseek-v4-pro', '--prompt', 'Translate the following Chinese novel chapter content to English. Return ONLY the translation, no explanation, no notes, no Chinese text:\n\n而此刻的王大壮，意识已经飘到了一个完全不同的地方。\r\n\n    他觉得自己像是在一片无边无际的黑暗中漂浮着，四周什么都没有，没有光，没有声音，没有上下，没有方向。\r\n\n    身体轻飘飘的，像是一片羽毛，又像是一粒尘埃，在这虚无的空间里漫无目的地游荡。\r\n\n    这是哪里？\r\n\n    我是死了吗？\r\n\n    他想开口说话，可嘴巴张开，却发不出任何声音。\r\n\n    王大壮想伸手去触摸什么，可四周什么都没有，只有无尽的虚空。\r\n\n    就在这时候，一个声音忽然响了起来。\r\n\n    那声音飘飘渺渺的，像是从很远很远的地方传来，又像是直接在他的脑海里响起。苍老，浑厚，带着一种穿透时空的力量。\r\n\n    “我的有缘人……老夫等了五千年……终于等到你了……”\r\n\n    王大壮猛地警觉起来。\r\n\n    他努力转动着头，试图寻找声音的来源，可四周一片漆黑，什么都看不见。\r\n\n    “谁？”\r\n\n    “是谁在说话？”\r\n\n    然而没有人回答。\r\n\n    可王大壮能感觉到，有什么东西正在靠近。\r\n\n    那是一种说不清道不明的感觉，像是有什么目光正在注视着他，从背后，从四面八方。\r\n\n    王大壮猛地转过身——\r\n\n    一个身影就站在他身后。\r\n\n    王大壮吓得往后退了一步，可他的身体在这片虚无中不受控制，像是被一只无形的手托着，轻飘飘地浮了起来。\r\n\n    他定睛一看，面前站着一个老人。\r\n\n    这老人仙风道骨，说不出的出尘脱俗。\r\n\n    一身白色的长袍，衣袂飘飘，无风自动。\r\n\n    满头银发如雪，用一根木簪子松松地绾着，几缕白发垂在耳侧，衬得那张面容愈发清癯。\r\n\n    最引人注目的是他的胡须——一捧雪白的长须垂到腰间，根根分明，像是上好的蚕丝，在黑暗中泛着微微的荧光。\r\n\n    他的面容慈祥和蔼，眉目间带着一种看透世事的淡然和超脱，那双眼睛深邃得像浩瀚的星空，又清澈得像山间的泉水。\r\n\n    老人面带微笑，看着王大壮，目光里满是欣慰和慈爱，像是在看一个失散多年的孩子。\r\n\n    “老人家……”王大壮眨了眨眼，脸上的表情懵懵懂懂的，“这里是哪里啊？”\r\n\n    老人捋了捋长须，笑呵呵道：“这里是仙境。”', '--json']' timed out after 120 seconds
  ⚠️ API error (attempt 2): Command '['openclaw', 'infer', 'model', 'run', '--model', 'qclaw/pool-deepseek-v4-pro', '--prompt', 'Translate the following Chinese novel chapter content to English. Return ONLY the translation, no explanation, no notes, no Chinese text:\n\n而此刻的王大壮，意识已经飘到了一个完全不同的地方。\r\n\n    他觉得自己像是在一片无边无际的黑暗中漂浮着，四周什么都没有，没有光，没有声音，没有上下，没有方向。\r\n\n    身体轻飘飘的，像是一片羽毛，又像是一粒尘埃，在这虚无的空间里漫无目的地游荡。\r\n\n    这是哪里？\r\n\n    我是死了吗？\r\n\n    他想开口说话，可嘴巴张开，却发不出任何声音。\r\n\n    王大壮想伸手去触摸什么，可四周什么都没有，只有无尽的虚空。\r\n\n    就在这时候，一个声音忽然响了起来。\r\n\n    那声音飘飘渺渺的，像是从很远很远的地方传来，又像是直接在他的脑海里响起。苍老，浑厚，带着一种穿透时空的力量。\r\n\n    “我的有缘人……老夫等了五千年……终于等到你了……”\r\n\n    王大壮猛地警觉起来。\r\n\n    他努力转动着头，试图寻找声音的来源，可四周一片漆黑，什么都看不见。\r\n\n    “谁？”\r\n\n    “是谁在说话？”\r\n\n    然而没有人回答。\r\n\n    可王大壮能感觉到，有什么东西正在靠近。\r\n\n    那是一种说不清道不明的感觉，像是有什么目光正在注视着他，从背后，从四面八方。\r\n\n    王大壮猛地转过身——\r\n\n    一个身影就站在他身后。\r\n\n    王大壮吓得往后退了一步，可他的身体在这片虚无中不受控制，像是被一只无形的手托着，轻飘飘地浮了起来。\r\n\n    他定睛一看，面前站着一个老人。\r\n\n    这老人仙风道骨，说不出的出尘脱俗。\r\n\n    一身白色的长袍，衣袂飘飘，无风自动。\r\n\n    满头银发如雪，用一根木簪子松松地绾着，几缕白发垂在耳侧，衬得那张面容愈发清癯。\r\n\n    最引人注目的是他的胡须——一捧雪白的长须垂到腰间，根根分明，像是上好的蚕丝，在黑暗中泛着微微的荧光。\r\n\n    他的面容慈祥和蔼，眉目间带着一种看透世事的淡然和超脱，那双眼睛深邃得像浩瀚的星空，又清澈得像山间的泉水。\r\n\n    老人面带微笑，看着王大壮，目光里满是欣慰和慈爱，像是在看一个失散多年的孩子。\r\n\n    “老人家……”王大壮眨了眨眼，脸上的表情懵懵懂懂的，“这里是哪里啊？”\r\n\n    老人捋了捋长须，笑呵呵道：“这里是仙境。”', '--json']' timed out after 120 seconds
   ⚠️ Translation failed or still Chinese, skipped

📖 [787/1372] 傻大壮_乡野好快活/ch-0007.json
   Title: 第七章 嫂子没穿衣服？
  ⚠️ API error (attempt 1): Command '['openclaw', 'infer', 'model', 'run', '--model', 'qclaw/pool-deepseek-v4-pro', '--prompt', 'Translate this Chinese chapter title to English. Return ONLY the English title, no quotes, no explanation, no other text:\n\n第七章 嫂子没穿衣服？', '--json']' timed out after 120 seconds
  ⚠️ API error (attempt 2): Command '['openclaw', 'infer', 'model', 'run', '--model', 'qclaw/pool-deepseek-v4-pro', '--prompt', 'Translate this Chinese chapter title to English. Return ONLY the English title, no quotes, no explanation, no other text:\n\n第七章 嫂子没穿衣服？', '--json']' timed out after 120 seconds
  ⚠️ API error (attempt 1): Command '['openclaw', 'infer', 'model', 'run', '--model', 'qclaw/pool-deepseek-v4-pro', '--prompt', 'Translate the following Chinese novel chapter content to English. Return ONLY the translation, no explanation, no notes, no Chinese text:\n\n李玉梅的眼泪止不住地往下掉，一颗一颗砸在王大壮的手背上。\r\n\n    她心里头翻涌着后怕，声音都带着颤抖道：“大壮……你要是有个三长两短，我怎么跟你爹交代啊……他老人家走的时候千叮咛万嘱咐，让我照顾好你……”\r\n\n    王大壮看着李玉梅哭得梨花带雨的模样，心里头像是被什么东西狠狠揪了一下。\r\n\n    他伸出手，轻轻抹去对方脸上的泪水，一边笑道：“嫂子，不哭了，我什么都记起来了，我不是傻子了。”\r\n\n    这话一出，李玉梅整个人都僵住了。\r\n\n    她瞪大眼睛，难以置信地看着王大壮，那双眼睛里满是震惊：“大壮……你……你说什么？你真的都记起来了？”\r\n\n    “真的。”王大壮撑着身子坐起来，目光清澈而坚定，再也没有往日那种呆滞涣散的神色。\r\n\n    “嫂子，我是被老烟枪王老六叔救回来的，之后这几年都是你在照顾我，我都记得。还有刚才，我保护你被赵麻子那个王八蛋踹倒昏迷，也多亏了他这一脚，让我的脑袋撞到受了刺激，所以……我的病好了！”\r\n\n    李玉梅盯着王大壮看了好一会儿，发现他说话条理清晰，眼神清明，跟先前那个只会傻笑的傻子简直判若两人。\r\n\n    她忽然哇的一声又哭了出来，这次却是喜极而泣，一把抱住王大壮哽咽道：“大壮，你真的好了！你真的好了！老天爷开眼了啊！”\r\n\n    王大壮被李玉梅抱了个满怀，鼻尖全是她身上淡淡的香气，胸口能清晰感受到她柔软的起伏。\r\n\n    他脑子里忽然闪过一个念头——先前在洞里，他们两个可是做了那种事情的。\r\n\n    那画面一出来，王大壮只觉得浑身燥热，赶紧压下心思，轻轻拍了拍李玉梅的后背道：“嫂子，咱们先回村吧，天都快黑了。”\r\n\n    李玉梅这才意识到自己失态，赶紧松开手，抹了把脸上的泪痕，点了点头。\r\n\n    两人一前一后往村里走。\r\n\n    王大壮走在李玉梅身后，目光不由自主地落在她的背影上。\r\n\n    李玉梅今年二十七岁，正是女人最有味道的年纪，腰身纤细，屁股浑圆饱满，走起路来一扭一扭的，看得王大壮喉咙发干。\r\n\n    他又想起洞里那些画面，心里头像是有团火在烧。\r\n\n    不过眼下不是想这些的时候，王大壮深吸一口气，加快脚步跟上去，跟李玉梅并肩走着，随口闲聊起来。', '--json']' timed out after 120 seconds
  ⚠️ API error (attempt 2): Command '['openclaw', 'infer', 'model', 'run', '--model', 'qclaw/pool-deepseek-v4-pro', '--prompt', 'Translate the following Chinese novel chapter content to English. Return ONLY the translation, no explanation, no notes, no Chinese text:\n\n李玉梅的眼泪止不住地往下掉，一颗一颗砸在王大壮的手背上。\r\n\n    她心里头翻涌着后怕，声音都带着颤抖道：“大壮……你要是有个三长两短，我怎么跟你爹交代啊……他老人家走的时候千叮咛万嘱咐，让我照顾好你……”\r\n\n    王大壮看着李玉梅哭得梨花带雨的模样，心里头像是被什么东西狠狠揪了一下。\r\n\n    他伸出手，轻轻抹去对方脸上的泪水，一边笑道：“嫂子，不哭了，我什么都记起来了，我不是傻子了。”\r\n\n    这话一出，李玉梅整个人都僵住了。\r\n\n    她瞪大眼睛，难以置信地看着王大壮，那双眼睛里满是震惊：“大壮……你……你说什么？你真的都记起来了？”\r\n\n    “真的。”王大壮撑着身子坐起来，目光清澈而坚定，再也没有往日那种呆滞涣散的神色。\r\n\n    “嫂子，我是被老烟枪王老六叔救回来的，之后这几年都是你在照顾我，我都记得。还有刚才，我保护你被赵麻子那个王八蛋踹倒昏迷，也多亏了他这一脚，让我的脑袋撞到受了刺激，所以……我的病好了！”\r\n\n    李玉梅盯着王大壮看了好一会儿，发现他说话条理清晰，眼神清明，跟先前那个只会傻笑的傻子简直判若两人。\r\n\n    她忽然哇的一声又哭了出来，这次却是喜极而泣，一把抱住王大壮哽咽道：“大壮，你真的好了！你真的好了！老天爷开眼了啊！”\r\n\n    王大壮被李玉梅抱了个满怀，鼻尖全是她身上淡淡的香气，胸口能清晰感受到她柔软的起伏。\r\n\n    他脑子里忽然闪过一个念头——先前在洞里，他们两个可是做了那种事情的。\r\n\n    那画面一出来，王大壮只觉得浑身燥热，赶紧压下心思，轻轻拍了拍李玉梅的后背道：“嫂子，咱们先回村吧，天都快黑了。”\r\n\n    李玉梅这才意识到自己失态，赶紧松开手，抹了把脸上的泪痕，点了点头。\r\n\n    两人一前一后往村里走。\r\n\n    王大壮走在李玉梅身后，目光不由自主地落在她的背影上。\r\n\n    李玉梅今年二十七岁，正是女人最有味道的年纪，腰身纤细，屁股浑圆饱满，走起路来一扭一扭的，看得王大壮喉咙发干。\r\n\n    他又想起洞里那些画面，心里头像是有团火在烧。\r\n\n    不过眼下不是想这些的时候，王大壮深吸一口气，加快脚步跟上去，跟李玉梅并肩走着，随口闲聊起来。', '--json']' timed out after 120 seconds
   ⚠️ Translation failed or still Chinese, skipped

📖 [788/1372] 傻大壮_乡野好快活/ch-0008.json
   Title: 第八章 放狗咬人！
  ⚠️ API error (attempt 1): Command '['openclaw', 'infer', 'model', 'run', '--model', 'qclaw/pool-deepseek-v4-pro', '--prompt', 'Translate this Chinese chapter title to English. Return ONLY the English title, no quotes, no explanation, no other text:\n\n第八章 放狗咬人！', '--json']' timed out after 120 seconds
  ⚠️ API error (attempt 2): Command '['openclaw', 'infer', 'model', 'run', '--model', 'qclaw/pool-deepseek-v4-pro', '--prompt', 'Translate this Chinese chapter title to English. Return ONLY the English title, no quotes, no explanation, no other text:\n\n第八章 放狗咬人！', '--json']' timed out after 120 seconds
  ⚠️ API error (attempt 1): Command '['openclaw', 'infer', 'model', 'run', '--model', 'qclaw/pool-deepseek-v4-pro', '--prompt', 'Translate the following Chinese novel chapter content to English. Return ONLY the translation, no explanation, no notes, no Chinese text:\n\n王大壮赶紧别过脸去，心跳如擂鼓。\r\n\n    可越是不看，心里头就越痒痒，那团火烧得他浑身难受。\r\n\n    他想到了洞里的一切。\r\n\n    反正都发生过了，嫂子早就是他的人了。\r\n\n    这个念头一出来，王大壮像是被什么东西驱使着一般，站起身来，三两步走到李玉梅身后，伸手从背后环住了李玉梅的腰。\r\n\n    李玉梅身体猛地一僵，锅铲都顿住了。\r\n\n    “别闹……炒菜呢……”她声音发软，带着一丝娇嗔。\r\n\n    可王大壮的手却不安分起来，顺着她的腰线缓缓游走。\r\n\n    李玉梅瞬间就崩溃了，整个人软得像是要站不住，手里的锅铲差点掉进锅里。\r\n\n    王大壮凑到她耳边，轻声道：“嫂子，我都记起来了，包括在洞里发生的一切，现在大哥不在了，以后就由我来照顾你。”\r\n\n    说完，他捧住李玉梅的脸，直接吻了下去。\r\n\n    李玉梅起初还挣扎了一下，但很快就沦陷了，转过身搂住王大壮的脖子，两人在灶台前深情拥吻。\r\n\n    灶膛里的火烧得正旺，锅里的菜滋滋作响，整个灶房里弥漫着一种暧昧而炙热的气息。\r\n\n    好一会儿，李玉梅才猛地推开王大壮，喘着气说道：“大壮，不行……现在不行，要是被人看到会说闲话的。”\r\n\n    王大壮看着她红透了的脸和微微肿起的嘴唇，心里头明白她说得有道理。\r\n\n    这村子不大，东家长西家短的，有点风吹草动就能传得满村风雨。\r\n\n    李玉梅一个寡妇，要是被人知道跟小叔子有那种关系，唾沫星子都能把她淹死。\r\n\n    “行，那就偷摸的。”王大壮想了想，笑嘻嘻道：“等我有出息了，我看谁还敢在背后嚼舌根。”\r\n\n    李玉梅听到这话，眼眶又红了，心里头又酸又暖，重重地点了点头。\r\n\n    就在这时，院子门口忽然传来一阵凶猛的狗叫声。', '--json']' timed out after 120 seconds
  ⚠️ API error (attempt 2): Command '['openclaw', 'infer', 'model', 'run', '--model', 'qclaw/pool-deepseek-v4-pro', '--prompt', 'Translate the following Chinese novel chapter content to English. Return ONLY the translation, no explanation, no notes, no Chinese text:\n\n王大壮赶紧别过脸去，心跳如擂鼓。\r\n\n    可越是不看，心里头就越痒痒，那团火烧得他浑身难受。\r\n\n    他想到了洞里的一切。\r\n\n    反正都发生过了，嫂子早就是他的人了。\r\n\n    这个念头一出来，王大壮像是被什么东西驱使着一般，站起身来，三两步走到李玉梅身后，伸手从背后环住了李玉梅的腰。\r\n\n    李玉梅身体猛地一僵，锅铲都顿住了。\r\n\n    “别闹……炒菜呢……”她声音发软，带着一丝娇嗔。\r\n\n    可王大壮的手却不安分起来，顺着她的腰线缓缓游走。\r\n\n    李玉梅瞬间就崩溃了，整个人软得像是要站不住，手里的锅铲差点掉进锅里。\r\n\n    王大壮凑到她耳边，轻声道：“嫂子，我都记起来了，包括在洞里发生的一切，现在大哥不在了，以后就由我来照顾你。”\r\n\n    说完，他捧住李玉梅的脸，直接吻了下去。\r\n\n    李玉梅起初还挣扎了一下，但很快就沦陷了，转过身搂住王大壮的脖子，两人在灶台前深情拥吻。\r\n\n    灶膛里的火烧得正旺，锅里的菜滋滋作响，整个灶房里弥漫着一种暧昧而炙热的气息。\r\n\n    好一会儿，李玉梅才猛地推开王大壮，喘着气说道：“大壮，不行……现在不行，要是被人看到会说闲话的。”\r\n\n    王大壮看着她红透了的脸和微微肿起的嘴唇，心里头明白她说得有道理。\r\n\n    这村子不大，东家长西家短的，有点风吹草动就能传得满村风雨。\r\n\n    李玉梅一个寡妇，要是被人知道跟小叔子有那种关系，唾沫星子都能把她淹死。\r\n\n    “行，那就偷摸的。”王大壮想了想，笑嘻嘻道：“等我有出息了，我看谁还敢在背后嚼舌根。”\r\n\n    李玉梅听到这话，眼眶又红了，心里头又酸又暖，重重地点了点头。\r\n\n    就在这时，院子门口忽然传来一阵凶猛的狗叫声。', '--json']' timed out after 120 seconds
   ⚠️ Translation failed or still Chinese, skipped

📖 [789/1372] 傻大壮_乡野好快活/ch-0009.json
   Title: 第九章 来嫂子怀里！
  ⚠️ API error (attempt 1): Command '['openclaw', 'infer', 'model', 'run', '--model', 'qclaw/pool-deepseek-v4-pro', '--prompt', 'Translate this Chinese chapter title to English. Return ONLY the English title, no quotes, no explanation, no other text:\n\n第九章 来嫂子怀里！', '--json']' timed out after 120 seconds
  ⚠️ API error (attempt 2): Command '['openclaw', 'infer', 'model', 'run', '--model', 'qclaw/pool-deepseek-v4-pro', '--prompt', 'Translate this Chinese chapter title to English. Return ONLY the English title, no quotes, no explanation, no other text:\n\n第九章 来嫂子怀里！', '--json']' timed out after 120 seconds
  ⚠️ API error (attempt 1): Command '['openclaw', 'infer', 'model', 'run', '--model', 'qclaw/pool-deepseek-v4-pro', '--prompt', 'Translate the following Chinese novel chapter content to English. Return ONLY the translation, no explanation, no notes, no Chinese text:\n\n一段段玄妙的文字和图案如同潮水般涌进他的意识，经脉、穴位、灵气运转的路线，所有信息清晰得像是刻在脑子里一样。\r\n\n    王大壮浑身一震，整个人像是被定住了一般，默默感受着脑海中涌现出的内容。\r\n\n    仙武传承。\r\n\n    一共分为三个阶段。\r\n\n    第一阶段，炼气期。引天地灵气入体，淬炼筋骨经脉，打通任督二脉后，可力举千斤，身轻如燕，百病不侵。\r\n\n    第二阶段，筑基期。灵气凝聚成丹，可外放真气，隔空伤人，御气而行，踏水无痕。\r\n\n    第三阶段，金丹期。灵气化液，凝结金丹，可生死人肉白骨，移山填海，不在话下。\r\n\n    至于后面目前还看不到，王大壮认为是跟自己的能力有关系。\r\n\n    而每一个阶段的突破，都需要汲取足够多的天地灵气才能引动。\r\n\n    王大壮睁开眼，眼里头全是狂喜。\r\n\n    生死人肉白骨，移山填海——这是什么概念？这哪是什么武功，这分明就是神仙手段！\r\n\n    他深吸一口气，压下心头的激动，试着按照脑海中法诀的指引去感应天地灵气。\r\n\n    起初什么都没感觉到，但他不着急，一遍又一遍地默念法诀，渐渐地，他感觉到空气中有一种若有若无的清凉气息，像是清晨的薄雾，又像是山间的微风，丝丝缕缕地渗进他的皮肤，顺着经脉缓缓流淌。\r\n\n    虽然极其微弱，但确实存在。\r\n\n    王大壮心里头大喜，知道自己这条路走对了。\r\n\n    “大壮，刚才是谁在门口呀？发生啥事儿了？”\r\n\n    李玉梅的声音从灶房门口传来，她端着两盘菜走出来，一脸疑惑地看着站在院子中间发呆的王大壮。\r\n\n    灶房里炒菜的声音太大，她刚才没听清楚外面的动静。\r\n\n    王大壮回过神来，笑了笑，走过去接过她手里的菜盘子，随口说道：“没啥，就是两条狗在门口叫唤。一条是小黑，还有一条嘛……是母狗，可能发情了，现在被我赶跑了，没事了。”\r\n\n    李玉梅听了后却是好笑起来：“我还以为是谁找我呢，不过你也真是的，母狗来了就让小黑配合一下呗，要是能生崽崽咱们到时候要一只。”\r\n\n    “嫂子说得对，下次来的话我就不赶她走了。”王大壮嘿嘿直笑起来。', '--json']' timed out after 120 seconds
  ⚠️ API error (attempt 2): Command '['openclaw', 'infer', 'model', 'run', '--model', 'qclaw/pool-deepseek-v4-pro', '--prompt', 'Translate the following Chinese novel chapter content to English. Return ONLY the translation, no explanation, no notes, no Chinese text:\n\n一段段玄妙的文字和图案如同潮水般涌进他的意识，经脉、穴位、灵气运转的路线，所有信息清晰得像是刻在脑子里一样。\r\n\n    王大壮浑身一震，整个人像是被定住了一般，默默感受着脑海中涌现出的内容。\r\n\n    仙武传承。\r\n\n    一共分为三个阶段。\r\n\n    第一阶段，炼气期。引天地灵气入体，淬炼筋骨经脉，打通任督二脉后，可力举千斤，身轻如燕，百病不侵。\r\n\n    第二阶段，筑基期。灵气凝聚成丹，可外放真气，隔空伤人，御气而行，踏水无痕。\r\n\n    第三阶段，金丹期。灵气化液，凝结金丹，可生死人肉白骨，移山填海，不在话下。\r\n\n    至于后面目前还看不到，王大壮认为是跟自己的能力有关系。\r\n\n    而每一个阶段的突破，都需要汲取足够多的天地灵气才能引动。\r\n\n    王大壮睁开眼，眼里头全是狂喜。\r\n\n    生死人肉白骨，移山填海——这是什么概念？这哪是什么武功，这分明就是神仙手段！\r\n\n    他深吸一口气，压下心头的激动，试着按照脑海中法诀的指引去感应天地灵气。\r\n\n    起初什么都没感觉到，但他不着急，一遍又一遍地默念法诀，渐渐地，他感觉到空气中有一种若有若无的清凉气息，像是清晨的薄雾，又像是山间的微风，丝丝缕缕地渗进他的皮肤，顺着经脉缓缓流淌。\r\n\n    虽然极其微弱，但确实存在。\r\n\n    王大壮心里头大喜，知道自己这条路走对了。\r\n\n    “大壮，刚才是谁在门口呀？发生啥事儿了？”\r\n\n    李玉梅的声音从灶房门口传来，她端着两盘菜走出来，一脸疑惑地看着站在院子中间发呆的王大壮。\r\n\n    灶房里炒菜的声音太大，她刚才没听清楚外面的动静。\r\n\n    王大壮回过神来，笑了笑，走过去接过她手里的菜盘子，随口说道：“没啥，就是两条狗在门口叫唤。一条是小黑，还有一条嘛……是母狗，可能发情了，现在被我赶跑了，没事了。”\r\n\n    李玉梅听了后却是好笑起来：“我还以为是谁找我呢，不过你也真是的，母狗来了就让小黑配合一下呗，要是能生崽崽咱们到时候要一只。”\r\n\n    “嫂子说得对，下次来的话我就不赶她走了。”王大壮嘿嘿直笑起来。', '--json']' timed out after 120 seconds
   ⚠️ Translation failed or still Chinese, skipped

📖 [790/1372] 傻大壮_乡野好快活/ch-0010.json
   Title: 第十章 好好照顾嫂子！
  ⚠️ API error (attempt 1): Command '['openclaw', 'infer', 'model', 'run', '--model', 'qclaw/pool-deepseek-v4-pro', '--prompt', 'Translate this Chinese chapter title to English. Return ONLY the English title, no quotes, no explanation, no other text:\n\n第十章 好好照顾嫂子！', '--json']' timed out after 120 seconds
  ⚠️ API error (attempt 2): Command '['openclaw', 'infer', 'model', 'run', '--model', 'qclaw/pool-deepseek-v4-pro', '--prompt', 'Translate this Chinese chapter title to English. Return ONLY the English title, no quotes, no explanation, no other text:\n\n第十章 好好照顾嫂子！', '--json']' timed out after 120 seconds
  ⚠️ API error (attempt 1): Command '['openclaw', 'infer', 'model', 'run', '--model', 'qclaw/pool-deepseek-v4-pro', '--prompt', 'Translate the following Chinese novel chapter content to English. Return ONLY the translation, no explanation, no notes, no Chinese text:\n\n院子里，王大壮光着膀子，只穿了一条宽松的长裤，正赤脚站在泥地上。\r\n\n    晨光洒在他宽阔的肩背上，那古铜色的皮肤上还挂着细密的汗珠，随着他每一个动作的起伏，肌肉线条在光影下呈现出一种近乎完美的轮廓。\r\n\n    宽肩窄腰，脊背挺直，每一块肌肉都像是被精心雕琢过一般，既有爆发力又不失协调感。\r\n\n    李玉梅的目光从他宽阔的背部滑到紧实的腰腹，再移到那两条笔直有力的长腿，心跳骤然加速，脸颊不受控制地烧了起来。\r\n\n    她不由得想入非非起来，心里暗骂自己不争气。\r\n\n    这傻小子，怎么一大早就在院子里光着膀子，也不怕着凉？\r\n\n    不对，重点是——他什么时候变得这么……这么……\r\n\n    李玉梅深吸一口气，努力让自己的目光保持镇定，可眼角余光还是忍不住又瞟了过去。\r\n\n    王大壮的动作流畅而有力，出拳时带着呼呼风声，收招时又行云流水毫无凝滞。\r\n\n    他忽然双腿微屈，腰胯下沉，双掌自胸前缓缓推出，整个人仿佛与周围的空气融为一体，那种浑然天成的气势，根本不像是一个刚恢复神智的人，反倒像是练了多年的武道高手。\r\n\n    李玉梅看得入神，竟忘了挪开目光。\r\n\n    一套拳打完，王大壮缓缓收势，双手自胸前下压，轻轻吐出一口浊气。\r\n\n    那口气息在清晨的冷空气中凝成一道淡淡的白线，笔直地射出三尺多远才缓缓消散。\r\n\n    他睁开眼，整个人神清气爽，只觉得浑身上下每一个毛孔都透着舒泰。\r\n\n    仙武传承里的这套基础拳法，果然不一般。\r\n\n    昨晚只是在脑海中过了一遍，今早试着打出来，那股微弱灵气竟然随着招式的运转在体内自行流转，滋养着筋骨皮肉，甚至连精神都格外清明。\r\n\n    李玉梅被王大壮看得心跳又漏了一拍，连忙垂下眼帘，慌乱道：“你……也不多穿点，大清早的寒气重，别冻着了。”\r\n\n    王大壮低头看了看自己光着的上身，倒是毫不在意地笑了笑道：“没事的嫂子，我身体结实着呢，不冷。”\r\n\n    李玉梅没接话，她赶紧转过身往屋里走，边走边说道：“我去做早饭，吃完咱们就上山。”\r\n\n    “好。”王大壮应了一声，弯腰捡起搭在院墙上的旧衬衫套上。\r\n\n    李玉梅走进灶房，蹲在灶台前点火烧水，灶膛里的火光映在她脸上，把那层红晕照得更加明显。', '--json']' timed out after 120 seconds
  ⚠️ API error (attempt 2): Command '['openclaw', 'infer', 'model', 'run', '--model', 'qclaw/pool-deepseek-v4-pro', '--prompt', 'Translate the following Chinese novel chapter content to English. Return ONLY the translation, no explanation, no notes, no Chinese text:\n\n院子里，王大壮光着膀子，只穿了一条宽松的长裤，正赤脚站在泥地上。\r\n\n    晨光洒在他宽阔的肩背上，那古铜色的皮肤上还挂着细密的汗珠，随着他每一个动作的起伏，肌肉线条在光影下呈现出一种近乎完美的轮廓。\r\n\n    宽肩窄腰，脊背挺直，每一块肌肉都像是被精心雕琢过一般，既有爆发力又不失协调感。\r\n\n    李玉梅的目光从他宽阔的背部滑到紧实的腰腹，再移到那两条笔直有力的长腿，心跳骤然加速，脸颊不受控制地烧了起来。\r\n\n    她不由得想入非非起来，心里暗骂自己不争气。\r\n\n    这傻小子，怎么一大早就在院子里光着膀子，也不怕着凉？\r\n\n    不对，重点是——他什么时候变得这么……这么……\r\n\n    李玉梅深吸一口气，努力让自己的目光保持镇定，可眼角余光还是忍不住又瞟了过去。\r\n\n    王大壮的动作流畅而有力，出拳时带着呼呼风声，收招时又行云流水毫无凝滞。\r\n\n    他忽然双腿微屈，腰胯下沉，双掌自胸前缓缓推出，整个人仿佛与周围的空气融为一体，那种浑然天成的气势，根本不像是一个刚恢复神智的人，反倒像是练了多年的武道高手。\r\n\n    李玉梅看得入神，竟忘了挪开目光。\r\n\n    一套拳打完，王大壮缓缓收势，双手自胸前下压，轻轻吐出一口浊气。\r\n\n    那口气息在清晨的冷空气中凝成一道淡淡的白线，笔直地射出三尺多远才缓缓消散。\r\n\n    他睁开眼，整个人神清气爽，只觉得浑身上下每一个毛孔都透着舒泰。\r\n\n    仙武传承里的这套基础拳法，果然不一般。\r\n\n    昨晚只是在脑海中过了一遍，今早试着打出来，那股微弱灵气竟然随着招式的运转在体内自行流转，滋养着筋骨皮肉，甚至连精神都格外清明。\r\n\n    李玉梅被王大壮看得心跳又漏了一拍，连忙垂下眼帘，慌乱道：“你……也不多穿点，大清早的寒气重，别冻着了。”\r\n\n    王大壮低头看了看自己光着的上身，倒是毫不在意地笑了笑道：“没事的嫂子，我身体结实着呢，不冷。”\r\n\n    李玉梅没接话，她赶紧转过身往屋里走，边走边说道：“我去做早饭，吃完咱们就上山。”\r\n\n    “好。”王大壮应了一声，弯腰捡起搭在院墙上的旧衬衫套上。\r\n\n    李玉梅走进灶房，蹲在灶台前点火烧水，灶膛里的火光映在她脸上，把那层红晕照得更加明显。', '--json']' timed out after 120 seconds
   ⚠️ Translation failed or still Chinese, skipped

📖 [791/1372] 傻大壮_乡野好快活/ch-0011.json
   Title: 第十一章 跟嫂子打赌！
  ⚠️ API error (attempt 1): Command '['openclaw', 'infer', 'model', 'run', '--model', 'qclaw/pool-deepseek-v4-pro', '--prompt', 'Translate this Chinese chapter title to English. Return ONLY the English title, no quotes, no explanation, no other text:\n\n第十一章 跟嫂子打赌！', '--json']' timed out after 120 seconds
  ⚠️ API error (attempt 2): Command '['openclaw', 'infer', 'model', 'run', '--model', 'qclaw/pool-deepseek-v4-pro', '--prompt', 'Translate this Chinese chapter title to English. Return ONLY the English title, no quotes, no explanation, no other text:\n\n第十一章 跟嫂子打赌！', '--json']' timed out after 120 seconds
  ⚠️ API error (attempt 1): Command '['openclaw', 'infer', 'model', 'run', '--model', 'qclaw/pool-deepseek-v4-pro', '--prompt', 'Translate the following Chinese novel chapter content to English. Return ONLY the translation, no explanation, no notes, no Chinese text:\n\n她没有说话，只是低下头去，把黄纸一张一张地放进火堆里。\r\n\n    火苗舔舐着纸面，纸灰被热浪卷起，在风中打着旋儿飞向天空。\r\n\n    “建国。”接着，李玉梅才出声道：“大壮的心智已经好起来了，以后可以自己照顾自己，也能自己过日子了，你泉下有知，也该放心了。”\r\n\n    她顿了一下，指尖捏着黄纸的动作微微用力，像是在做什么重大的决定。\r\n\n    “这些年，我替你守着这个家，照顾大壮，已经守了五年了。”\r\n\n    “我自认为……不欠王家什么了。”\r\n\n    王大壮听到这里，像是想到什么，看向李玉梅。\r\n\n    李玉梅却只是盯着面前的墓碑，眼眶里的泪水终于滑落下来，顺着她的脸颊滴在泥土里。\r\n\n    她深吸一口气，继续道：“所以，这次祭拜完后……我可能以后都不会再来了。”\r\n\n    话音落下，空气仿佛凝固了。\r\n\n    王大壮盯着李玉梅，瞳孔微微收缩起来：“嫂子，你这话是什么意思？”\r\n\n    什么叫以后都不会再来了？\r\n\n    李玉梅这才转过头来看向王大壮，那双泛红的眼睛里满是不舍，她抿了抿嘴唇开口道：\r\n\n    “大壮，当初你的病还没好的时候，我一直放心不下，怕没人照顾你，怕你一个人会出什么事。可现在你的病好了，脑子也清楚了，可以自己照顾自己了，所以……我也没留下来的必要了。”\r\n\n    王大壮张了张嘴，想说什么，却被她抬手制止。\r\n\n    “过了今天……”李玉梅的声音终于有了一丝颤抖，“我就回家去。”\r\n\n    回家。\r\n\n    这两个字像一盆冷水浇在王大壮头上。\r\n\n    他当然知道李玉梅说的“家”是哪里——她娘家。\r\n\n    “不行。”王大壮几乎是脱口而出，声音大得连他自己都吓了一跳。\r\n\n    李玉梅被王大壮这突如其来的音量惊了一下，怔怔地看着他。\r\n\n    王大壮一把抓住李玉梅的手腕说道：“嫂子，你不能走，我才刚恢复过来，什么都不懂，什么都不会，你走了我怎么办？”\r\n\n    “大壮……”李玉梅却叹了口气道：“你心里在想什么，我清楚得很。”', '--json']' timed out after 120 seconds
  ⚠️ API error (attempt 2): Command '['openclaw', 'infer', 'model', 'run', '--model', 'qclaw/pool-deepseek-v4-pro', '--prompt', 'Translate the following Chinese novel chapter content to English. Return ONLY the translation, no explanation, no notes, no Chinese text:\n\n她没有说话，只是低下头去，把黄纸一张一张地放进火堆里。\r\n\n    火苗舔舐着纸面，纸灰被热浪卷起，在风中打着旋儿飞向天空。\r\n\n    “建国。”接着，李玉梅才出声道：“大壮的心智已经好起来了，以后可以自己照顾自己，也能自己过日子了，你泉下有知，也该放心了。”\r\n\n    她顿了一下，指尖捏着黄纸的动作微微用力，像是在做什么重大的决定。\r\n\n    “这些年，我替你守着这个家，照顾大壮，已经守了五年了。”\r\n\n    “我自认为……不欠王家什么了。”\r\n\n    王大壮听到这里，像是想到什么，看向李玉梅。\r\n\n    李玉梅却只是盯着面前的墓碑，眼眶里的泪水终于滑落下来，顺着她的脸颊滴在泥土里。\r\n\n    她深吸一口气，继续道：“所以，这次祭拜完后……我可能以后都不会再来了。”\r\n\n    话音落下，空气仿佛凝固了。\r\n\n    王大壮盯着李玉梅，瞳孔微微收缩起来：“嫂子，你这话是什么意思？”\r\n\n    什么叫以后都不会再来了？\r\n\n    李玉梅这才转过头来看向王大壮，那双泛红的眼睛里满是不舍，她抿了抿嘴唇开口道：\r\n\n    “大壮，当初你的病还没好的时候，我一直放心不下，怕没人照顾你，怕你一个人会出什么事。可现在你的病好了，脑子也清楚了，可以自己照顾自己了，所以……我也没留下来的必要了。”\r\n\n    王大壮张了张嘴，想说什么，却被她抬手制止。\r\n\n    “过了今天……”李玉梅的声音终于有了一丝颤抖，“我就回家去。”\r\n\n    回家。\r\n\n    这两个字像一盆冷水浇在王大壮头上。\r\n\n    他当然知道李玉梅说的“家”是哪里——她娘家。\r\n\n    “不行。”王大壮几乎是脱口而出，声音大得连他自己都吓了一跳。\r\n\n    李玉梅被王大壮这突如其来的音量惊了一下，怔怔地看着他。\r\n\n    王大壮一把抓住李玉梅的手腕说道：“嫂子，你不能走，我才刚恢复过来，什么都不懂，什么都不会，你走了我怎么办？”\r\n\n    “大壮……”李玉梅却叹了口气道：“你心里在想什么，我清楚得很。”', '--json']' timed out after 120 seconds
   ⚠️ Translation failed or still Chinese, skipped

📖 [792/1372] 傻大壮_乡野好快活/ch-0012.json
   Title: 第十二章 大壮，我疼！
  ⚠️ API error (attempt 1): Command '['openclaw', 'infer', 'model', 'run', '--model', 'qclaw/pool-deepseek-v4-pro', '--prompt', 'Translate this Chinese chapter title to English. Return ONLY the English title, no quotes, no explanation, no other text:\n\n第十二章 大壮，我疼！', '--json']' timed out after 120 seconds
  ⚠️ API error (attempt 2): Command '['openclaw', 'infer', 'model', 'run', '--model', 'qclaw/pool-deepseek-v4-pro', '--prompt', 'Translate this Chinese chapter title to English. Return ONLY the English title, no quotes, no explanation, no other text:\n\n第十二章 大壮，我疼！', '--json']' timed out after 120 seconds
  ⚠️ API error (attempt 1): Command '['openclaw', 'infer', 'model', 'run', '--model', 'qclaw/pool-deepseek-v4-pro', '--prompt', 'Translate the following Chinese novel chapter content to English. Return ONLY the translation, no explanation, no notes, no Chinese text:\n\n李玉梅哭了好一会儿，像是要把这五年积攒的所有委屈和心酸都哭出来。\r\n\n    王大壮就跪在李玉梅身边，一言不发，只是安静地陪着她。\r\n\n    等哭声渐歇，李玉梅抬起头来，深吸一口气，对王大壮说道：“大壮，嫂子愿赌服输。”\r\n\n    “嫂子不走了。”\r\n\n    王大壮的心猛地一跳，一股巨大的喜悦让他几乎要跳起来。\r\n\n    他用力握了握拳头，把那股狂喜压下去，只冲李玉梅露出一个灿烂的笑容。\r\n\n    “谢谢嫂子。”\r\n\n    李玉梅被他这一笑晃得心跳又乱了，赶紧别过脸去，假装在收拾地上的纸灰。\r\n\n    两人又在坟前待了一会儿，把剩下的黄纸烧完，又磕了三个头，这才起身下山。\r\n\n    下山的路比上山时要难走一些，山路陡峭，前几天下过雨，泥土还有些湿滑。\r\n\n    李玉梅走在前面，王大壮跟在后面，两人之间隔了大约两三步的距离。\r\n\n    “嫂子，你走慢点，路滑。”王大壮在后面喊道。\r\n\n    “没事，这条路我走了——”李玉梅话说到一半，脚下一滑，整个人猛地向前扑去。\r\n\n    她踩到了一块松动的泥土，那块土被雨水泡得松软，承受不住她的重量，整块塌了下去。\r\n\n    她的身体瞬间失去平衡，惊呼一声，双手胡乱地在空中挥舞，想要抓住什么东西稳住自己。\r\n\n    王大壮的反应快得连他自己都有些意外。\r\n\n    几乎是在李玉梅身体倾斜的瞬间，他的脚就已经蹬了出去，整个人像一支离弦的箭般冲上前去，右手猛地探出，一把揽住了李玉梅的腰。\r\n\n    触手温软，腰肢纤细得不像是一个干了五年农活的妇人该有的样子。\r\n\n    可这段路实在太陡了，加上地面湿滑，王大壮这一冲虽然抱住了李玉梅，自己却也没能站稳。\r\n\n    他的脚底在泥面上打了个滑，整个人连同怀里的李玉梅一起，顺着斜坡滚了下去。\r\n\n    “大壮！”李玉梅惊叫出声。', '--json']' timed out after 120 seconds
  ⚠️ API error (attempt 2): Command '['openclaw', 'infer', 'model', 'run', '--model', 'qclaw/pool-deepseek-v4-pro', '--prompt', 'Translate the following Chinese novel chapter content to English. Return ONLY the translation, no explanation, no notes, no Chinese text:\n\n李玉梅哭了好一会儿，像是要把这五年积攒的所有委屈和心酸都哭出来。\r\n\n    王大壮就跪在李玉梅身边，一言不发，只是安静地陪着她。\r\n\n    等哭声渐歇，李玉梅抬起头来，深吸一口气，对王大壮说道：“大壮，嫂子愿赌服输。”\r\n\n    “嫂子不走了。”\r\n\n    王大壮的心猛地一跳，一股巨大的喜悦让他几乎要跳起来。\r\n\n    他用力握了握拳头，把那股狂喜压下去，只冲李玉梅露出一个灿烂的笑容。\r\n\n    “谢谢嫂子。”\r\n\n    李玉梅被他这一笑晃得心跳又乱了，赶紧别过脸去，假装在收拾地上的纸灰。\r\n\n    两人又在坟前待了一会儿，把剩下的黄纸烧完，又磕了三个头，这才起身下山。\r\n\n    下山的路比上山时要难走一些，山路陡峭，前几天下过雨，泥土还有些湿滑。\r\n\n    李玉梅走在前面，王大壮跟在后面，两人之间隔了大约两三步的距离。\r\n\n    “嫂子，你走慢点，路滑。”王大壮在后面喊道。\r\n\n    “没事，这条路我走了——”李玉梅话说到一半，脚下一滑，整个人猛地向前扑去。\r\n\n    她踩到了一块松动的泥土，那块土被雨水泡得松软，承受不住她的重量，整块塌了下去。\r\n\n    她的身体瞬间失去平衡，惊呼一声，双手胡乱地在空中挥舞，想要抓住什么东西稳住自己。\r\n\n    王大壮的反应快得连他自己都有些意外。\r\n\n    几乎是在李玉梅身体倾斜的瞬间，他的脚就已经蹬了出去，整个人像一支离弦的箭般冲上前去，右手猛地探出，一把揽住了李玉梅的腰。\r\n\n    触手温软，腰肢纤细得不像是一个干了五年农活的妇人该有的样子。\r\n\n    可这段路实在太陡了，加上地面湿滑，王大壮这一冲虽然抱住了李玉梅，自己却也没能站稳。\r\n\n    他的脚底在泥面上打了个滑，整个人连同怀里的李玉梅一起，顺着斜坡滚了下去。\r\n\n    “大壮！”李玉梅惊叫出声。', '--json']' timed out after 120 seconds
   ⚠️ Translation failed or still Chinese, skipped

📖 [793/1372] 傻大壮_乡野好快活/ch-0013.json
   Title: 第十三章 大壮你好厉害！
  ⚠️ API error (attempt 1): Command '['openclaw', 'infer', 'model', 'run', '--model', 'qclaw/pool-deepseek-v4-pro', '--prompt', 'Translate this Chinese chapter title to English. Return ONLY the English title, no quotes, no explanation, no other text:\n\n第十三章 大壮你好厉害！', '--json']' timed out after 120 seconds
  ⚠️ API error (attempt 2): Command '['openclaw', 'infer', 'model', 'run', '--model', 'qclaw/pool-deepseek-v4-pro', '--prompt', 'Translate this Chinese chapter title to English. Return ONLY the English title, no quotes, no explanation, no other text:\n\n第十三章 大壮你好厉害！', '--json']' timed out after 120 seconds
  ⚠️ API error (attempt 1): Command '['openclaw', 'infer', 'model', 'run', '--model', 'qclaw/pool-deepseek-v4-pro', '--prompt', 'Translate the following Chinese novel chapter content to English. Return ONLY the translation, no explanation, no notes, no Chinese text:\n\n声音里却没有多少痛苦，更多的是一种猝不及防的惊愕。\r\n\n    咔嗒一声轻响，骨头归位了。\r\n\n    王大壮松开手，额头已经沁出了一层细汗。\r\n\n    他擦了擦汗，看着李玉梅咧嘴一笑道：“嫂子，好了，你试试还疼不疼？”\r\n\n    李玉梅怔怔地低头看着自己的脚踝，那个高高肿起的包已经消退了大半，虽然还有些红肿，但比刚才已经好了太多。\r\n\n    她试着活动了一下脚趾，那股钻心的疼痛消失了，取而代之的是一种酸胀的舒适感。\r\n\n    “不疼了？”她不敢相信地又动了动脚踝，确实不疼了，甚至比扭伤之前还要灵活一些。\r\n\n    王大壮站起身，向她伸出手道：“嫂子，你站起来试试。”\r\n\n    李玉梅把手递给王大壮，借力站了起来，试探着把重心移到左脚上，踩实，再踩实，然后走了两步。\r\n\n    发现受伤的脚恢复如初。\r\n\n    不，比完好如初还要好，她的脚踝从来没有这么轻松过，那种感觉就像是换了一副新的关节一样。\r\n\n    “真的好了！”李玉梅惊喜地看着王大壮，“大壮，你真的好厉害！”\r\n\n    她这话说得真心实意，眼神里的崇拜和欢喜毫不掩饰。\r\n\n    王大壮被她看得有些不好意思，挠了挠头，咧嘴笑道：“嫂子你看吧，我没骗你吧？”\r\n\n    李玉梅笑着点头，眼眶却有些发热。\r\n\n    这个从小被她照顾的傻小子，现在不但脑子清醒了，还会医术了，她心里忽然涌起一种说不清的自豪和欣慰。\r\n\n    她看了眼四周，山路上静悄悄的，前后都没有人影。\r\n\n    李玉梅忽然踮起脚尖，飞快地在王大壮的脸颊上亲了一口。\r\n\n    那动作快得像蜻蜓点水，王大壮甚至还没来得及反应过来，那温软的触感就已经消失了。\r\n\n    可脸颊上残留的那一点湿润和温热，却像是一颗火星溅进了干柴堆里，瞬间点燃了他整个人。\r\n\n    他瞪大了眼睛，嘴巴张了张，一个字都没说出来。', '--json']' timed out after 120 seconds
  ⚠️ API error (attempt 2): Command '['openclaw', 'infer', 'model', 'run', '--model', 'qclaw/pool-deepseek-v4-pro', '--prompt', 'Translate the following Chinese novel chapter content to English. Return ONLY the translation, no explanation, no notes, no Chinese text:\n\n声音里却没有多少痛苦，更多的是一种猝不及防的惊愕。\r\n\n    咔嗒一声轻响，骨头归位了。\r\n\n    王大壮松开手，额头已经沁出了一层细汗。\r\n\n    他擦了擦汗，看着李玉梅咧嘴一笑道：“嫂子，好了，你试试还疼不疼？”\r\n\n    李玉梅怔怔地低头看着自己的脚踝，那个高高肿起的包已经消退了大半，虽然还有些红肿，但比刚才已经好了太多。\r\n\n    她试着活动了一下脚趾，那股钻心的疼痛消失了，取而代之的是一种酸胀的舒适感。\r\n\n    “不疼了？”她不敢相信地又动了动脚踝，确实不疼了，甚至比扭伤之前还要灵活一些。\r\n\n    王大壮站起身，向她伸出手道：“嫂子，你站起来试试。”\r\n\n    李玉梅把手递给王大壮，借力站了起来，试探着把重心移到左脚上，踩实，再踩实，然后走了两步。\r\n\n    发现受伤的脚恢复如初。\r\n\n    不，比完好如初还要好，她的脚踝从来没有这么轻松过，那种感觉就像是换了一副新的关节一样。\r\n\n    “真的好了！”李玉梅惊喜地看着王大壮，“大壮，你真的好厉害！”\r\n\n    她这话说得真心实意，眼神里的崇拜和欢喜毫不掩饰。\r\n\n    王大壮被她看得有些不好意思，挠了挠头，咧嘴笑道：“嫂子你看吧，我没骗你吧？”\r\n\n    李玉梅笑着点头，眼眶却有些发热。\r\n\n    这个从小被她照顾的傻小子，现在不但脑子清醒了，还会医术了，她心里忽然涌起一种说不清的自豪和欣慰。\r\n\n    她看了眼四周，山路上静悄悄的，前后都没有人影。\r\n\n    李玉梅忽然踮起脚尖，飞快地在王大壮的脸颊上亲了一口。\r\n\n    那动作快得像蜻蜓点水，王大壮甚至还没来得及反应过来，那温软的触感就已经消失了。\r\n\n    可脸颊上残留的那一点湿润和温热，却像是一颗火星溅进了干柴堆里，瞬间点燃了他整个人。\r\n\n    他瞪大了眼睛，嘴巴张了张，一个字都没说出来。', '--json']' timed out after 120 seconds
   ⚠️ Translation failed or still Chinese, skipped

📖 [794/1372] 傻大壮_乡野好快活/ch-0014.json
   Title: 第十四章 果园深处！
  ⚠️ API error (attempt 1): Command '['openclaw', 'infer', 'model', 'run', '--model', 'qclaw/pool-deepseek-v4-pro', '--prompt', 'Translate this Chinese chapter title to English. Return ONLY the English title, no quotes, no explanation, no other text:\n\n第十四章 果园深处！', '--json']' timed out after 120 seconds
  ⚠️ API error (attempt 2): Command '['openclaw', 'infer', 'model', 'run', '--model', 'qclaw/pool-deepseek-v4-pro', '--prompt', 'Translate this Chinese chapter title to English. Return ONLY the English title, no quotes, no explanation, no other text:\n\n第十四章 果园深处！', '--json']' timed out after 120 seconds
  ⚠️ API error (attempt 1): Command '['openclaw', 'infer', 'model', 'run', '--model', 'qclaw/pool-deepseek-v4-pro', '--prompt', 'Translate the following Chinese novel chapter content to English. Return ONLY the translation, no explanation, no notes, no Chinese text:\n\n到了果园后，果园里的景象，让王大壮彻底叹为观止。\r\n\n    不是惊叹它的丰饶，而是震惊于它的荒芜。\r\n\n    转着圈环顾四周，几十棵果树散落在山坡上，说是果园，其实更像是一片荒废的原始丛林。\r\n\n    半人高的杂草密密麻麻，有些地方甚至长到了齐腰深，各种藤蔓植物攀附在果树上，把整棵树缠得像一个个绿色的粽子。\r\n\n    番石榴树的枝干歪歪扭扭地伸向天空，叶片枯黄卷曲，上面还挂着黑色的霉斑。\r\n\n    芒果树的状况也好不到哪里去，树皮开裂，枝条稀疏，整棵树透着一股病入膏肓的气息。\r\n\n    至于那十几棵橘子树，更是惨不忍睹，树叶稀稀拉拉，有些枝条已经完全枯死，风一吹就咔咔作响，随时都可能折断。\r\n\n    王大壮走近一棵橘子树，拨开缠绕在树干上的枯藤，伸手摘了一个挂在枝头最低处的橘子。\r\n\n    那橘子只有鸡蛋大小，表皮皱巴巴的，颜色青黄不接，上面还布满了黑色的斑点，像是一个长了雀斑的丑八怪。\r\n\n    他掰开橘皮，里面的果肉干瘪得像是风干了好几个月，几乎没有水分。\r\n\n    他犹豫了一下，还是把一瓣果肉放进了嘴里。\r\n\n    最后尝到了人生的各种滋味。\r\n\n    酸。\r\n\n    涩。\r\n\n    苦。\r\n\n    几种味道在口腔里炸开，让王大壮不禁皱着眉头。\r\n\n    “这也太难吃了。”王大壮嘟囔了一句，把手里的橘子随手扔进了草丛里。\r\n\n    这种品相的水果，别说卖了，白送给人都未必肯要。\r\n\n    人家就算不嫌弃，拿回家咬一口，估计也得骂娘。\r\n\n    他叉着腰站在果园中间，看着这片荒芜破败的景象，眉头拧成了一个疙瘩。\r\n\n    家里就剩三天口粮了，李玉梅把最后一块腊肉都拿出来庆祝他康复，米缸里的米连稀粥都撑不了几天。\r\n\n    后院种的菜倒是还能卖点钱，可那点钱买米买盐都不够，更别说还欠着王婶的两百块外债。\r\n\n    现在唯一的指望就是这片果园，可这片果园现在的样子，别说指望了，看了都让人绝望。\r\n\n    王大壮蹲下身，抓起一把泥土搓了搓。', '--json']' timed out after 120 seconds
  ⚠️ API error (attempt 2): Command '['openclaw', 'infer', 'model', 'run', '--model', 'qclaw/pool-deepseek-v4-pro', '--prompt', 'Translate the following Chinese novel chapter content to English. Return ONLY the translation, no explanation, no notes, no Chinese text:\n\n到了果园后，果园里的景象，让王大壮彻底叹为观止。\r\n\n    不是惊叹它的丰饶，而是震惊于它的荒芜。\r\n\n    转着圈环顾四周，几十棵果树散落在山坡上，说是果园，其实更像是一片荒废的原始丛林。\r\n\n    半人高的杂草密密麻麻，有些地方甚至长到了齐腰深，各种藤蔓植物攀附在果树上，把整棵树缠得像一个个绿色的粽子。\r\n\n    番石榴树的枝干歪歪扭扭地伸向天空，叶片枯黄卷曲，上面还挂着黑色的霉斑。\r\n\n    芒果树的状况也好不到哪里去，树皮开裂，枝条稀疏，整棵树透着一股病入膏肓的气息。\r\n\n    至于那十几棵橘子树，更是惨不忍睹，树叶稀稀拉拉，有些枝条已经完全枯死，风一吹就咔咔作响，随时都可能折断。\r\n\n    王大壮走近一棵橘子树，拨开缠绕在树干上的枯藤，伸手摘了一个挂在枝头最低处的橘子。\r\n\n    那橘子只有鸡蛋大小，表皮皱巴巴的，颜色青黄不接，上面还布满了黑色的斑点，像是一个长了雀斑的丑八怪。\r\n\n    他掰开橘皮，里面的果肉干瘪得像是风干了好几个月，几乎没有水分。\r\n\n    他犹豫了一下，还是把一瓣果肉放进了嘴里。\r\n\n    最后尝到了人生的各种滋味。\r\n\n    酸。\r\n\n    涩。\r\n\n    苦。\r\n\n    几种味道在口腔里炸开，让王大壮不禁皱着眉头。\r\n\n    “这也太难吃了。”王大壮嘟囔了一句，把手里的橘子随手扔进了草丛里。\r\n\n    这种品相的水果，别说卖了，白送给人都未必肯要。\r\n\n    人家就算不嫌弃，拿回家咬一口，估计也得骂娘。\r\n\n    他叉着腰站在果园中间，看着这片荒芜破败的景象，眉头拧成了一个疙瘩。\r\n\n    家里就剩三天口粮了，李玉梅把最后一块腊肉都拿出来庆祝他康复，米缸里的米连稀粥都撑不了几天。\r\n\n    后院种的菜倒是还能卖点钱，可那点钱买米买盐都不够，更别说还欠着王婶的两百块外债。\r\n\n    现在唯一的指望就是这片果园，可这片果园现在的样子，别说指望了，看了都让人绝望。\r\n\n    王大壮蹲下身，抓起一把泥土搓了搓。', '--json']' timed out after 120 seconds
   ⚠️ Translation failed or still Chinese, skipped

📖 [795/1372] 傻大壮_乡野好快活/ch-0015.json
   Title: 第十五章 嫂子，不让你吃苦！
  ⚠️ API error (attempt 1): Command '['openclaw', 'infer', 'model', 'run', '--model', 'qclaw/pool-deepseek-v4-pro', '--prompt', 'Translate this Chinese chapter title to English. Return ONLY the English title, no quotes, no explanation, no other text:\n\n第十五章 嫂子，不让你吃苦！', '--json']' timed out after 120 seconds
  ⚠️ API error (attempt 2): Command '['openclaw', 'infer', 'model', 'run', '--model', 'qclaw/pool-deepseek-v4-pro', '--prompt', 'Translate this Chinese chapter title to English. Return ONLY the English title, no quotes, no explanation, no other text:\n\n第十五章 嫂子，不让你吃苦！', '--json']' timed out after 120 seconds
  ⚠️ API error (attempt 1): Command '['openclaw', 'infer', 'model', 'run', '--model', 'qclaw/pool-deepseek-v4-pro', '--prompt', 'Translate the following Chinese novel chapter content to English. Return ONLY the translation, no explanation, no notes, no Chinese text:\n\n接下来是芒果树。\r\n\n    灵气注入之后，芒果树的叶片从枯黄变成了油亮的深绿色，枝头挂满了沉甸甸的果实。\r\n\n    那些芒果一个个长得像小木瓜似的，果皮金黄中透着一抹嫣红，像是涂了一层胭脂，光是看着就让人垂涎欲滴。\r\n\n    王大壮摘了一个，剥开果皮，金黄色的果肉饱满丰盈，咬一口，浓郁的芒果香气瞬间充满整个口腔，甜度极高却不腻口，果肉细腻顺滑，几乎不需要咀嚼就在嘴里化开了。\r\n\n    “绝了！”王大壮忍不住赞叹出声。\r\n\n    他擦了擦额头上渗出的汗珠，看着眼前这片焕然一新的果园，心里涌起一股巨大的成就感和满足感。\r\n\n    那种感觉不仅仅是因为发现了赚钱的门路，更多的是因为——他终于可以为这个家做点什么了，终于可以不再让李玉梅一个人扛着所有的重担了。\r\n\n    王大壮撸起袖子，走向下一棵树。\r\n\n    一棵，两棵，三棵……\r\n\n    每一棵树都需要耗费灵气，而他的灵气本就微弱，每次注入之后都需要短暂地恢复。\r\n\n    可他不觉得累，反而越干越起劲，因为每完成一棵树，就意味着多了一份希望，多了一份让李玉梅过上好日子的可能。\r\n\n    一个多小时过去了，当王大壮把手从最后一棵橘子树干上收回的时候，整个人都有些虚脱了。\r\n\n    额头、后背全是汗，衬衫湿透了贴在身上，双腿也有些发软，像是跑了一场马拉松。\r\n\n    可王大壮站在那里，看着眼前的景象，所有的疲惫都烟消云散了。\r\n\n    整片果园完全变了模样。\r\n\n    几十棵果树郁郁葱葱，枝繁叶茂，每一棵树上都挂满了沉甸甸的果实。\r\n\n    番石榴、芒果、橘子，三种水果交相辉映，在阳光下泛着诱人的光泽。\r\n\n    空气里弥漫着混合的果香，浓郁得像是打翻了一整瓶香水，光是闻着就让人口水直流。\r\n\n    那些果实的大小、颜色、品相，全都达到了精品水果的级别，甚至比他在超市里见过的最贵的水果还要好。\r\n\n    王大壮深吸一口气，那股混合的果香灌入肺腑，让他整个人都神清气爽起来。', '--json']' timed out after 120 seconds
  ⚠️ API error (attempt 2): Command '['openclaw', 'infer', 'model', 'run', '--model', 'qclaw/pool-deepseek-v4-pro', '--prompt', 'Translate the following Chinese novel chapter content to English. Return ONLY the translation, no explanation, no notes, no Chinese text:\n\n接下来是芒果树。\r\n\n    灵气注入之后，芒果树的叶片从枯黄变成了油亮的深绿色，枝头挂满了沉甸甸的果实。\r\n\n    那些芒果一个个长得像小木瓜似的，果皮金黄中透着一抹嫣红，像是涂了一层胭脂，光是看着就让人垂涎欲滴。\r\n\n    王大壮摘了一个，剥开果皮，金黄色的果肉饱满丰盈，咬一口，浓郁的芒果香气瞬间充满整个口腔，甜度极高却不腻口，果肉细腻顺滑，几乎不需要咀嚼就在嘴里化开了。\r\n\n    “绝了！”王大壮忍不住赞叹出声。\r\n\n    他擦了擦额头上渗出的汗珠，看着眼前这片焕然一新的果园，心里涌起一股巨大的成就感和满足感。\r\n\n    那种感觉不仅仅是因为发现了赚钱的门路，更多的是因为——他终于可以为这个家做点什么了，终于可以不再让李玉梅一个人扛着所有的重担了。\r\n\n    王大壮撸起袖子，走向下一棵树。\r\n\n    一棵，两棵，三棵……\r\n\n    每一棵树都需要耗费灵气，而他的灵气本就微弱，每次注入之后都需要短暂地恢复。\r\n\n    可他不觉得累，反而越干越起劲，因为每完成一棵树，就意味着多了一份希望，多了一份让李玉梅过上好日子的可能。\r\n\n    一个多小时过去了，当王大壮把手从最后一棵橘子树干上收回的时候，整个人都有些虚脱了。\r\n\n    额头、后背全是汗，衬衫湿透了贴在身上，双腿也有些发软，像是跑了一场马拉松。\r\n\n    可王大壮站在那里，看着眼前的景象，所有的疲惫都烟消云散了。\r\n\n    整片果园完全变了模样。\r\n\n    几十棵果树郁郁葱葱，枝繁叶茂，每一棵树上都挂满了沉甸甸的果实。\r\n\n    番石榴、芒果、橘子，三种水果交相辉映，在阳光下泛着诱人的光泽。\r\n\n    空气里弥漫着混合的果香，浓郁得像是打翻了一整瓶香水，光是闻着就让人口水直流。\r\n\n    那些果实的大小、颜色、品相，全都达到了精品水果的级别，甚至比他在超市里见过的最贵的水果还要好。\r\n\n    王大壮深吸一口气，那股混合的果香灌入肺腑，让他整个人都神清气爽起来。', '--json']' timed out after 120 seconds
   ⚠️ Translation failed or still Chinese, skipped

📖 [796/1372] 傻大壮_乡野好快活/ch-0016.json
   Title: 第十六章 嫂子信你！
  ⚠️ API error (attempt 1): Command '['openclaw', 'infer', 'model', 'run', '--model', 'qclaw/pool-deepseek-v4-pro', '--prompt', 'Translate this Chinese chapter title to English. Return ONLY the English title, no quotes, no explanation, no other text:\n\n第十六章 嫂子信你！', '--json']' timed out after 120 seconds
  ⚠️ API error (attempt 2): Command '['openclaw', 'infer', 'model', 'run', '--model', 'qclaw/pool-deepseek-v4-pro', '--prompt', 'Translate this Chinese chapter title to English. Return ONLY the English title, no quotes, no explanation, no other text:\n\n第十六章 嫂子信你！', '--json']' timed out after 120 seconds
  ⚠️ API error (attempt 1): Command '['openclaw', 'infer', 'model', 'run', '--model', 'qclaw/pool-deepseek-v4-pro', '--prompt', 'Translate the following Chinese novel chapter content to English. Return ONLY the translation, no explanation, no notes, no Chinese text:\n\n李玉梅抬起手背擦了擦眼角，冲他笑了笑：“行，嫂子信你。”\r\n\n    两人把水果搬进灶房，简单吃过午饭，李玉梅就迫不及待地要去看果园。\r\n\n    王大壮拗不过她，带好了装备，带着她沿着山路往果园走。\r\n\n    当那片郁郁葱葱、果实累累的果园出现在眼前的时候，李玉梅整个人都呆住了。\r\n\n    她站在果园边缘，嘴巴微微张着，眼睛一眨不眨地看着眼前这幅景象，好半天才喃喃地说出一句话：“这……这真的是咱们家的果园？”\r\n\n    几天前她路过这里的时候，看到的还是一副萧条破败的景象，枯黄的叶子、歪扭的枝干、零零散散的丑果子，整片果园像是被霜打过一样，透着一股垂死的气息。\r\n\n    可现在，那些果树像是被人换了一茬似的，枝繁叶茂，绿意盎然，每一棵树上都挂满了鲜艳欲滴的果实，在阳光下泛着诱人的光泽。\r\n\n    微风吹过，树叶沙沙作响，果香四溢，美得不像是一个穷山沟里的果园，倒像是哪个有钱人精心打理的私人庄园。\r\n\n    “嫂子，你尝尝这个，刚从树上摘的。”王大壮不知道什么时候已经爬到树上，摘了一个芒果扔下来。\r\n\n    李玉梅手忙脚乱地接住，咬了一口，跟中午吃到的一模一样，甜美的汁水在口腔中炸开，让她忍不住又咬了一大口。\r\n\n    “太好吃了！”李玉梅一边吃一边道：“大壮，这简直跟做梦一样！”\r\n\n    王大壮从树上跳下来，拍拍手上的灰，笑着说道：“嫂子，你在这边摘，我去那边，咱们今天多摘点，明天拉到县城去卖。”\r\n\n    “好！”李玉梅干劲十足地撸起袖子，提着篮子钻进了果树间。\r\n\n    两个人从中午一直摘到傍晚，中间歇了两回，喝了点水，又继续干。\r\n\n    李玉梅的手指被树枝划了好几道口子，可她一点都不在乎，脸上始终挂着笑容。\r\n\n    太阳西斜的时候，果园的空地上已经整整齐齐地摆了十几筐水果。\r\n\n    橘子六筐，番石榴四筐，芒果五筐，每一筐都有五六十斤重，加起来少说也有七八百斤。\r\n\n    可即使摘了这么多，树上的果实看起来也没少多少，依旧沉甸甸地挂满枝头。', '--json']' timed out after 120 seconds
  ⚠️ API error (attempt 2): Command '['openclaw', 'infer', 'model', 'run', '--model', 'qclaw/pool-deepseek-v4-pro', '--prompt', 'Translate the following Chinese novel chapter content to English. Return ONLY the translation, no explanation, no notes, no Chinese text:\n\n李玉梅抬起手背擦了擦眼角，冲他笑了笑：“行，嫂子信你。”\r\n\n    两人把水果搬进灶房，简单吃过午饭，李玉梅就迫不及待地要去看果园。\r\n\n    王大壮拗不过她，带好了装备，带着她沿着山路往果园走。\r\n\n    当那片郁郁葱葱、果实累累的果园出现在眼前的时候，李玉梅整个人都呆住了。\r\n\n    她站在果园边缘，嘴巴微微张着，眼睛一眨不眨地看着眼前这幅景象，好半天才喃喃地说出一句话：“这……这真的是咱们家的果园？”\r\n\n    几天前她路过这里的时候，看到的还是一副萧条破败的景象，枯黄的叶子、歪扭的枝干、零零散散的丑果子，整片果园像是被霜打过一样，透着一股垂死的气息。\r\n\n    可现在，那些果树像是被人换了一茬似的，枝繁叶茂，绿意盎然，每一棵树上都挂满了鲜艳欲滴的果实，在阳光下泛着诱人的光泽。\r\n\n    微风吹过，树叶沙沙作响，果香四溢，美得不像是一个穷山沟里的果园，倒像是哪个有钱人精心打理的私人庄园。\r\n\n    “嫂子，你尝尝这个，刚从树上摘的。”王大壮不知道什么时候已经爬到树上，摘了一个芒果扔下来。\r\n\n    李玉梅手忙脚乱地接住，咬了一口，跟中午吃到的一模一样，甜美的汁水在口腔中炸开，让她忍不住又咬了一大口。\r\n\n    “太好吃了！”李玉梅一边吃一边道：“大壮，这简直跟做梦一样！”\r\n\n    王大壮从树上跳下来，拍拍手上的灰，笑着说道：“嫂子，你在这边摘，我去那边，咱们今天多摘点，明天拉到县城去卖。”\r\n\n    “好！”李玉梅干劲十足地撸起袖子，提着篮子钻进了果树间。\r\n\n    两个人从中午一直摘到傍晚，中间歇了两回，喝了点水，又继续干。\r\n\n    李玉梅的手指被树枝划了好几道口子，可她一点都不在乎，脸上始终挂着笑容。\r\n\n    太阳西斜的时候，果园的空地上已经整整齐齐地摆了十几筐水果。\r\n\n    橘子六筐，番石榴四筐，芒果五筐，每一筐都有五六十斤重，加起来少说也有七八百斤。\r\n\n    可即使摘了这么多，树上的果实看起来也没少多少，依旧沉甸甸地挂满枝头。', '--json']' timed out after 120 seconds
   ⚠️ Translation failed or still Chinese, skipped

📖 [797/1372] 傻大壮_乡野好快活/ch-0017.json
   Title: 第十七章 温婉美女！
  ⚠️ API error (attempt 1): Command '['openclaw', 'infer', 'model', 'run', '--model', 'qclaw/pool-deepseek-v4-pro', '--prompt', 'Translate this Chinese chapter title to English. Return ONLY the English title, no quotes, no explanation, no other text:\n\n第十七章 温婉美女！', '--json']' timed out after 120 seconds
  ⚠️ API error (attempt 2): Command '['openclaw', 'infer', 'model', 'run', '--model', 'qclaw/pool-deepseek-v4-pro', '--prompt', 'Translate this Chinese chapter title to English. Return ONLY the English title, no quotes, no explanation, no other text:\n\n第十七章 温婉美女！', '--json']' timed out after 120 seconds
  ⚠️ API error (attempt 1): Command '['openclaw', 'infer', 'model', 'run', '--model', 'qclaw/pool-deepseek-v4-pro', '--prompt', 'Translate the following Chinese novel chapter content to English. Return ONLY the translation, no explanation, no notes, no Chinese text:\n\n第二天天还没亮，王大壮就起来了。\r\n\n    他摸黑去了周国强家，把三轮车开回来，然后和李玉梅一起把昨晚准备好的十二筐水果一筐一筐地搬上车。\r\n\n    橘子五筐，每筐五十斤出头，番石榴三筐，芒果四筐，加起来差不多六百斤出头。\r\n\n    李玉梅本来想跟他一起去县城，可王大壮觉得她一个女人家跟着起早贪黑太辛苦，而且果园里还有那么多水果没摘，两个人分工合作效率更高。\r\n\n    李玉梅想了想也觉得有道理，就答应留在家里继续摘果子。\r\n\n    “路上小心点，开车慢一点，别着急。”李玉梅站在院门口，看着王大壮发动三轮车，叮嘱了一句又一句，“卖不出去也别急，慢慢来，大不了咱们自己吃。”\r\n\n    王大壮冲她挥了挥手，一拧油门，三轮车突突突地驶上了通往县城的路。\r\n\n    一路上倒是开得不快，王大壮一边开一边在心里盘算着这批水果能卖多少钱。\r\n\n    十二筐，六百多斤，就算全部按批发价两块钱一斤卖出去，也能卖一千二百多块，刨去成本净赚一千多。\r\n\n    这笔钱足够还清王婶的债，买上几个月的粮食，还能给李玉梅买两件新衣裳。\r\n\n    想到这里，王大壮嘴角不自觉地翘了起来，脚下油门也拧得更大了些。\r\n\n    三轮车突突突地跑了将近两个小时，天色大亮的时候，终于进了县城。\r\n\n    王大壮把车开到城西的早市，找了个空位停下来，从车上跳下来，环顾四周。\r\n\n    早市上已经热闹起来了，卖菜的、卖肉的、卖早点的，摊位一个挨着一个，吆喝声此起彼伏。\r\n\n    来来往往的人流熙熙攘攘，大多是早起买菜的大爷大妈和家庭主妇。\r\n\n    王大壮没有急着摆摊，而是先在早市上转了一圈，找到了几家专门做水果生意的店铺。\r\n\n    他打算先把水果批发给这些水果店，省时省力，价格虽然低一些，但胜在量大、走货快。\r\n\n    他走进第一家水果店，老板是个四十来岁的胖男人，正坐在柜台后面剔牙。\r\n\n    王大壮从车上拿了一个橘子递过去客客气气道：“老板，你尝尝这个橘子，看看品质怎么样，要是满意的话我这边有几百斤货可以批给你。”', '--json']' timed out after 120 seconds
  ⚠️ API error (attempt 2): Command '['openclaw', 'infer', 'model', 'run', '--model', 'qclaw/pool-deepseek-v4-pro', '--prompt', 'Translate the following Chinese novel chapter content to English. Return ONLY the translation, no explanation, no notes, no Chinese text:\n\n第二天天还没亮，王大壮就起来了。\r\n\n    他摸黑去了周国强家，把三轮车开回来，然后和李玉梅一起把昨晚准备好的十二筐水果一筐一筐地搬上车。\r\n\n    橘子五筐，每筐五十斤出头，番石榴三筐，芒果四筐，加起来差不多六百斤出头。\r\n\n    李玉梅本来想跟他一起去县城，可王大壮觉得她一个女人家跟着起早贪黑太辛苦，而且果园里还有那么多水果没摘，两个人分工合作效率更高。\r\n\n    李玉梅想了想也觉得有道理，就答应留在家里继续摘果子。\r\n\n    “路上小心点，开车慢一点，别着急。”李玉梅站在院门口，看着王大壮发动三轮车，叮嘱了一句又一句，“卖不出去也别急，慢慢来，大不了咱们自己吃。”\r\n\n    王大壮冲她挥了挥手，一拧油门，三轮车突突突地驶上了通往县城的路。\r\n\n    一路上倒是开得不快，王大壮一边开一边在心里盘算着这批水果能卖多少钱。\r\n\n    十二筐，六百多斤，就算全部按批发价两块钱一斤卖出去，也能卖一千二百多块，刨去成本净赚一千多。\r\n\n    这笔钱足够还清王婶的债，买上几个月的粮食，还能给李玉梅买两件新衣裳。\r\n\n    想到这里，王大壮嘴角不自觉地翘了起来，脚下油门也拧得更大了些。\r\n\n    三轮车突突突地跑了将近两个小时，天色大亮的时候，终于进了县城。\r\n\n    王大壮把车开到城西的早市，找了个空位停下来，从车上跳下来，环顾四周。\r\n\n    早市上已经热闹起来了，卖菜的、卖肉的、卖早点的，摊位一个挨着一个，吆喝声此起彼伏。\r\n\n    来来往往的人流熙熙攘攘，大多是早起买菜的大爷大妈和家庭主妇。\r\n\n    王大壮没有急着摆摊，而是先在早市上转了一圈，找到了几家专门做水果生意的店铺。\r\n\n    他打算先把水果批发给这些水果店，省时省力，价格虽然低一些，但胜在量大、走货快。\r\n\n    他走进第一家水果店，老板是个四十来岁的胖男人，正坐在柜台后面剔牙。\r\n\n    王大壮从车上拿了一个橘子递过去客客气气道：“老板，你尝尝这个橘子，看看品质怎么样，要是满意的话我这边有几百斤货可以批给你。”', '--json']' timed out after 120 seconds
   ⚠️ Translation failed or still Chinese, skipped

📖 [798/1372] 傻大壮_乡野好快活/ch-0018.json
   Title: 第十八章 体香！
  ⚠️ API error (attempt 1): Command '['openclaw', 'infer', 'model', 'run', '--model', 'qclaw/pool-deepseek-v4-pro', '--prompt', 'Translate this Chinese chapter title to English. Return ONLY the English title, no quotes, no explanation, no other text:\n\n第十八章 体香！', '--json']' timed out after 120 seconds
  ⚠️ API error (attempt 2): Command '['openclaw', 'infer', 'model', 'run', '--model', 'qclaw/pool-deepseek-v4-pro', '--prompt', 'Translate this Chinese chapter title to English. Return ONLY the English title, no quotes, no explanation, no other text:\n\n第十八章 体香！', '--json']' timed out after 120 seconds
  ⚠️ API error (attempt 1): Command '['openclaw', 'infer', 'model', 'run', '--model', 'qclaw/pool-deepseek-v4-pro', '--prompt', 'Translate the following Chinese novel chapter content to English. Return ONLY the translation, no explanation, no notes, no Chinese text:\n\n王大壮盯着她看了两秒，脑海中忽然跳出一个名字。\r\n\n    林婉仪。\r\n\n    他想起来了。\r\n\n    前几年王建国还在世的时候，这个女人来过村里，说是找王老六看家里墓地的风水。\r\n\n    那时候她看起来还是个刚毕业不久的小姑娘，扎着马尾辫，穿着T恤牛仔裤，清清爽爽的，不像现在这样打扮得精致成熟。\r\n\n    “林姐？”王大壮试探着喊了一声。\r\n\n    林婉仪走近了几步，上下打量着王大壮，眼神里带着几分惊讶和疑惑。\r\n\n    她当然记得王大壮，当初她去村里的时候，这个年轻人就傻愣愣地跟在王建国身后，见人就咧嘴笑，说话含混不清，一看就是个心智不健全的人。\r\n\n    可眼前这个人，眼神清亮，说话清晰，举手投足间还有一种说不出的沉稳和气度，跟几年前那个傻小子判若两人。\r\n\n    “真的是你？”林婉仪走到三轮车前，看着车斗里那些水果，又看了看王大壮，“你怎么一个人在县城里？王师傅他们呢？”\r\n\n    王大壮的表情微微沉了一下，声音低了几分道：“他们五年前就过世了，山体滑坡，没救回来。”\r\n\n    林婉仪的笑容瞬间凝固了，她张了张嘴，半天才说出一句：“对不起，我不知道……”\r\n\n    “没事。”王大壮摆了摆手，扯出一个笑容，“都过去好几年了。”\r\n\n    林婉仪沉默了一会儿，眼神带着一抹好奇道：“你的病……也好了？”\r\n\n    “好了。”王大壮点了点头，咧嘴一笑，露出两排整齐的白牙，“现在就是个普通人，不傻不呆的。”\r\n\n    林婉仪盯着他看了好几秒，像是在确认他是不是在开玩笑，可王大壮的眼神真诚而坦荡，没有半点闪烁和躲闪。\r\n\n    她不由得感叹道：“这真是太神奇了，当初我去村里的时候，你还……”\r\n\n    她没有把话说完，但王大壮明白她的意思，也不在意，笑了笑道：“是啊，那时候我还傻着呢，对了，林姐你怎么会在县城里？”\r\n\n    林婉仪指了指自己胸前挂着的一个工牌，上面印着“半山水山庄·运营总监”的字样。', '--json']' timed out after 120 seconds
  ⚠️ API error (attempt 2): Command '['openclaw', 'infer', 'model', 'run', '--model', 'qclaw/pool-deepseek-v4-pro', '--prompt', 'Translate the following Chinese novel chapter content to English. Return ONLY the translation, no explanation, no notes, no Chinese text:\n\n王大壮盯着她看了两秒，脑海中忽然跳出一个名字。\r\n\n    林婉仪。\r\n\n    他想起来了。\r\n\n    前几年王建国还在世的时候，这个女人来过村里，说是找王老六看家里墓地的风水。\r\n\n    那时候她看起来还是个刚毕业不久的小姑娘，扎着马尾辫，穿着T恤牛仔裤，清清爽爽的，不像现在这样打扮得精致成熟。\r\n\n    “林姐？”王大壮试探着喊了一声。\r\n\n    林婉仪走近了几步，上下打量着王大壮，眼神里带着几分惊讶和疑惑。\r\n\n    她当然记得王大壮，当初她去村里的时候，这个年轻人就傻愣愣地跟在王建国身后，见人就咧嘴笑，说话含混不清，一看就是个心智不健全的人。\r\n\n    可眼前这个人，眼神清亮，说话清晰，举手投足间还有一种说不出的沉稳和气度，跟几年前那个傻小子判若两人。\r\n\n    “真的是你？”林婉仪走到三轮车前，看着车斗里那些水果，又看了看王大壮，“你怎么一个人在县城里？王师傅他们呢？”\r\n\n    王大壮的表情微微沉了一下，声音低了几分道：“他们五年前就过世了，山体滑坡，没救回来。”\r\n\n    林婉仪的笑容瞬间凝固了，她张了张嘴，半天才说出一句：“对不起，我不知道……”\r\n\n    “没事。”王大壮摆了摆手，扯出一个笑容，“都过去好几年了。”\r\n\n    林婉仪沉默了一会儿，眼神带着一抹好奇道：“你的病……也好了？”\r\n\n    “好了。”王大壮点了点头，咧嘴一笑，露出两排整齐的白牙，“现在就是个普通人，不傻不呆的。”\r\n\n    林婉仪盯着他看了好几秒，像是在确认他是不是在开玩笑，可王大壮的眼神真诚而坦荡，没有半点闪烁和躲闪。\r\n\n    她不由得感叹道：“这真是太神奇了，当初我去村里的时候，你还……”\r\n\n    她没有把话说完，但王大壮明白她的意思，也不在意，笑了笑道：“是啊，那时候我还傻着呢，对了，林姐你怎么会在县城里？”\r\n\n    林婉仪指了指自己胸前挂着的一个工牌，上面印着“半山水山庄·运营总监”的字样。', '--json']' timed out after 120 seconds
   ⚠️ Translation failed or still Chinese, skipped

📖 [799/1372] 傻大壮_乡野好快活/ch-0019.json
   Title: 第十九章 玉足！
  ⚠️ API error (attempt 1): Command '['openclaw', 'infer', 'model', 'run', '--model', 'qclaw/pool-deepseek-v4-pro', '--prompt', 'Translate this Chinese chapter title to English. Return ONLY the English title, no quotes, no explanation, no other text:\n\n第十九章 玉足！', '--json']' timed out after 120 seconds
  ⚠️ API error (attempt 2): Command '['openclaw', 'infer', 'model', 'run', '--model', 'qclaw/pool-deepseek-v4-pro', '--prompt', 'Translate this Chinese chapter title to English. Return ONLY the English title, no quotes, no explanation, no other text:\n\n第十九章 玉足！', '--json']' timed out after 120 seconds
  ⚠️ API error (attempt 1): Command '['openclaw', 'infer', 'model', 'run', '--model', 'qclaw/pool-deepseek-v4-pro', '--prompt', 'Translate the following Chinese novel chapter content to English. Return ONLY the translation, no explanation, no notes, no Chinese text:\n\n王大壮发动三轮车，突突突地驶出了早市，在林婉仪的指引下，沿着县城外环的公路往南开了大约二十分钟，一座依山傍水的庄园出现在视野中。\r\n\n    半山水山庄。\r\n\n    庄园的规模不小，依山而建，层层叠叠，白墙黛瓦，颇有几分江南园林的韵味。\r\n\n    大门口立着一块巨大的景观石，上面刻着“半山水山庄”五个大字，笔力遒劲。\r\n\n    门口有保安值守，看到林婉仪的三轮车，先是愣了一下，然后连忙升起栏杆放行。\r\n\n    王大壮开着三轮车从侧门进入山庄，沿着一条水泥路绕到了后门附近的员工通道。\r\n\n    林婉仪从车上下来，踩着高跟鞋噔噔噔地走进一扇小门，不一会儿带出来两个穿着白色制服的年轻小伙子。\r\n\n    “小张小李，帮忙把这些水果搬下来过秤。”林婉仪吩咐道。\r\n\n    两个小伙子手脚麻利地把十二筐水果从三轮车上搬下来，一筐一筐地抬进员工通道旁边的一间库房里，然后拿出来一个电子台秤，开始逐筐称重。\r\n\n    小张一边称一边报数，小李在旁边拿笔记录，两个人配合默契，效率很高。\r\n\n    王大壮站在旁边看着，心里默默计算着总重量和总价。\r\n\n    林婉仪站在王大壮身边，偶尔跟他说几句话，问他这些水果是怎么种出来的、用了什么肥料，王大壮含糊其辞地敷衍过去，只说用的是祖传的土办法。\r\n\n    “橘子五筐，总共二百五十六斤。”小李报出了最终的数字，然后继续称番石榴，“番石榴第一筐，五十四斤……”\r\n\n    林婉仪拿出手机计算了一下，然后抬起头对王大壮解释道：“大壮，橘子二百五十六斤，三千八百四十块，番石榴是三千二百四十块，芒果四千二百六十块，加起来一共是一万一千三百四十块，你看看对不对？”\r\n\n    王大壮听到这个数字的时候，心脏狠狠地跳了两下。\r\n\n    他知道这批水果能卖不少钱，但没想到能卖到这个数——一万多块，比他之前估计的最好情况还要高出好几倍。\r\n\n    不过王大壮还是努力让自己看起来淡定一些，点了点头道：“林姐，没问题，就这个数。”\r\n\n    林婉仪转身走进员工通道，不一会儿又走出来，手里多了一个厚厚的牛皮纸信封。\r\n\n    她把信封递到王大壮手里说道：“你点一下，一万一千三百四十块，一分不少。”\r\n\n    王大壮接过信封，手指捏了捏那厚厚的一沓，手感沉甸甸的。', '--json']' timed out after 120 seconds
  ⚠️ API error (attempt 2): Command '['openclaw', 'infer', 'model', 'run', '--model', 'qclaw/pool-deepseek-v4-pro', '--prompt', 'Translate the following Chinese novel chapter content to English. Return ONLY the translation, no explanation, no notes, no Chinese text:\n\n王大壮发动三轮车，突突突地驶出了早市，在林婉仪的指引下，沿着县城外环的公路往南开了大约二十分钟，一座依山傍水的庄园出现在视野中。\r\n\n    半山水山庄。\r\n\n    庄园的规模不小，依山而建，层层叠叠，白墙黛瓦，颇有几分江南园林的韵味。\r\n\n    大门口立着一块巨大的景观石，上面刻着“半山水山庄”五个大字，笔力遒劲。\r\n\n    门口有保安值守，看到林婉仪的三轮车，先是愣了一下，然后连忙升起栏杆放行。\r\n\n    王大壮开着三轮车从侧门进入山庄，沿着一条水泥路绕到了后门附近的员工通道。\r\n\n    林婉仪从车上下来，踩着高跟鞋噔噔噔地走进一扇小门，不一会儿带出来两个穿着白色制服的年轻小伙子。\r\n\n    “小张小李，帮忙把这些水果搬下来过秤。”林婉仪吩咐道。\r\n\n    两个小伙子手脚麻利地把十二筐水果从三轮车上搬下来，一筐一筐地抬进员工通道旁边的一间库房里，然后拿出来一个电子台秤，开始逐筐称重。\r\n\n    小张一边称一边报数，小李在旁边拿笔记录，两个人配合默契，效率很高。\r\n\n    王大壮站在旁边看着，心里默默计算着总重量和总价。\r\n\n    林婉仪站在王大壮身边，偶尔跟他说几句话，问他这些水果是怎么种出来的、用了什么肥料，王大壮含糊其辞地敷衍过去，只说用的是祖传的土办法。\r\n\n    “橘子五筐，总共二百五十六斤。”小李报出了最终的数字，然后继续称番石榴，“番石榴第一筐，五十四斤……”\r\n\n    林婉仪拿出手机计算了一下，然后抬起头对王大壮解释道：“大壮，橘子二百五十六斤，三千八百四十块，番石榴是三千二百四十块，芒果四千二百六十块，加起来一共是一万一千三百四十块，你看看对不对？”\r\n\n    王大壮听到这个数字的时候，心脏狠狠地跳了两下。\r\n\n    他知道这批水果能卖不少钱，但没想到能卖到这个数——一万多块，比他之前估计的最好情况还要高出好几倍。\r\n\n    不过王大壮还是努力让自己看起来淡定一些，点了点头道：“林姐，没问题，就这个数。”\r\n\n    林婉仪转身走进员工通道，不一会儿又走出来，手里多了一个厚厚的牛皮纸信封。\r\n\n    她把信封递到王大壮手里说道：“你点一下，一万一千三百四十块，一分不少。”\r\n\n    王大壮接过信封，手指捏了捏那厚厚的一沓，手感沉甸甸的。', '--json']' timed out after 120 seconds
   ⚠️ Translation failed or still Chinese, skipped

📖 [800/1372] 傻大壮_乡野好快活/ch-0020.json
   Title: 第二十章 大壮，你太厉害了！
  ⚠️ API error (attempt 1): Command '['openclaw', 'infer', 'model', 'run', '--model', 'qclaw/pool-deepseek-v4-pro', '--prompt', 'Translate this Chinese chapter title to English. Return ONLY the English title, no quotes, no explanation, no other text:\n\n第二十章 大壮，你太厉害了！', '--json']' timed out after 120 seconds
  ⚠️ API error (attempt 2): Command '['openclaw', 'infer', 'model', 'run', '--model', 'qclaw/pool-deepseek-v4-pro', '--prompt', 'Translate this Chinese chapter title to English. Return ONLY the English title, no quotes, no explanation, no other text:\n\n第二十章 大壮，你太厉害了！', '--json']' timed out after 120 seconds
  ⚠️ API error (attempt 1): Command '['openclaw', 'infer', 'model', 'run', '--model', 'qclaw/pool-deepseek-v4-pro', '--prompt', 'Translate the following Chinese novel chapter content to English. Return ONLY the translation, no explanation, no notes, no Chinese text:\n\n林婉仪咬着嘴唇，脚踝处的疼痛感越来越强烈，像是有无数根针在扎。\r\n\n    她今天下午还有重要的客人要招待，身为运营总监，她必须在场，绝对不能缺席。\r\n\n    “你真的能治？”她看着王大壮，眼神里带着一丝怀疑，“你不是只会种水果吗？怎么还会治筋骨？”\r\n\n    “学过一点，祖传的手艺。”王大壮咧嘴一笑，也不多解释，“林姐，你忍着点，可能会有点酸胀感，但不会疼。”\r\n\n    说着，他双手握住林婉仪的左脚，掌心贴在她肿胀的脚踝上，体内灵气缓缓催动，渡入她的脚踝之中。\r\n\n    灵气渗入筋脉的瞬间，林婉仪感觉到一股温热的气流从脚踝处蔓延开来，那种刺痛感迅速消退，取而代之的是一种酸酸胀胀的舒适感，像是泡在温水里一样。\r\n\n    王大壮的眼睛一眨不眨地盯着她的脚踝，灵目术让他清楚地看到，灵气流过之处，那些扭曲错位的筋脉像是被一只无形的手轻轻捋顺，一点一点地恢复到原本的位置。\r\n\n    肿胀的软组织在灵气的滋养下迅速修复，瘀血消散，红肿消退。\r\n\n    这个过程持续了大约半分钟，等到筋脉完全复位之后，王大壮双手握住林婉仪的脚踝，看似用力地扭动了几下，手法专业，动作流畅，还发出几声清脆的咔咔声响。\r\n\n    林婉仪全程没有感觉到任何疼痛，只是听到那几声骨骼的响动，下意识地绷紧了身体。\r\n\n    “好了。”王大壮松开手，把她的脚轻轻放下，抬起头对她笑了笑，“林姐，你试试看，还疼不疼？”\r\n\n    林婉仪将信将疑地活动了一下脚踝，发现完全不疼了，又试着转了两圈，灵活自如，跟没受伤前一模一样。\r\n\n    她惊讶地瞪大了眼睛，小心翼翼地把脚放进高跟鞋里，扶着三轮车站起身，试探着走了两步。\r\n\n    每一步都稳稳当当，脚踝没有任何不适。\r\n\n    “真的好了？”林婉仪不敢相信地又走了几步，甚至还轻轻跳了一下，脚踝完全正常，就像是刚才的扭伤只是一场幻觉。\r\n\n    她转过身，看着王大壮，脸上的表情从惊讶变成了惊叹，又从惊叹变成了一种说不清道不明的意味。\r\n\n    “大壮，你太厉害了。”\r\n\n    当年她去村里的时候，这个年轻人傻里傻气的，见人就咧着嘴笑，她那时候觉得他有些可爱，但也仅此而已。', '--json']' timed out after 120 seconds
  ⚠️ API error (attempt 2): Command '['openclaw', 'infer', 'model', 'run', '--model', 'qclaw/pool-deepseek-v4-pro', '--prompt', 'Translate the following Chinese novel chapter content to English. Return ONLY the translation, no explanation, no notes, no Chinese text:\n\n林婉仪咬着嘴唇，脚踝处的疼痛感越来越强烈，像是有无数根针在扎。\r\n\n    她今天下午还有重要的客人要招待，身为运营总监，她必须在场，绝对不能缺席。\r\n\n    “你真的能治？”她看着王大壮，眼神里带着一丝怀疑，“你不是只会种水果吗？怎么还会治筋骨？”\r\n\n    “学过一点，祖传的手艺。”王大壮咧嘴一笑，也不多解释，“林姐，你忍着点，可能会有点酸胀感，但不会疼。”\r\n\n    说着，他双手握住林婉仪的左脚，掌心贴在她肿胀的脚踝上，体内灵气缓缓催动，渡入她的脚踝之中。\r\n\n    灵气渗入筋脉的瞬间，林婉仪感觉到一股温热的气流从脚踝处蔓延开来，那种刺痛感迅速消退，取而代之的是一种酸酸胀胀的舒适感，像是泡在温水里一样。\r\n\n    王大壮的眼睛一眨不眨地盯着她的脚踝，灵目术让他清楚地看到，灵气流过之处，那些扭曲错位的筋脉像是被一只无形的手轻轻捋顺，一点一点地恢复到原本的位置。\r\n\n    肿胀的软组织在灵气的滋养下迅速修复，瘀血消散，红肿消退。\r\n\n    这个过程持续了大约半分钟，等到筋脉完全复位之后，王大壮双手握住林婉仪的脚踝，看似用力地扭动了几下，手法专业，动作流畅，还发出几声清脆的咔咔声响。\r\n\n    林婉仪全程没有感觉到任何疼痛，只是听到那几声骨骼的响动，下意识地绷紧了身体。\r\n\n    “好了。”王大壮松开手，把她的脚轻轻放下，抬起头对她笑了笑，“林姐，你试试看，还疼不疼？”\r\n\n    林婉仪将信将疑地活动了一下脚踝，发现完全不疼了，又试着转了两圈，灵活自如，跟没受伤前一模一样。\r\n\n    她惊讶地瞪大了眼睛，小心翼翼地把脚放进高跟鞋里，扶着三轮车站起身，试探着走了两步。\r\n\n    每一步都稳稳当当，脚踝没有任何不适。\r\n\n    “真的好了？”林婉仪不敢相信地又走了几步，甚至还轻轻跳了一下，脚踝完全正常，就像是刚才的扭伤只是一场幻觉。\r\n\n    她转过身，看着王大壮，脸上的表情从惊讶变成了惊叹，又从惊叹变成了一种说不清道不明的意味。\r\n\n    “大壮，你太厉害了。”\r\n\n    当年她去村里的时候，这个年轻人傻里傻气的，见人就咧着嘴笑，她那时候觉得他有些可爱，但也仅此而已。', '--json']' timed out after 120 seconds
   ⚠️ Translation failed or still Chinese, skipped

📖 [801/1372] 傻大壮_乡野好快活/ch-0021.json
   Title: 第二十一章 嫂子也有需求！
  ⚠️ API error (attempt 1): Command '['openclaw', 'infer', 'model', 'run', '--model', 'qclaw/pool-deepseek-v4-pro', '--prompt', 'Translate this Chinese chapter title to English. Return ONLY the English title, no quotes, no explanation, no other text:\n\n第二十一章 嫂子也有需求！', '--json']' timed out after 120 seconds
  ⚠️ API error (attempt 2): Command '['openclaw', 'infer', 'model', 'run', '--model', 'qclaw/pool-deepseek-v4-pro', '--prompt', 'Translate this Chinese chapter title to English. Return ONLY the English title, no quotes, no explanation, no other text:\n\n第二十一章 嫂子也有需求！', '--json']' timed out after 120 seconds
  ⚠️ API error (attempt 1): Command '['openclaw', 'infer', 'model', 'run', '--model', 'qclaw/pool-deepseek-v4-pro', '--prompt', 'Translate the following Chinese novel chapter content to English. Return ONLY the translation, no explanation, no notes, no Chinese text:\n\n三轮车突突突的声音在村口停下的时候，天边最后一抹晚霞正在消散，暮色像一层薄纱缓缓笼罩下来。\r\n\n    王大壮从车上跳下来，回头看了一眼车斗里空空荡荡的筐子，嘴角的笑意怎么都压不住。\r\n\n    他把钥匙还给周国强，又硬塞了一百块钱过去，说是油钱和感谢费，周国强推辞了两下也就收下了，拍着他的肩膀笑道：“大壮，以后要用车尽管来拿。”\r\n\n    “那就先谢谢国强叔了。”王大壮也是开心道。\r\n\n    从周国强家出来，村子里亮起了零星的灯光。\r\n\n    王大壮快步走在熟悉的土路上，口袋里那一万多块钱，内心激动恨不得立刻飞回那个小院，把钱往李玉梅面前一拍，看看她是什么表情。\r\n\n    推开院门的时候，院子里空荡荡的，灶房里没有灯光，堂屋的门也关着。\r\n\n    “嫂子？”王大壮喊了一声，没有人应答。\r\n\n    他愣了一下，走进堂屋，屋里收拾得干干净净，灶台上的锅碗也已经洗过了，锅盖盖得严严实实，灶膛里的火早就灭了，摸上去冰凉。\r\n\n    不在家？\r\n\n    王大壮转身出了堂屋，绕到屋后。\r\n\n    后院的菜地里青菜长得正旺，几只鸡在墙角叽叽喳喳地啄食，可李玉梅也不在这里。\r\n\n    他正要转身回去，目光不经意间扫过菜地尽头那片茂密的竹林，忽然看到一个熟悉的身影正弯腰钻进了竹林深处。\r\n\n    是李玉梅。\r\n\n    王大壮刚要开口喊，话到嘴边又咽了回去。\r\n\n    他注意到李玉梅手里提着两样东西——右手的锄头，左手的购物袋。\r\n\n    那个购物袋鼓鼓囊囊的，里面装着什么东西，从外面看不出来。\r\n\n    她走路的时候左顾右盼，像是在确认周围有没有人，动作鬼鬼祟祟的，跟平时那个大大方方的李玉梅判若两人。\r\n\n    王大壮的眉头微微皱了一下，心里涌起一股疑惑。\r\n\n    嫂子这是要干什么？\r\n\n    不由得，王大壮下意识地放轻了脚步，猫着腰跟在后面，借着夜色的掩护，悄悄摸到了竹林边缘。\r\n\n    竹林里的光线已经很暗了，但他还是能看清李玉梅的一举一动——她在一棵粗大的竹子旁边停下来，蹲下身，开始用锄头挖坑。\r\n\n    土质松软，她挖得很快，不一会儿就挖出了一个尺许深的坑。', '--json']' timed out after 120 seconds
  ⚠️ API error (attempt 2): Command '['openclaw', 'infer', 'model', 'run', '--model', 'qclaw/pool-deepseek-v4-pro', '--prompt', 'Translate the following Chinese novel chapter content to English. Return ONLY the translation, no explanation, no notes, no Chinese text:\n\n三轮车突突突的声音在村口停下的时候，天边最后一抹晚霞正在消散，暮色像一层薄纱缓缓笼罩下来。\r\n\n    王大壮从车上跳下来，回头看了一眼车斗里空空荡荡的筐子，嘴角的笑意怎么都压不住。\r\n\n    他把钥匙还给周国强，又硬塞了一百块钱过去，说是油钱和感谢费，周国强推辞了两下也就收下了，拍着他的肩膀笑道：“大壮，以后要用车尽管来拿。”\r\n\n    “那就先谢谢国强叔了。”王大壮也是开心道。\r\n\n    从周国强家出来，村子里亮起了零星的灯光。\r\n\n    王大壮快步走在熟悉的土路上，口袋里那一万多块钱，内心激动恨不得立刻飞回那个小院，把钱往李玉梅面前一拍，看看她是什么表情。\r\n\n    推开院门的时候，院子里空荡荡的，灶房里没有灯光，堂屋的门也关着。\r\n\n    “嫂子？”王大壮喊了一声，没有人应答。\r\n\n    他愣了一下，走进堂屋，屋里收拾得干干净净，灶台上的锅碗也已经洗过了，锅盖盖得严严实实，灶膛里的火早就灭了，摸上去冰凉。\r\n\n    不在家？\r\n\n    王大壮转身出了堂屋，绕到屋后。\r\n\n    后院的菜地里青菜长得正旺，几只鸡在墙角叽叽喳喳地啄食，可李玉梅也不在这里。\r\n\n    他正要转身回去，目光不经意间扫过菜地尽头那片茂密的竹林，忽然看到一个熟悉的身影正弯腰钻进了竹林深处。\r\n\n    是李玉梅。\r\n\n    王大壮刚要开口喊，话到嘴边又咽了回去。\r\n\n    他注意到李玉梅手里提着两样东西——右手的锄头，左手的购物袋。\r\n\n    那个购物袋鼓鼓囊囊的，里面装着什么东西，从外面看不出来。\r\n\n    她走路的时候左顾右盼，像是在确认周围有没有人，动作鬼鬼祟祟的，跟平时那个大大方方的李玉梅判若两人。\r\n\n    王大壮的眉头微微皱了一下，心里涌起一股疑惑。\r\n\n    嫂子这是要干什么？\r\n\n    不由得，王大壮下意识地放轻了脚步，猫着腰跟在后面，借着夜色的掩护，悄悄摸到了竹林边缘。\r\n\n    竹林里的光线已经很暗了，但他还是能看清李玉梅的一举一动——她在一棵粗大的竹子旁边停下来，蹲下身，开始用锄头挖坑。\r\n\n    土质松软，她挖得很快，不一会儿就挖出了一个尺许深的坑。', '--json']' timed out after 120 seconds
   ⚠️ Translation failed or still Chinese, skipped

📖 [802/1372] 傻大壮_乡野好快活/ch-0022.json
   Title: 第二十二章 别委屈自己！
  ⚠️ API error (attempt 1): Command '['openclaw', 'infer', 'model', 'run', '--model', 'qclaw/pool-deepseek-v4-pro', '--prompt', 'Translate this Chinese chapter title to English. Return ONLY the English title, no quotes, no explanation, no other text:\n\n第二十二章 别委屈自己！', '--json']' timed out after 120 seconds
  ⚠️ API error (attempt 2): Command '['openclaw', 'infer', 'model', 'run', '--model', 'qclaw/pool-deepseek-v4-pro', '--prompt', 'Translate this Chinese chapter title to English. Return ONLY the English title, no quotes, no explanation, no other text:\n\n第二十二章 别委屈自己！', '--json']' timed out after 120 seconds
  ⚠️ API error (attempt 1): Command '['openclaw', 'infer', 'model', 'run', '--model', 'qclaw/pool-deepseek-v4-pro', '--prompt', 'Translate the following Chinese novel chapter content to English. Return ONLY the translation, no explanation, no notes, no Chinese text:\n\n信封里装着的是一沓崭新的百元大钞，整整齐齐地码着，红彤彤的颜色在昏黄的灯光下格外扎眼。\r\n\n    她的手微微颤抖了一下，把信封口撑大了一些，又看了一眼，确认自己没有看错。\r\n\n    “这……这是多少钱？”她的声音都有些发飘。\r\n\n    “一万一千三百四十块。”王大壮报出数字的时候，嘴角的弧度怎么都压不下去，“嫂子，你数数。”\r\n\n    李玉梅把信封里的钱全部倒出来，一沓一沓地摆在桌上，手指哆嗦着数了一遍，又数了一遍，然后抬起头看着王大壮，眼眶倏地红了。\r\n\n    “大壮，这钱……这钱哪来的？”她的声音有些发颤，“你不会是干了什么违法的事吧？”\r\n\n    “嫂子你想哪去了！”王大壮被她的反应逗笑了，一屁股坐到凳子上，翘着二郎腿，解释道：“今天我不是拉水果去县城卖了吗？一开始确实不好卖，那些水果店老板给的价太低了，橘子才给八毛一块的，我舍不得卖，就在早市上自己摆摊。”\r\n\n    “后来呢？”李玉梅在他对面坐下，眼睛一眨不眨得看着王大壮。\r\n\n    “后来，你猜我遇到谁了？”王大壮故意卖了个关子，端起桌上的茶壶给自己倒了碗水，咕咚咕咚喝了大半碗，才抹了抹嘴继续道：“嫂子，你还记得前几年来咱们村，找我爸和大哥看墓地风水的那个年轻姑娘吗？姓林的，叫什么来着……林婉仪。”\r\n\n    李玉梅皱着眉头想了想，隐约有些印象道：“是不是那个长得挺漂亮，白白净净的城里姑娘？”\r\n\n    “对，就是她。”王大壮点了点头，“她现在在半山水山庄当运营总监，就是县城边上那个特别大的度假山庄。今天她来早市是想找高品质的水果供应给山庄，刚好碰上我了，尝了咱们的橘子芒果，当场就全部收了。”\r\n\n    “她给了多少钱一斤？”李玉梅追问起来。\r\n\n    “橘子十五块，番石榴和芒果二十块。”\r\n\n    李玉梅倒吸了一口凉气，眼睛瞪得溜圆道：“十五块？二十块？她疯了吧？市面上最好的水果才卖几块钱一斤！”\r\n\n    “嫂子，你这话说的就不对了。”王大壮嘿嘿一笑，“咱们家果园里的水果，市面上最好的也比不上。人家林小姐是做高端生意的，给有钱人提供的水果，品质当然要最好，价格自然也不一样。而且人家说了，咱们这个品质，这个价格一点都不贵，以后有多少要多少。”\r\n\n    李玉梅愣了好一会儿，低头看着桌上那堆钱，又抬头看了看王大壮，忽然扑哧一声笑了出来，笑着笑着眼泪就跟着掉了下来。', '--json']' timed out after 120 seconds
  ⚠️ API error (attempt 2): Command '['openclaw', 'infer', 'model', 'run', '--model', 'qclaw/pool-deepseek-v4-pro', '--prompt', 'Translate the following Chinese novel chapter content to English. Return ONLY the translation, no explanation, no notes, no Chinese text:\n\n信封里装着的是一沓崭新的百元大钞，整整齐齐地码着，红彤彤的颜色在昏黄的灯光下格外扎眼。\r\n\n    她的手微微颤抖了一下，把信封口撑大了一些，又看了一眼，确认自己没有看错。\r\n\n    “这……这是多少钱？”她的声音都有些发飘。\r\n\n    “一万一千三百四十块。”王大壮报出数字的时候，嘴角的弧度怎么都压不下去，“嫂子，你数数。”\r\n\n    李玉梅把信封里的钱全部倒出来，一沓一沓地摆在桌上，手指哆嗦着数了一遍，又数了一遍，然后抬起头看着王大壮，眼眶倏地红了。\r\n\n    “大壮，这钱……这钱哪来的？”她的声音有些发颤，“你不会是干了什么违法的事吧？”\r\n\n    “嫂子你想哪去了！”王大壮被她的反应逗笑了，一屁股坐到凳子上，翘着二郎腿，解释道：“今天我不是拉水果去县城卖了吗？一开始确实不好卖，那些水果店老板给的价太低了，橘子才给八毛一块的，我舍不得卖，就在早市上自己摆摊。”\r\n\n    “后来呢？”李玉梅在他对面坐下，眼睛一眨不眨得看着王大壮。\r\n\n    “后来，你猜我遇到谁了？”王大壮故意卖了个关子，端起桌上的茶壶给自己倒了碗水，咕咚咕咚喝了大半碗，才抹了抹嘴继续道：“嫂子，你还记得前几年来咱们村，找我爸和大哥看墓地风水的那个年轻姑娘吗？姓林的，叫什么来着……林婉仪。”\r\n\n    李玉梅皱着眉头想了想，隐约有些印象道：“是不是那个长得挺漂亮，白白净净的城里姑娘？”\r\n\n    “对，就是她。”王大壮点了点头，“她现在在半山水山庄当运营总监，就是县城边上那个特别大的度假山庄。今天她来早市是想找高品质的水果供应给山庄，刚好碰上我了，尝了咱们的橘子芒果，当场就全部收了。”\r\n\n    “她给了多少钱一斤？”李玉梅追问起来。\r\n\n    “橘子十五块，番石榴和芒果二十块。”\r\n\n    李玉梅倒吸了一口凉气，眼睛瞪得溜圆道：“十五块？二十块？她疯了吧？市面上最好的水果才卖几块钱一斤！”\r\n\n    “嫂子，你这话说的就不对了。”王大壮嘿嘿一笑，“咱们家果园里的水果，市面上最好的也比不上。人家林小姐是做高端生意的，给有钱人提供的水果，品质当然要最好，价格自然也不一样。而且人家说了，咱们这个品质，这个价格一点都不贵，以后有多少要多少。”\r\n\n    李玉梅愣了好一会儿，低头看着桌上那堆钱，又抬头看了看王大壮，忽然扑哧一声笑了出来，笑着笑着眼泪就跟着掉了下来。', '--json']' timed out after 120 seconds
   ⚠️ Translation failed or still Chinese, skipped

📖 [803/1372] 傻大壮_乡野好快活/ch-0023.json
   Title: 第二十三章 手机录像！
  ⚠️ API error (attempt 1): Command '['openclaw', 'infer', 'model', 'run', '--model', 'qclaw/pool-deepseek-v4-pro', '--prompt', 'Translate this Chinese chapter title to English. Return ONLY the English title, no quotes, no explanation, no other text:\n\n第二十三章 手机录像！', '--json']' timed out after 120 seconds
  ⚠️ API error (attempt 2): Command '['openclaw', 'infer', 'model', 'run', '--model', 'qclaw/pool-deepseek-v4-pro', '--prompt', 'Translate this Chinese chapter title to English. Return ONLY the English title, no quotes, no explanation, no other text:\n\n第二十三章 手机录像！', '--json']' timed out after 120 seconds
  ⚠️ API error (attempt 1): Command '['openclaw', 'infer', 'model', 'run', '--model', 'qclaw/pool-deepseek-v4-pro', '--prompt', 'Translate the following Chinese novel chapter content to English. Return ONLY the translation, no explanation, no notes, no Chinese text:\n\n“行。”等再抬起头，李玉梅冲王大壮笑了笑，眼眶红红的，“嫂子听你的。”\r\n\n    王大壮这才满意地点了点头，大口大口地扒起饭来。\r\n\n    他今天确实饿坏了，从早上到现在就啃了两个凉馒头，这会儿饭菜入口，简直是人间美味。\r\n\n    李玉梅今天做的菜也比平时丰盛，除了腊肉炒蒜苗，还有一盘番茄炒蛋和一碟子凉拌黄瓜，虽然都是家常菜，可在王大壮嘴里，比什么山珍海味都好吃。\r\n\n    “嫂子，你做的饭真好吃。”王大壮含糊不清地夸了一句，嘴里塞得满满的。\r\n\n    李玉梅被他这副吃相逗笑了，嗔了一句道：“慢点吃，没人跟你抢。”\r\n\n    她端起碗，小口小口地吃着，目光却时不时地落在王大壮身上。\r\n\n    他今天穿的那件白色背心被汗水浸湿了又干，干了又湿，领口和腋下都泛着一圈白色的汗渍，露在外面的手臂和肩膀被太阳晒得黝黑，肌肉线条在灯光下格外分明。\r\n\n    她忽然想起今天在竹林里埋掉的那些东西，心跳不自觉地加快了几分，脸颊泛起一层淡淡的红晕，连忙低下头去，假装专心吃饭。\r\n\n    吃完饭，李玉梅收拾碗筷去灶房洗，王大壮打了一桶井水提到院子角落里那个简易的淋浴棚里冲了个凉。\r\n\n    井水冰凉，浇在身上让王大壮打了个激灵，一天的疲惫被冲刷掉大半，整个人神清气爽。\r\n\n    冲完澡，他擦着湿漉漉的头发走进堂屋，李玉梅已经收拾完了，正在灶房里烧水准备自己洗。\r\n\n    王大壮跟她说了声“嫂子我先睡了”，就进了自己那间紧挨着灶房的小卧室。\r\n\n    卧室很小，只有一张木板床和一张旧桌子，墙上糊的报纸已经发黄发脆，有些地方脱落了露出里面的土坯。\r\n\n    床上的被褥虽然旧，但洗得很干净，叠得整整齐齐，上面还散发着阳光晒过的味道——李玉梅今天肯定把他的被子拿出去晒了。\r\n\n    王大壮躺在床上，从口袋里掏出那部林婉仪送的手机，在手里翻来覆去地看了看。\r\n\n    黑色的机身，屏幕很大，虽然林婉仪说是旧手机，可他怎么看都觉得跟新的一样。\r\n\n    他打开手机翻了翻，里面除了林婉仪存的号码，什么都没有，干干净净的，像是一张白纸。\r\n\n    他把玩了一会儿，设置了一个密码锁，然后把手机放到枕头底下，闭上眼睛准备睡觉。\r\n\n    可他怎么也睡不着。\r\n\n    隔壁灶房里传来哗啦哗啦的水声，是李玉梅在洗澡。\r\n\n    那声音隔着一堵薄薄的土墙传过来，清晰得像是近在咫尺。', '--json']' timed out after 120 seconds
  ⚠️ API error (attempt 2): Command '['openclaw', 'infer', 'model', 'run', '--model', 'qclaw/pool-deepseek-v4-pro', '--prompt', 'Translate the following Chinese novel chapter content to English. Return ONLY the translation, no explanation, no notes, no Chinese text:\n\n“行。”等再抬起头，李玉梅冲王大壮笑了笑，眼眶红红的，“嫂子听你的。”\r\n\n    王大壮这才满意地点了点头，大口大口地扒起饭来。\r\n\n    他今天确实饿坏了，从早上到现在就啃了两个凉馒头，这会儿饭菜入口，简直是人间美味。\r\n\n    李玉梅今天做的菜也比平时丰盛，除了腊肉炒蒜苗，还有一盘番茄炒蛋和一碟子凉拌黄瓜，虽然都是家常菜，可在王大壮嘴里，比什么山珍海味都好吃。\r\n\n    “嫂子，你做的饭真好吃。”王大壮含糊不清地夸了一句，嘴里塞得满满的。\r\n\n    李玉梅被他这副吃相逗笑了，嗔了一句道：“慢点吃，没人跟你抢。”\r\n\n    她端起碗，小口小口地吃着，目光却时不时地落在王大壮身上。\r\n\n    他今天穿的那件白色背心被汗水浸湿了又干，干了又湿，领口和腋下都泛着一圈白色的汗渍，露在外面的手臂和肩膀被太阳晒得黝黑，肌肉线条在灯光下格外分明。\r\n\n    她忽然想起今天在竹林里埋掉的那些东西，心跳不自觉地加快了几分，脸颊泛起一层淡淡的红晕，连忙低下头去，假装专心吃饭。\r\n\n    吃完饭，李玉梅收拾碗筷去灶房洗，王大壮打了一桶井水提到院子角落里那个简易的淋浴棚里冲了个凉。\r\n\n    井水冰凉，浇在身上让王大壮打了个激灵，一天的疲惫被冲刷掉大半，整个人神清气爽。\r\n\n    冲完澡，他擦着湿漉漉的头发走进堂屋，李玉梅已经收拾完了，正在灶房里烧水准备自己洗。\r\n\n    王大壮跟她说了声“嫂子我先睡了”，就进了自己那间紧挨着灶房的小卧室。\r\n\n    卧室很小，只有一张木板床和一张旧桌子，墙上糊的报纸已经发黄发脆，有些地方脱落了露出里面的土坯。\r\n\n    床上的被褥虽然旧，但洗得很干净，叠得整整齐齐，上面还散发着阳光晒过的味道——李玉梅今天肯定把他的被子拿出去晒了。\r\n\n    王大壮躺在床上，从口袋里掏出那部林婉仪送的手机，在手里翻来覆去地看了看。\r\n\n    黑色的机身，屏幕很大，虽然林婉仪说是旧手机，可他怎么看都觉得跟新的一样。\r\n\n    他打开手机翻了翻，里面除了林婉仪存的号码，什么都没有，干干净净的，像是一张白纸。\r\n\n    他把玩了一会儿，设置了一个密码锁，然后把手机放到枕头底下，闭上眼睛准备睡觉。\r\n\n    可他怎么也睡不着。\r\n\n    隔壁灶房里传来哗啦哗啦的水声，是李玉梅在洗澡。\r\n\n    那声音隔着一堵薄薄的土墙传过来，清晰得像是近在咫尺。', '--json']' timed out after 120 seconds
   ⚠️ Translation failed or still Chinese, skipped

📖 [804/1372] 傻大壮_乡野好快活/ch-0024.json
   Title: 第二十四章 给嫂子按摩！
  ⚠️ API error (attempt 1): Command '['openclaw', 'infer', 'model', 'run', '--model', 'qclaw/pool-deepseek-v4-pro', '--prompt', 'Translate this Chinese chapter title to English. Return ONLY the English title, no quotes, no explanation, no other text:\n\n第二十四章 给嫂子按摩！', '--json']' timed out after 120 seconds
  ⚠️ API error (attempt 2): Command '['openclaw', 'infer', 'model', 'run', '--model', 'qclaw/pool-deepseek-v4-pro', '--prompt', 'Translate this Chinese chapter title to English. Return ONLY the English title, no quotes, no explanation, no other text:\n\n第二十四章 给嫂子按摩！', '--json']' timed out after 120 seconds
  ⚠️ API error (attempt 1): Command '['openclaw', 'infer', 'model', 'run', '--model', 'qclaw/pool-deepseek-v4-pro', '--prompt', 'Translate the following Chinese novel chapter content to English. Return ONLY the translation, no explanation, no notes, no Chinese text:\n\n王大壮睡眠一向很浅，稍有动静就会醒。\r\n\n    睁开眼，侧耳倾听，声音是从隔壁李玉梅的房间里传来的。\r\n\n    是呻吟声。\r\n\n    断断续续的，压抑的，像是在极力忍耐着什么。\r\n\n    王大壮躺在床上，竖起耳朵听着那声音，心跳不自觉地加快了。\r\n\n    他脑海中浮现出刚才看到的画面，那具在灯光下泛着光泽的身体，那些舒缓而绵长的搓洗动作，还有那种忘我的表情……\r\n\n    心想嫂子是不是也在想那些事？\r\n\n    可是听着听着，王大壮脸上的笑容渐渐凝固了。\r\n\n    不对劲。\r\n\n    那呻吟声确实存在，可其中夹带的情绪不对。\r\n\n    那不是欢愉的声音，而是痛苦的呻吟，带着一种隐忍和压抑，像是一个人在忍受着什么难以承受的疼痛。\r\n\n    王大壮猛地从床上坐起来，心跳骤然加速。\r\n\n    下了床，光着脚走到门口，推开房门，来到李玉梅的房间门口。\r\n\n    客厅里黑漆漆的，只有从窗户缝隙里透进来的一丝月光，在地上投下一道惨白的光带。\r\n\n    王大壮想了一下还是抬手敲了敲门，声音不大，但在寂静的夜里格外清晰：“嫂子？你怎么了？”\r\n\n    屋里的呻吟声骤然停了，不多时，李玉梅的声音传出来，带着一丝慌乱和刻意的平静：“没……没事，大壮，你快回去睡吧。”\r\n\n    王大壮没有走。\r\n\n    他站在门口，眉头紧锁。\r\n\n    因为听觉经过仙武传承的强化，比普通人敏锐得多，他能听出李玉梅声音里的不对劲——\r\n\n    气息不稳，中气不足，说话的时候尾音发颤，这绝不是“没事”该有的状态。\r\n\n    “嫂子，你开门。”王大壮的声音透着担忧道：“你是不是哪里不舒服？我可以帮你看看。”\r\n\n    屋里没有任何回应，可王大壮听到传来窸窸窣窣的声响，是李玉梅下床的声音。', '--json']' timed out after 120 seconds
  ⚠️ API error (attempt 2): Command '['openclaw', 'infer', 'model', 'run', '--model', 'qclaw/pool-deepseek-v4-pro', '--prompt', 'Translate the following Chinese novel chapter content to English. Return ONLY the translation, no explanation, no notes, no Chinese text:\n\n王大壮睡眠一向很浅，稍有动静就会醒。\r\n\n    睁开眼，侧耳倾听，声音是从隔壁李玉梅的房间里传来的。\r\n\n    是呻吟声。\r\n\n    断断续续的，压抑的，像是在极力忍耐着什么。\r\n\n    王大壮躺在床上，竖起耳朵听着那声音，心跳不自觉地加快了。\r\n\n    他脑海中浮现出刚才看到的画面，那具在灯光下泛着光泽的身体，那些舒缓而绵长的搓洗动作，还有那种忘我的表情……\r\n\n    心想嫂子是不是也在想那些事？\r\n\n    可是听着听着，王大壮脸上的笑容渐渐凝固了。\r\n\n    不对劲。\r\n\n    那呻吟声确实存在，可其中夹带的情绪不对。\r\n\n    那不是欢愉的声音，而是痛苦的呻吟，带着一种隐忍和压抑，像是一个人在忍受着什么难以承受的疼痛。\r\n\n    王大壮猛地从床上坐起来，心跳骤然加速。\r\n\n    下了床，光着脚走到门口，推开房门，来到李玉梅的房间门口。\r\n\n    客厅里黑漆漆的，只有从窗户缝隙里透进来的一丝月光，在地上投下一道惨白的光带。\r\n\n    王大壮想了一下还是抬手敲了敲门，声音不大，但在寂静的夜里格外清晰：“嫂子？你怎么了？”\r\n\n    屋里的呻吟声骤然停了，不多时，李玉梅的声音传出来，带着一丝慌乱和刻意的平静：“没……没事，大壮，你快回去睡吧。”\r\n\n    王大壮没有走。\r\n\n    他站在门口，眉头紧锁。\r\n\n    因为听觉经过仙武传承的强化，比普通人敏锐得多，他能听出李玉梅声音里的不对劲——\r\n\n    气息不稳，中气不足，说话的时候尾音发颤，这绝不是“没事”该有的状态。\r\n\n    “嫂子，你开门。”王大壮的声音透着担忧道：“你是不是哪里不舒服？我可以帮你看看。”\r\n\n    屋里没有任何回应，可王大壮听到传来窸窸窣窣的声响，是李玉梅下床的声音。', '--json']' timed out after 120 seconds
   ⚠️ Translation failed or still Chinese, skipped

📖 [805/1372] 傻大壮_乡野好快活/ch-0025.json
   Title: 第二十五章 双修！
  ⚠️ API error (attempt 1): Command '['openclaw', 'infer', 'model', 'run', '--model', 'qclaw/pool-deepseek-v4-pro', '--prompt', 'Translate this Chinese chapter title to English. Return ONLY the English title, no quotes, no explanation, no other text:\n\n第二十五章 双修！', '--json']' timed out after 120 seconds
  ⚠️ API error (attempt 2): Command '['openclaw', 'infer', 'model', 'run', '--model', 'qclaw/pool-deepseek-v4-pro', '--prompt', 'Translate this Chinese chapter title to English. Return ONLY the English title, no quotes, no explanation, no other text:\n\n第二十五章 双修！', '--json']' timed out after 120 seconds
  ⚠️ API error (attempt 1): Command '['openclaw', 'infer', 'model', 'run', '--model', 'qclaw/pool-deepseek-v4-pro', '--prompt', 'Translate the following Chinese novel chapter content to English. Return ONLY the translation, no explanation, no notes, no Chinese text:\n\n王大壮说这话的时候，目光落在李玉梅的胸口，又赶紧移开，耳朵根都红了。\r\n\n    李玉梅的脸颊烧得厉害，红晕从脸颊蔓延到耳根。\r\n\n    她咬着嘴唇，低着头，沉默了好一会儿。\r\n\n    气氛有些尴尬，也有些暧昧。\r\n\n    王大壮正要开口说“要不算了”的时候，李玉梅忽然抬起头，抿着嘴，闭上眼睛说道：“大壮，你按吧，嫂子不介意。”\r\n\n    王大壮愣了一下，心跳骤然加速。\r\n\n    他当然知道“不介意”这三个字意味着什么。\r\n\n    一个守寡五年的女人，让一个年轻男人把手按在自己的胸口上，这不是“不介意”三个字就能解释的。\r\n\n    可他来不及多想，李玉梅已经闭上眼睛不再说话，长长的睫毛微微颤动着，脸上的红晕在灯光下格外动人。\r\n\n    王大壮深吸一口气，把右手从她的小腹缓缓上移，按在了她的左胸上。\r\n\n    掌心触碰到那团柔软的瞬间，两个人的身体同时一颤。\r\n\n    那种触感让王大壮的大脑瞬间一片空白——柔软，饱满，还带着微微的弹性，像是握着一团温热的棉花，又像是捧着一块融化的丝绸。\r\n\n    李玉梅的呼吸急促起来，喉咙里溢出了一声轻微的呻吟，那声音又软又糯，带着一种压抑了太久的渴望和释放，像是一根羽毛在王大壮的心尖上轻轻划过，勾得他魂都快飞了。\r\n\n    他咬了一下舌尖，强迫自己集中精神，催动灵力从掌心释放出去。\r\n\n    灵气穿透李玉梅的胸腔，将那几条顽固的寄生虫一一绞杀，又在她体内循环了两圈，把残留的有毒物质全部清除干净。\r\n\n    整个治疗过程其实只需要十几秒钟，正当王大壮要收回手的时候，李玉梅的手忽然抬起来，覆在王大壮的手背上，把他的手按在胸口上，不让他离开。\r\n\n    “继续摸。”\r\n\n    王大壮抬起头，看到李玉梅的脸红得像要滴血，正看着自己，眼波流转间，带着一种说不清道不明的情绪——有羞涩，有渴望，有犹豫，也有一种豁出去了的决绝。\r\n\n    “嫂子……”王大壮的喉咙干涩，声音都有些沙哑。\r\n\n    李玉梅没有说话，她低下头，双手握住王大壮的手，缓缓地从椅子上站起来，然后牵着他，一步一步地走到床边。\r\n\n    她坐在床沿上，那双眼睛里倒映着昏黄的灯光和男人的身影，像是一汪深不见底的潭水。', '--json']' timed out after 120 seconds
  ⚠️ API error (attempt 2): Command '['openclaw', 'infer', 'model', 'run', '--model', 'qclaw/pool-deepseek-v4-pro', '--prompt', 'Translate the following Chinese novel chapter content to English. Return ONLY the translation, no explanation, no notes, no Chinese text:\n\n王大壮说这话的时候，目光落在李玉梅的胸口，又赶紧移开，耳朵根都红了。\r\n\n    李玉梅的脸颊烧得厉害，红晕从脸颊蔓延到耳根。\r\n\n    她咬着嘴唇，低着头，沉默了好一会儿。\r\n\n    气氛有些尴尬，也有些暧昧。\r\n\n    王大壮正要开口说“要不算了”的时候，李玉梅忽然抬起头，抿着嘴，闭上眼睛说道：“大壮，你按吧，嫂子不介意。”\r\n\n    王大壮愣了一下，心跳骤然加速。\r\n\n    他当然知道“不介意”这三个字意味着什么。\r\n\n    一个守寡五年的女人，让一个年轻男人把手按在自己的胸口上，这不是“不介意”三个字就能解释的。\r\n\n    可他来不及多想，李玉梅已经闭上眼睛不再说话，长长的睫毛微微颤动着，脸上的红晕在灯光下格外动人。\r\n\n    王大壮深吸一口气，把右手从她的小腹缓缓上移，按在了她的左胸上。\r\n\n    掌心触碰到那团柔软的瞬间，两个人的身体同时一颤。\r\n\n    那种触感让王大壮的大脑瞬间一片空白——柔软，饱满，还带着微微的弹性，像是握着一团温热的棉花，又像是捧着一块融化的丝绸。\r\n\n    李玉梅的呼吸急促起来，喉咙里溢出了一声轻微的呻吟，那声音又软又糯，带着一种压抑了太久的渴望和释放，像是一根羽毛在王大壮的心尖上轻轻划过，勾得他魂都快飞了。\r\n\n    他咬了一下舌尖，强迫自己集中精神，催动灵力从掌心释放出去。\r\n\n    灵气穿透李玉梅的胸腔，将那几条顽固的寄生虫一一绞杀，又在她体内循环了两圈，把残留的有毒物质全部清除干净。\r\n\n    整个治疗过程其实只需要十几秒钟，正当王大壮要收回手的时候，李玉梅的手忽然抬起来，覆在王大壮的手背上，把他的手按在胸口上，不让他离开。\r\n\n    “继续摸。”\r\n\n    王大壮抬起头，看到李玉梅的脸红得像要滴血，正看着自己，眼波流转间，带着一种说不清道不明的情绪——有羞涩，有渴望，有犹豫，也有一种豁出去了的决绝。\r\n\n    “嫂子……”王大壮的喉咙干涩，声音都有些沙哑。\r\n\n    李玉梅没有说话，她低下头，双手握住王大壮的手，缓缓地从椅子上站起来，然后牵着他，一步一步地走到床边。\r\n\n    她坐在床沿上，那双眼睛里倒映着昏黄的灯光和男人的身影，像是一汪深不见底的潭水。', '--json']' timed out after 120 seconds
   ⚠️ Translation failed or still Chinese, skipped

📖 [806/1372] 傻大壮_乡野好快活/ch-0026.json
   Title: 第二十六章 别闹，被看到不好！
  ⚠️ API error (attempt 1): Command '['openclaw', 'infer', 'model', 'run', '--model', 'qclaw/pool-deepseek-v4-pro', '--prompt', 'Translate this Chinese chapter title to English. Return ONLY the English title, no quotes, no explanation, no other text:\n\n第二十六章 别闹，被看到不好！', '--json']' timed out after 120 seconds
  ⚠️ API error (attempt 2): Command '['openclaw', 'infer', 'model', 'run', '--model', 'qclaw/pool-deepseek-v4-pro', '--prompt', 'Translate this Chinese chapter title to English. Return ONLY the English title, no quotes, no explanation, no other text:\n\n第二十六章 别闹，被看到不好！', '--json']' timed out after 120 seconds
  ⚠️ API error (attempt 1): Command '['openclaw', 'infer', 'model', 'run', '--model', 'qclaw/pool-deepseek-v4-pro', '--prompt', 'Translate the following Chinese novel chapter content to English. Return ONLY the translation, no explanation, no notes, no Chinese text:\n\n“大壮……”李玉梅的声音迷迷糊糊的，像是已经半梦半醒了，“我好累……”\r\n\n    “睡吧。”王大壮在她额头上轻轻吻了一下，拉过被子盖住两个人的身体。\r\n\n    李玉梅嗯了一声，把脸埋在王大壮的颈窝里，很快就发出了均匀的呼吸声，睡着了。\r\n\n    王大壮抱着她，感受着她呼吸时胸腔的起伏，心里涌起一种从未有过的满足和安宁。\r\n\n    第二天早上，王大壮是被一阵饭菜的香味勾醒的。\r\n\n    他睁开眼，身边已经空了，被褥上还残留着李玉梅身体的温度和香味。\r\n\n    他躺在床上发了一会儿呆，看着头顶那根被烟火熏得发黑的房梁，昨晚的一幕幕在脑海中回放，嘴角不自觉地翘了起来。\r\n\n    没过多回味，王大壮便起身穿好衣服，走出卧室，看到李玉梅正端着一碗热粥从灶房里走出来。\r\n\n    她今天穿了一件浅粉色的碎花衬衫，头发扎成了一个低马尾，脸上干干净净的，什么脂粉都没擦，可气色却好得出奇。\r\n\n    皮肤白里透红，整个人像是被什么东西滋润过了一样，浑身上下散发着一股成熟女人特有的韵味和光彩。\r\n\n    看到王大壮出来，李玉梅的目光躲闪了一下，脸颊泛起一层淡淡的红晕，声音比平时低了几分：“起来了？洗洗脸，吃饭了。”\r\n\n    王大壮看着她那副害羞的样子，心里像是被什么东西挠了一下，痒痒的。\r\n\n    他走过去，环住对方的腰肢笑呵呵道：“嫂子，你今天真好看。”\r\n\n    李玉梅的耳朵根都红了，嗔了他一眼道：“大早上就没个正形，快去洗脸。”\r\n\n    王大壮嘿嘿一笑，转身去院子里的水缸边舀水洗脸刷牙。\r\n\n    等他收拾完走进堂屋，桌上已经摆好了早饭——白粥，咸菜，一碟子炒鸡蛋，还有一小盘回锅肉。\r\n\n    “嫂子，你这一大早就做了这么多菜？”王大壮在桌边坐下，有些惊讶道。\r\n\n    “今天高兴。”李玉梅在他对面坐下，给他盛了一碗粥，自己也盛了一碗，低着头小口小口地喝着，目光时不时地从碗沿上方瞟过来，又飞快地收回去。', '--json']' timed out after 120 seconds
  ⚠️ API error (attempt 2): Command '['openclaw', 'infer', 'model', 'run', '--model', 'qclaw/pool-deepseek-v4-pro', '--prompt', 'Translate the following Chinese novel chapter content to English. Return ONLY the translation, no explanation, no notes, no Chinese text:\n\n“大壮……”李玉梅的声音迷迷糊糊的，像是已经半梦半醒了，“我好累……”\r\n\n    “睡吧。”王大壮在她额头上轻轻吻了一下，拉过被子盖住两个人的身体。\r\n\n    李玉梅嗯了一声，把脸埋在王大壮的颈窝里，很快就发出了均匀的呼吸声，睡着了。\r\n\n    王大壮抱着她，感受着她呼吸时胸腔的起伏，心里涌起一种从未有过的满足和安宁。\r\n\n    第二天早上，王大壮是被一阵饭菜的香味勾醒的。\r\n\n    他睁开眼，身边已经空了，被褥上还残留着李玉梅身体的温度和香味。\r\n\n    他躺在床上发了一会儿呆，看着头顶那根被烟火熏得发黑的房梁，昨晚的一幕幕在脑海中回放，嘴角不自觉地翘了起来。\r\n\n    没过多回味，王大壮便起身穿好衣服，走出卧室，看到李玉梅正端着一碗热粥从灶房里走出来。\r\n\n    她今天穿了一件浅粉色的碎花衬衫，头发扎成了一个低马尾，脸上干干净净的，什么脂粉都没擦，可气色却好得出奇。\r\n\n    皮肤白里透红，整个人像是被什么东西滋润过了一样，浑身上下散发着一股成熟女人特有的韵味和光彩。\r\n\n    看到王大壮出来，李玉梅的目光躲闪了一下，脸颊泛起一层淡淡的红晕，声音比平时低了几分：“起来了？洗洗脸，吃饭了。”\r\n\n    王大壮看着她那副害羞的样子，心里像是被什么东西挠了一下，痒痒的。\r\n\n    他走过去，环住对方的腰肢笑呵呵道：“嫂子，你今天真好看。”\r\n\n    李玉梅的耳朵根都红了，嗔了他一眼道：“大早上就没个正形，快去洗脸。”\r\n\n    王大壮嘿嘿一笑，转身去院子里的水缸边舀水洗脸刷牙。\r\n\n    等他收拾完走进堂屋，桌上已经摆好了早饭——白粥，咸菜，一碟子炒鸡蛋，还有一小盘回锅肉。\r\n\n    “嫂子，你这一大早就做了这么多菜？”王大壮在桌边坐下，有些惊讶道。\r\n\n    “今天高兴。”李玉梅在他对面坐下，给他盛了一碗粥，自己也盛了一碗，低着头小口小口地喝着，目光时不时地从碗沿上方瞟过来，又飞快地收回去。', '--json']' timed out after 120 seconds
   ⚠️ Translation failed or still Chinese, skipped

📖 [807/1372] 傻大壮_乡野好快活/ch-0027.json
   Title: 第二十七章 比我家那位强多了！
  ⚠️ API error (attempt 1): Command '['openclaw', 'infer', 'model', 'run', '--model', 'qclaw/pool-deepseek-v4-pro', '--prompt', 'Translate this Chinese chapter title to English. Return ONLY the English title, no quotes, no explanation, no other text:\n\n第二十七章 比我家那位强多了！', '--json']' timed out after 120 seconds
  ⚠️ API error (attempt 2): Command '['openclaw', 'infer', 'model', 'run', '--model', 'qclaw/pool-deepseek-v4-pro', '--prompt', 'Translate this Chinese chapter title to English. Return ONLY the English title, no quotes, no explanation, no other text:\n\n第二十七章 比我家那位强多了！', '--json']' timed out after 120 seconds
  ⚠️ API error (attempt 1): Command '['openclaw', 'infer', 'model', 'run', '--model', 'qclaw/pool-deepseek-v4-pro', '--prompt', 'Translate the following Chinese novel chapter content to English. Return ONLY the translation, no explanation, no notes, no Chinese text:\n\n王大壮嘿嘿一笑，也不接话，只是在拐过弯之后，又趁李玉梅不注意，飞快地在她腰上捏了一把。\r\n\n    李玉梅被他捏得浑身一颤，回头瞪了王大壮一眼，可那眼神里哪有什么威慑力，眼波流转间全是娇嗔和羞意，倒像是在欲拒还迎。\r\n\n    “别闹了，大白天呢，被人看到不好。”李玉梅压低声音，伸手拍开他的爪子。\r\n\n    王大壮收回了手，也不再闹她，只是笑眯眯地走在旁边，目光时不时地落在她身上。\r\n\n    两个人并肩走了一会儿，王大壮忽然想起昨晚的事，开口问道：“嫂子，你昨天晚上肚子还疼过没有？”\r\n\n    李玉梅脚步微微一顿，俏脸上腾地升起两团红云，一直烧到了耳根子。\r\n\n    她低着头看着脚下的路，轻声摇头道：“没有……睡得可香了，连梦都没做一个。”\r\n\n    她顿了一下，又补充了一句，“大壮，这……这多亏了你。”\r\n\n    王大壮心里跟吃了蜜一样甜，嘴角的弧度怎么都压不下去。\r\n\n    他偏头看着李玉梅那副含羞带怯的模样，心里头那点小心思又开始活泛起来，笑嘻嘻道：“嫂子，要不……晚上咱们再继续？”\r\n\n    李玉梅的脚步猛地一滞，脑海中瞬间闪过昨晚那一幕幕让人脸红心跳的画面——\r\n\n    光是想到这些，腿就有些发软了。\r\n\n    “少贫嘴。”李玉梅别过脸去，不敢看王大壮的眼睛，娇嗔道：“暂时……暂时不行。”\r\n\n    王大壮见她这副反应，心里也明白了几分。\r\n\n    自从获得了仙武传承之后，他的身体各方面都发生了翻天覆地的变化，体力、耐力、恢复力全都远超常人。\r\n\n    昨晚他虽然已经很克制了，可李玉梅最后还是缴械投降，连连求饶，他这才意犹未尽地收了手。\r\n\n    普通女人，根本遭不住他的折腾。\r\n\n    想到这里，王大壮也就不再勉强，嘿嘿一笑，伸手揽住李玉梅的肩膀，在她脸颊上飞快地亲了一口：“行，听嫂子的，等你什么时候想了再说。”', '--json']' timed out after 120 seconds
  ⚠️ API error (attempt 2): Command '['openclaw', 'infer', 'model', 'run', '--model', 'qclaw/pool-deepseek-v4-pro', '--prompt', 'Translate the following Chinese novel chapter content to English. Return ONLY the translation, no explanation, no notes, no Chinese text:\n\n王大壮嘿嘿一笑，也不接话，只是在拐过弯之后，又趁李玉梅不注意，飞快地在她腰上捏了一把。\r\n\n    李玉梅被他捏得浑身一颤，回头瞪了王大壮一眼，可那眼神里哪有什么威慑力，眼波流转间全是娇嗔和羞意，倒像是在欲拒还迎。\r\n\n    “别闹了，大白天呢，被人看到不好。”李玉梅压低声音，伸手拍开他的爪子。\r\n\n    王大壮收回了手，也不再闹她，只是笑眯眯地走在旁边，目光时不时地落在她身上。\r\n\n    两个人并肩走了一会儿，王大壮忽然想起昨晚的事，开口问道：“嫂子，你昨天晚上肚子还疼过没有？”\r\n\n    李玉梅脚步微微一顿，俏脸上腾地升起两团红云，一直烧到了耳根子。\r\n\n    她低着头看着脚下的路，轻声摇头道：“没有……睡得可香了，连梦都没做一个。”\r\n\n    她顿了一下，又补充了一句，“大壮，这……这多亏了你。”\r\n\n    王大壮心里跟吃了蜜一样甜，嘴角的弧度怎么都压不下去。\r\n\n    他偏头看着李玉梅那副含羞带怯的模样，心里头那点小心思又开始活泛起来，笑嘻嘻道：“嫂子，要不……晚上咱们再继续？”\r\n\n    李玉梅的脚步猛地一滞，脑海中瞬间闪过昨晚那一幕幕让人脸红心跳的画面——\r\n\n    光是想到这些，腿就有些发软了。\r\n\n    “少贫嘴。”李玉梅别过脸去，不敢看王大壮的眼睛，娇嗔道：“暂时……暂时不行。”\r\n\n    王大壮见她这副反应，心里也明白了几分。\r\n\n    自从获得了仙武传承之后，他的身体各方面都发生了翻天覆地的变化，体力、耐力、恢复力全都远超常人。\r\n\n    昨晚他虽然已经很克制了，可李玉梅最后还是缴械投降，连连求饶，他这才意犹未尽地收了手。\r\n\n    普通女人，根本遭不住他的折腾。\r\n\n    想到这里，王大壮也就不再勉强，嘿嘿一笑，伸手揽住李玉梅的肩膀，在她脸颊上飞快地亲了一口：“行，听嫂子的，等你什么时候想了再说。”', '--json']' timed out after 120 seconds
   ⚠️ Translation failed or still Chinese, skipped

📖 [808/1372] 傻大壮_乡野好快活/ch-0028.json
   Title: 第二十八章 陪一晚？
  ⚠️ API error (attempt 1): Command '['openclaw', 'infer', 'model', 'run', '--model', 'qclaw/pool-deepseek-v4-pro', '--prompt', 'Translate this Chinese chapter title to English. Return ONLY the English title, no quotes, no explanation, no other text:\n\n第二十八章 陪一晚？', '--json']' timed out after 120 seconds
  ⚠️ API error (attempt 2): Command '['openclaw', 'infer', 'model', 'run', '--model', 'qclaw/pool-deepseek-v4-pro', '--prompt', 'Translate this Chinese chapter title to English. Return ONLY the English title, no quotes, no explanation, no other text:\n\n第二十八章 陪一晚？', '--json']' timed out after 120 seconds
  ⚠️ API error (attempt 1): Command '['openclaw', 'infer', 'model', 'run', '--model', 'qclaw/pool-deepseek-v4-pro', '--prompt', 'Translate the following Chinese novel chapter content to English. Return ONLY the translation, no explanation, no notes, no Chinese text:\n\n这话要是放在以前，放在一个正常人身上，多少会让人觉得尴尬。\r\n\n    可在这几个婆娘看来，王大壮就算脑子好了，大家都知根知底，开个玩笑也没什么。\r\n\n    再说了，幸福村的男人们几乎都外出打工去了，留在村里的青壮年一只手都数得过来。\r\n\n    这些婆娘们平日里独守空房，嘴上说说荤话解解闷，也是常有的事。\r\n\n    陈春花听了这话，不但不恼，反而笑呵呵回应道：“人家大壮现在又不傻，我还能厚着脸皮晚上去窜门吗？再说了，就算我愿意，人家家里的李玉梅也不一定答应呀！”\r\n\n    几个婆娘听了全都哈哈大笑起来，笑声在空旷的山坡上传得老远。\r\n\n    王大壮站在路边，听着这些话，脸上没有半点羞涩，反而咧嘴一笑，大大方方道：“春花嫂要是愿意的话，我倒是可以给你留门，就怕到时候张三哥回来就说不清楚了。”\r\n\n    这话说得有理有据，既没有得罪人，又把球踢了回去。\r\n\n    几个婆娘全都愣住了，瞪大了眼睛看着王大壮，像是第一次认识他一样。\r\n\n    “哎呀我的天！”张秀莲第一个反应过来，拍着大腿哈哈大笑，“你们听听，你们听听，大壮这嘴皮子，哪像是傻过的人？比咱们村里那些大老爷们儿都会说话！”\r\n\n    刘桂香也笑得前仰后合起来，“可不是嘛，我估摸着啊，大壮这脑子不但好了，还比以前更精了！”\r\n\n    陈春花也被王大壮这话噎了一下，但很快就笑了出来，指着王大壮道：“好你个大壮，现在嘴皮子利索了，学会拿嫂子开涮了是吧？”\r\n\n    王大壮嘿嘿直笑，也不辩解。\r\n\n    这时候，张秀莲忽然凑过来，用一种促狭的语气问道：“大壮，你跟嫂子说实话，是不是你嫂子在家教了你很多呀？怎么连这些话都知道？”\r\n\n    王大壮看了她一眼，笑容不变道：“我嫂子的确教了我不少东西，包括怎么怼人。”\r\n\n    这话说得滴水不漏，既没有否认，也没有承认，反而把几个婆娘逗得更乐了。\r\n\n    “行了行了，不跟你们吹牛了，我得赶紧上山了，再晚天就热了。”王大壮摆了摆手，转身继续往山上走。\r\n\n    身后传来几个婆娘的笑声和议论声，王大壮也不在意。\r\n\n    走了没多远，身后忽然传来一阵急促的脚步声，紧接着是一声兴奋的犬吠。', '--json']' timed out after 120 seconds
  ⚠️ API error (attempt 2): Command '['openclaw', 'infer', 'model', 'run', '--model', 'qclaw/pool-deepseek-v4-pro', '--prompt', 'Translate the following Chinese novel chapter content to English. Return ONLY the translation, no explanation, no notes, no Chinese text:\n\n这话要是放在以前，放在一个正常人身上，多少会让人觉得尴尬。\r\n\n    可在这几个婆娘看来，王大壮就算脑子好了，大家都知根知底，开个玩笑也没什么。\r\n\n    再说了，幸福村的男人们几乎都外出打工去了，留在村里的青壮年一只手都数得过来。\r\n\n    这些婆娘们平日里独守空房，嘴上说说荤话解解闷，也是常有的事。\r\n\n    陈春花听了这话，不但不恼，反而笑呵呵回应道：“人家大壮现在又不傻，我还能厚着脸皮晚上去窜门吗？再说了，就算我愿意，人家家里的李玉梅也不一定答应呀！”\r\n\n    几个婆娘听了全都哈哈大笑起来，笑声在空旷的山坡上传得老远。\r\n\n    王大壮站在路边，听着这些话，脸上没有半点羞涩，反而咧嘴一笑，大大方方道：“春花嫂要是愿意的话，我倒是可以给你留门，就怕到时候张三哥回来就说不清楚了。”\r\n\n    这话说得有理有据，既没有得罪人，又把球踢了回去。\r\n\n    几个婆娘全都愣住了，瞪大了眼睛看着王大壮，像是第一次认识他一样。\r\n\n    “哎呀我的天！”张秀莲第一个反应过来，拍着大腿哈哈大笑，“你们听听，你们听听，大壮这嘴皮子，哪像是傻过的人？比咱们村里那些大老爷们儿都会说话！”\r\n\n    刘桂香也笑得前仰后合起来，“可不是嘛，我估摸着啊，大壮这脑子不但好了，还比以前更精了！”\r\n\n    陈春花也被王大壮这话噎了一下，但很快就笑了出来，指着王大壮道：“好你个大壮，现在嘴皮子利索了，学会拿嫂子开涮了是吧？”\r\n\n    王大壮嘿嘿直笑，也不辩解。\r\n\n    这时候，张秀莲忽然凑过来，用一种促狭的语气问道：“大壮，你跟嫂子说实话，是不是你嫂子在家教了你很多呀？怎么连这些话都知道？”\r\n\n    王大壮看了她一眼，笑容不变道：“我嫂子的确教了我不少东西，包括怎么怼人。”\r\n\n    这话说得滴水不漏，既没有否认，也没有承认，反而把几个婆娘逗得更乐了。\r\n\n    “行了行了，不跟你们吹牛了，我得赶紧上山了，再晚天就热了。”王大壮摆了摆手，转身继续往山上走。\r\n\n    身后传来几个婆娘的笑声和议论声，王大壮也不在意。\r\n\n    走了没多远，身后忽然传来一阵急促的脚步声，紧接着是一声兴奋的犬吠。', '--json']' timed out after 120 seconds
   ⚠️ Translation failed or still Chinese, skipped

📖 [809/1372] 傻大壮_乡野好快活/ch-0029.json
   Title: 第二十九章 对付野猪！
  ⚠️ API error (attempt 1): Command '['openclaw', 'infer', 'model', 'run', '--model', 'qclaw/pool-deepseek-v4-pro', '--prompt', 'Translate this Chinese chapter title to English. Return ONLY the English title, no quotes, no explanation, no other text:\n\n第二十九章 对付野猪！', '--json']' timed out after 120 seconds
  ⚠️ API error (attempt 2): Command '['openclaw', 'infer', 'model', 'run', '--model', 'qclaw/pool-deepseek-v4-pro', '--prompt', 'Translate this Chinese chapter title to English. Return ONLY the English title, no quotes, no explanation, no other text:\n\n第二十九章 对付野猪！', '--json']' timed out after 120 seconds
  ⚠️ API error (attempt 1): Command '['openclaw', 'infer', 'model', 'run', '--model', 'qclaw/pool-deepseek-v4-pro', '--prompt', 'Translate the following Chinese novel chapter content to English. Return ONLY the translation, no explanation, no notes, no Chinese text:\n\n王大壮缓缓站起身来，瞄准了最大的那只野兔。\r\n\n    野兔似乎察觉到了什么，耳朵猛地转向王大壮的方向，后腿紧绷，随时准备弹射起步。\r\n\n    就在这一瞬间，王大壮手腕一抖，小石子如同出膛的子弹一般飞射而出，速度快得肉眼几乎难以捕捉，在空中划出一道笔直的轨迹，精准地击中了野兔的后腿。\r\n\n    “吱——”野兔发出一声短促的惨叫，身体猛地一歪，后腿失去了力量，拖着受伤的腿拼命往兔洞的方向爬。\r\n\n    王大壮没有犹豫，第二颗石子紧随其后，击中了另一只体型稍小的野兔。\r\n\n    小黑在他出手的瞬间就冲了出去，四蹄翻飞，像一道黑色的闪电，精准地叼住了那只受伤的小野兔，一甩头，把它摔在地上，然后用前爪死死按住。\r\n\n    王大壮走过去，弯腰捡起那只最大的野兔，在手里掂了掂，沉甸甸的，少说也有五六斤。\r\n\n    野兔还在挣扎，后腿上的伤口渗出了血，但骨头已经被石子打断了，跑不掉了。\r\n\n    “好家伙，够肥的。”王大壮满意地笑了笑，从腰间抽出绳子，把两只野兔的后腿绑在一起，打了个活结，提着绳子在手里甩了甩。\r\n\n    小黑蹲在他脚边，嘴里还叼着那只小野兔，仰着头看着王大壮，尾巴摇得飞快，一副邀功的模样。\r\n\n    “行行行，你厉害。”王大壮笑着揉了揉小黑的脑袋，把小野兔从它嘴里拿下来，三只野兔绑在一起，提在手里沉甸甸的，少说也有十斤出头。\r\n\n    有了这几只野兔，今天也不算白来了。\r\n\n    王大壮正准备打道回府，忽然，远处传来一阵熟悉的叫声。\r\n\n    “咯咯咯——咯咯咯——”\r\n\n    王大壮的耳朵猛地竖了起来。\r\n\n    发现是野鸡的叫声！\r\n\n    他循着声音的方向望去，密林的深处，一道斑斓的身影正在灌木丛中快速穿梭。\r\n\n    那是一只雄性野鸡，羽毛艳丽，尾羽修长，正在林间觅食。\r\n\n    “可算找到你了。”王大壮咧嘴一笑，把手里提着的野兔放在地上，示意小黑看着，自己则轻手轻脚地朝着野鸡的方向摸过去。\r\n\n    野鸡的警觉性比野兔还高，稍有异动就会振翅飞走。\r\n\n    王大壮屏住呼吸，脚步轻得像猫一样，借着树木和灌木的掩护，一点一点地靠近。', '--json']' timed out after 120 seconds
  ⚠️ API error (attempt 2): Command '['openclaw', 'infer', 'model', 'run', '--model', 'qclaw/pool-deepseek-v4-pro', '--prompt', 'Translate the following Chinese novel chapter content to English. Return ONLY the translation, no explanation, no notes, no Chinese text:\n\n王大壮缓缓站起身来，瞄准了最大的那只野兔。\r\n\n    野兔似乎察觉到了什么，耳朵猛地转向王大壮的方向，后腿紧绷，随时准备弹射起步。\r\n\n    就在这一瞬间，王大壮手腕一抖，小石子如同出膛的子弹一般飞射而出，速度快得肉眼几乎难以捕捉，在空中划出一道笔直的轨迹，精准地击中了野兔的后腿。\r\n\n    “吱——”野兔发出一声短促的惨叫，身体猛地一歪，后腿失去了力量，拖着受伤的腿拼命往兔洞的方向爬。\r\n\n    王大壮没有犹豫，第二颗石子紧随其后，击中了另一只体型稍小的野兔。\r\n\n    小黑在他出手的瞬间就冲了出去，四蹄翻飞，像一道黑色的闪电，精准地叼住了那只受伤的小野兔，一甩头，把它摔在地上，然后用前爪死死按住。\r\n\n    王大壮走过去，弯腰捡起那只最大的野兔，在手里掂了掂，沉甸甸的，少说也有五六斤。\r\n\n    野兔还在挣扎，后腿上的伤口渗出了血，但骨头已经被石子打断了，跑不掉了。\r\n\n    “好家伙，够肥的。”王大壮满意地笑了笑，从腰间抽出绳子，把两只野兔的后腿绑在一起，打了个活结，提着绳子在手里甩了甩。\r\n\n    小黑蹲在他脚边，嘴里还叼着那只小野兔，仰着头看着王大壮，尾巴摇得飞快，一副邀功的模样。\r\n\n    “行行行，你厉害。”王大壮笑着揉了揉小黑的脑袋，把小野兔从它嘴里拿下来，三只野兔绑在一起，提在手里沉甸甸的，少说也有十斤出头。\r\n\n    有了这几只野兔，今天也不算白来了。\r\n\n    王大壮正准备打道回府，忽然，远处传来一阵熟悉的叫声。\r\n\n    “咯咯咯——咯咯咯——”\r\n\n    王大壮的耳朵猛地竖了起来。\r\n\n    发现是野鸡的叫声！\r\n\n    他循着声音的方向望去，密林的深处，一道斑斓的身影正在灌木丛中快速穿梭。\r\n\n    那是一只雄性野鸡，羽毛艳丽，尾羽修长，正在林间觅食。\r\n\n    “可算找到你了。”王大壮咧嘴一笑，把手里提着的野兔放在地上，示意小黑看着，自己则轻手轻脚地朝着野鸡的方向摸过去。\r\n\n    野鸡的警觉性比野兔还高，稍有异动就会振翅飞走。\r\n\n    王大壮屏住呼吸，脚步轻得像猫一样，借着树木和灌木的掩护，一点一点地靠近。', '--json']' timed out after 120 seconds
   ⚠️ Translation failed or still Chinese, skipped

📖 [810/1372] 傻大壮_乡野好快活/ch-0030.json
   Title: 第三十章 主人厉害吧？
  ⚠️ API error (attempt 1): Command '['openclaw', 'infer', 'model', 'run', '--model', 'qclaw/pool-deepseek-v4-pro', '--prompt', 'Translate this Chinese chapter title to English. Return ONLY the English title, no quotes, no explanation, no other text:\n\n第三十章 主人厉害吧？', '--json']' timed out after 120 seconds
  ⚠️ API error (attempt 2): Command '['openclaw', 'infer', 'model', 'run', '--model', 'qclaw/pool-deepseek-v4-pro', '--prompt', 'Translate this Chinese chapter title to English. Return ONLY the English title, no quotes, no explanation, no other text:\n\n第三十章 主人厉害吧？', '--json']' timed out after 120 seconds
  ⚠️ API error (attempt 1): Command '['openclaw', 'infer', 'model', 'run', '--model', 'qclaw/pool-deepseek-v4-pro', '--prompt', 'Translate the following Chinese novel chapter content to English. Return ONLY the translation, no explanation, no notes, no Chinese text:\n\n王大壮双腿微屈，扎稳马步，体内灵气疯狂运转，汇聚到双臂和双手之上。\r\n\n    眼睛死死地盯着冲过来的野猪，瞳孔中倒映着那道越来越近的黑色身影。\r\n\n    十米。\r\n\n    五米。\r\n\n    三米。\r\n\n    就在野猪冲到面前的瞬间，王大壮的身体猛地一侧，险之又险地避开了正面冲撞。\r\n\n    与此同时，王大壮的右手闪电般探出，五指如铁钩般死死抓住了野猪脖颈上厚厚的鬃毛。\r\n\n    野猪的冲势太猛，王大壮虽然抓住了它的鬃毛，整个人还是被带得踉跄了好几步，脚在地上犁出了两道深深的沟痕。\r\n\n    可他咬着牙，手臂上的肌肉贲起如铁，硬生生地稳住了身形。\r\n\n    “喝！”王大壮暴喝一声，腰腹发力，猛地一拧身，把野猪往旁边甩去。\r\n\n    野猪庞大的身体被这股巨力带得一个踉跄，差点翻倒，但它很快就稳住了重心，猛地甩动脑袋，想要挣脱王大壮的手。\r\n\n    王大壮感觉到虎口一阵发麻，野猪的力气大得惊人，那股蛮力像是要把他的手指一根根掰开。\r\n\n    他不敢硬抗，顺势松开了手，身体向后退了两步，与野猪拉开了距离。\r\n\n    野猪喘着粗气，血红的眼睛瞪着王大壮，鼻子里喷出两股白气。\r\n\n    它在原地转了两圈，四蹄刨着地面，泥土飞溅，又一次发起了冲锋。\r\n\n    这一次，王大壮没有等它冲过来，而是主动迎了上去。\r\n\n    他身形如电，在野猪冲来的瞬间，脚步一变，身体侧转，绕到了野猪的侧面。\r\n\n    右腿猛地抬起，带着破空之声，狠狠地踢在了野猪的肋骨上。\r\n\n    这一脚灌注了灵气，力量之大，足以踢断碗口粗的树干。\r\n\n    野猪发出一声惨烈的嚎叫，整个身体被踢得横向滑出去一米多远，在地上翻滚了一圈，泥土和碎石四处飞溅。\r\n\n    可它皮糙肉厚，这一脚虽然让它吃了不小的亏，却没有伤及根本。', '--json']' timed out after 120 seconds
  ⚠️ API error (attempt 2): Command '['openclaw', 'infer', 'model', 'run', '--model', 'qclaw/pool-deepseek-v4-pro', '--prompt', 'Translate the following Chinese novel chapter content to English. Return ONLY the translation, no explanation, no notes, no Chinese text:\n\n王大壮双腿微屈，扎稳马步，体内灵气疯狂运转，汇聚到双臂和双手之上。\r\n\n    眼睛死死地盯着冲过来的野猪，瞳孔中倒映着那道越来越近的黑色身影。\r\n\n    十米。\r\n\n    五米。\r\n\n    三米。\r\n\n    就在野猪冲到面前的瞬间，王大壮的身体猛地一侧，险之又险地避开了正面冲撞。\r\n\n    与此同时，王大壮的右手闪电般探出，五指如铁钩般死死抓住了野猪脖颈上厚厚的鬃毛。\r\n\n    野猪的冲势太猛，王大壮虽然抓住了它的鬃毛，整个人还是被带得踉跄了好几步，脚在地上犁出了两道深深的沟痕。\r\n\n    可他咬着牙，手臂上的肌肉贲起如铁，硬生生地稳住了身形。\r\n\n    “喝！”王大壮暴喝一声，腰腹发力，猛地一拧身，把野猪往旁边甩去。\r\n\n    野猪庞大的身体被这股巨力带得一个踉跄，差点翻倒，但它很快就稳住了重心，猛地甩动脑袋，想要挣脱王大壮的手。\r\n\n    王大壮感觉到虎口一阵发麻，野猪的力气大得惊人，那股蛮力像是要把他的手指一根根掰开。\r\n\n    他不敢硬抗，顺势松开了手，身体向后退了两步，与野猪拉开了距离。\r\n\n    野猪喘着粗气，血红的眼睛瞪着王大壮，鼻子里喷出两股白气。\r\n\n    它在原地转了两圈，四蹄刨着地面，泥土飞溅，又一次发起了冲锋。\r\n\n    这一次，王大壮没有等它冲过来，而是主动迎了上去。\r\n\n    他身形如电，在野猪冲来的瞬间，脚步一变，身体侧转，绕到了野猪的侧面。\r\n\n    右腿猛地抬起，带着破空之声，狠狠地踢在了野猪的肋骨上。\r\n\n    这一脚灌注了灵气，力量之大，足以踢断碗口粗的树干。\r\n\n    野猪发出一声惨烈的嚎叫，整个身体被踢得横向滑出去一米多远，在地上翻滚了一圈，泥土和碎石四处飞溅。\r\n\n    可它皮糙肉厚，这一脚虽然让它吃了不小的亏，却没有伤及根本。', '--json']' timed out after 120 seconds
   ⚠️ Translation failed or still Chinese, skipped

  ⏭️ [811/1372] SKIPPED (known failed): 凡人修仙_谁说修仙必须灵力/ch-0001.json

  ⏭️ [812/1372] SKIPPED (known failed): 凡人修仙_谁说修仙必须灵力/ch-0002.json

  ⏭️ [813/1372] SKIPPED (known failed): 凡人修仙_谁说修仙必须灵力/ch-0003.json

  ⏭️ [814/1372] SKIPPED (known failed): 凡人修仙_谁说修仙必须灵力/ch-0004.json

  ⏭️ [815/1372] SKIPPED (known failed): 凡人修仙_谁说修仙必须灵力/ch-0005.json

  ⏭️ [816/1372] SKIPPED (known failed): 凡人修仙_谁说修仙必须灵力/ch-0006.json

  ⏭️ [817/1372] SKIPPED (known failed): 凡人修仙_谁说修仙必须灵力/ch-0007.json

  ⏭️ [818/1372] SKIPPED (known failed): 凡人修仙_谁说修仙必须灵力/ch-0008.json

  ⏭️ [819/1372] SKIPPED (known failed): 坟头开铺_我靠守墓重整阴阳两界/ch-0001.json

  ⏭️ [820/1372] SKIPPED (known failed): 坟头开铺_我靠守墓重整阴阳两界/ch-0002.json

  ⏭️ [821/1372] SKIPPED (known failed): 坟头开铺_我靠守墓重整阴阳两界/ch-0003.json

  ⏭️ [822/1372] SKIPPED (known failed): 坟头开铺_我靠守墓重整阴阳两界/ch-0004.json

  ⏭️ [823/1372] SKIPPED (known failed): 坟头开铺_我靠守墓重整阴阳两界/ch-0005.json

  ⏭️ [824/1372] SKIPPED (known failed): 坟头开铺_我靠守墓重整阴阳两界/ch-0006.json

  ⏭️ [825/1372] SKIPPED (known failed): 坟头开铺_我靠守墓重整阴阳两界/ch-0007.json

  ⏭️ [826/1372] SKIPPED (known failed): 坟头开铺_我靠守墓重整阴阳两界/ch-0008.json

  ⏭️ [827/1372] SKIPPED (known failed): 坟头开铺_我靠守墓重整阴阳两界/ch-0009.json

  ⏭️ [828/1372] SKIPPED (known failed): 坟头开铺_我靠守墓重整阴阳两界/ch-0010.json

  ⏭️ [829/1372] SKIPPED (known failed): 坟头开铺_我靠守墓重整阴阳两界/ch-0011.json

  ⏭️ [830/1372] SKIPPED (known failed): 坟头开铺_我靠守墓重整阴阳两界/ch-0012.json

  ⏭️ [831/1372] SKIPPED (known failed): 坟头开铺_我靠守墓重整阴阳两界/ch-0013.json

  ⏭️ [832/1372] SKIPPED (known failed): 坟头开铺_我靠守墓重整阴阳两界/ch-0014.json

  ⏭️ [833/1372] SKIPPED (known failed): 坟头开铺_我靠守墓重整阴阳两界/ch-0015.json

  ⏭️ [834/1372] SKIPPED (known failed): 坟头开铺_我靠守墓重整阴阳两界/ch-0016.json

  ⏭️ [835/1372] SKIPPED (known failed): 坟头开铺_我靠守墓重整阴阳两界/ch-0017.json

  ⏭️ [836/1372] SKIPPED (known failed): 坟头开铺_我靠守墓重整阴阳两界/ch-0018.json

  ⏭️ [837/1372] SKIPPED (known failed): 坟头开铺_我靠守墓重整阴阳两界/ch-0019.json

  ⏭️ [838/1372] SKIPPED (known failed): 坟头开铺_我靠守墓重整阴阳两界/ch-0020.json

  ⏭️ [839/1372] SKIPPED (known failed): 坟头开铺_我靠守墓重整阴阳两界/ch-0021.json

  ⏭️ [840/1372] SKIPPED (known failed): 坟头开铺_我靠守墓重整阴阳两界/ch-0022.json

  ⏭️ [841/1372] SKIPPED (known failed): 坟头开铺_我靠守墓重整阴阳两界/ch-0023.json

  ⏭️ [842/1372] SKIPPED (known failed): 坟头开铺_我靠守墓重整阴阳两界/ch-0024.json

  ⏭️ [843/1372] SKIPPED (known failed): 坟头开铺_我靠守墓重整阴阳两界/ch-0025.json

  ⏭️ [844/1372] SKIPPED (known failed): 坟头开铺_我靠守墓重整阴阳两界/ch-0026.json

  ⏭️ [845/1372] SKIPPED (known failed): 坟头开铺_我靠守墓重整阴阳两界/ch-0027.json

  ⏭️ [846/1372] SKIPPED (known failed): 坟头开铺_我靠守墓重整阴阳两界/ch-0028.json

  ⏭️ [847/1372] SKIPPED (known failed): 坟头开铺_我靠守墓重整阴阳两界/ch-0029.json

  ⏭️ [848/1372] SKIPPED (known failed): 坟头开铺_我靠守墓重整阴阳两界/ch-0030.json

  ⏭️ [849/1372] SKIPPED (known failed): 天债簿/ch-0001.json

  ⏭️ [850/1372] SKIPPED (known failed): 天债簿/ch-0002.json

  ⏭️ [851/1372] SKIPPED (known failed): 天债簿/ch-0003.json

  ⏭️ [852/1372] SKIPPED (known failed): 天债簿/ch-0004.json

  ⏭️ [853/1372] SKIPPED (known failed): 天债簿/ch-0005.json

  ⏭️ [854/1372] SKIPPED (known failed): 天债簿/ch-0006.json

  ⏭️ [855/1372] SKIPPED (known failed): 天债簿/ch-0007.json

  ⏭️ [856/1372] SKIPPED (known failed): 天债簿/ch-0008.json

  ⏭️ [857/1372] SKIPPED (known failed): 天债簿/ch-0009.json

  ⏭️ [858/1372] SKIPPED (known failed): 天债簿/ch-0010.json

  ⏭️ [859/1372] SKIPPED (known failed): 天债簿/ch-0011.json

  ⏭️ [860/1372] SKIPPED (known failed): 天债簿/ch-0012.json

  ⏭️ [861/1372] SKIPPED (known failed): 天心帝魂/ch-0001.json

  ⏭️ [862/1372] SKIPPED (known failed): 天心帝魂/ch-0002.json

  ⏭️ [863/1372] SKIPPED (known failed): 天心帝魂/ch-0003.json

  ⏭️ [864/1372] SKIPPED (known failed): 天心帝魂/ch-0004.json

  ⏭️ [865/1372] SKIPPED (known failed): 天心帝魂/ch-0005.json

  ⏭️ [866/1372] SKIPPED (known failed): 天心帝魂/ch-0006.json

  ⏭️ [867/1372] SKIPPED (known failed): 天心帝魂/ch-0007.json

  ⏭️ [868/1372] SKIPPED (known failed): 天心帝魂/ch-0008.json

  ⏭️ [869/1372] SKIPPED (known failed): 天心帝魂/ch-0009.json

  ⏭️ [870/1372] SKIPPED (known failed): 天心帝魂/ch-0010.json

  ⏭️ [871/1372] SKIPPED (known failed): 天心帝魂/ch-0011.json

  ⏭️ [872/1372] SKIPPED (known failed): 天心帝魂/ch-0012.json

  ⏭️ [873/1372] SKIPPED (known failed): 天心帝魂/ch-0013.json

  ⏭️ [874/1372] SKIPPED (known failed): 天心帝魂/ch-0014.json

  ⏭️ [875/1372] SKIPPED (known failed): 天心帝魂/ch-0015.json

  ⏭️ [876/1372] SKIPPED (known failed): 天心帝魂/ch-0016.json

  ⏭️ [877/1372] SKIPPED (known failed): 天心帝魂/ch-0017.json

  ⏭️ [878/1372] SKIPPED (known failed): 天心帝魂/ch-0018.json

  ⏭️ [879/1372] SKIPPED (known failed): 天心帝魂/ch-0019.json

  ⏭️ [880/1372] SKIPPED (known failed): 天心帝魂/ch-0020.json

  ⏭️ [881/1372] SKIPPED (known failed): 天心帝魂/ch-0021.json

  ⏭️ [882/1372] SKIPPED (known failed): 天心帝魂/ch-0022.json

  ⏭️ [883/1372] SKIPPED (known failed): 天心帝魂/ch-0023.json

  ⏭️ [884/1372] SKIPPED (known failed): 天心帝魂/ch-0024.json

  ⏭️ [885/1372] SKIPPED (known failed): 天心帝魂/ch-0025.json

  ⏭️ [886/1372] SKIPPED (known failed): 天心帝魂/ch-0026.json

  ⏭️ [887/1372] SKIPPED (known failed): 天心帝魂/ch-0027.json

  ⏭️ [888/1372] SKIPPED (known failed): 天心帝魂/ch-0028.json

  ⏭️ [889/1372] SKIPPED (known failed): 天心帝魂/ch-0029.json

  ⏭️ [890/1372] SKIPPED (known failed): 天心帝魂/ch-0030.json

  ⏭️ [891/1372] SKIPPED (known failed): 天心战道/ch-0001.json

  ⏭️ [892/1372] SKIPPED (known failed): 天心战道/ch-0002.json

  ⏭️ [893/1372] SKIPPED (known failed): 天心战道/ch-0003.json

  ⏭️ [894/1372] SKIPPED (known failed): 天心战道/ch-0004.json

  ⏭️ [895/1372] SKIPPED (known failed): 天心战道/ch-0005.json

  ⏭️ [896/1372] SKIPPED (known failed): 天心战道/ch-0006.json

  ⏭️ [897/1372] SKIPPED (known failed): 天心战道/ch-0007.json

  ⏭️ [898/1372] SKIPPED (known failed): 天心战道/ch-0008.json

  ⏭️ [899/1372] SKIPPED (known failed): 天心战道/ch-0009.json

  ⏭️ [900/1372] SKIPPED (known failed): 天心战道/ch-0010.json

  ⏭️ [901/1372] SKIPPED (known failed): 天心战道/ch-0011.json

  ⏭️ [902/1372] SKIPPED (known failed): 天心战道/ch-0012.json

  ⏭️ [903/1372] SKIPPED (known failed): 嫡女归来_权臣掌心娇/ch-0001.json

  ⏭️ [904/1372] SKIPPED (known failed): 嫡女归来_权臣掌心娇/ch-0002.json

  ⏭️ [905/1372] SKIPPED (known failed): 嫡女归来_权臣掌心娇/ch-0003.json

  ⏭️ [906/1372] SKIPPED (known failed): 嫡女归来_权臣掌心娇/ch-0004.json

  ⏭️ [907/1372] SKIPPED (known failed): 嫡女归来_权臣掌心娇/ch-0005.json

  ⏭️ [908/1372] SKIPPED (known failed): 嫡女归来_权臣掌心娇/ch-0006.json

  ⏭️ [909/1372] SKIPPED (known failed): 嫡女归来_权臣掌心娇/ch-0007.json

  ⏭️ [910/1372] SKIPPED (known failed): 嫡女归来_权臣掌心娇/ch-0008.json

  ⏭️ [911/1372] SKIPPED (known failed): 嫡女归来_权臣掌心娇/ch-0009.json

  ⏭️ [912/1372] SKIPPED (known failed): 嫡女归来_权臣掌心娇/ch-0010.json

  ⏭️ [913/1372] SKIPPED (known failed): 嫡女归来_权臣掌心娇/ch-0011.json

  ⏭️ [914/1372] SKIPPED (known failed): 嫡女归来_权臣掌心娇/ch-0012.json

  ⏭️ [915/1372] SKIPPED (known failed): 嫡女归来_权臣掌心娇/ch-0013.json

  ⏭️ [916/1372] SKIPPED (known failed): 嫡女归来_权臣掌心娇/ch-0014.json

  ⏭️ [917/1372] SKIPPED (known failed): 嫡女归来_权臣掌心娇/ch-0015.json

  ⏭️ [918/1372] SKIPPED (known failed): 嫡女归来_权臣掌心娇/ch-0016.json

  ⏭️ [919/1372] SKIPPED (known failed): 嫡女归来_权臣掌心娇/ch-0017.json

  ⏭️ [920/1372] SKIPPED (known failed): 嫡女归来_权臣掌心娇/ch-0018.json

  ⏭️ [921/1372] SKIPPED (known failed): 嫡女归来_权臣掌心娇/ch-0019.json

  ⏭️ [922/1372] SKIPPED (known failed): 嫡女归来_权臣掌心娇/ch-0020.json

  ⏭️ [923/1372] SKIPPED (known failed): 嫡女归来_权臣掌心娇/ch-0021.json

  ⏭️ [924/1372] SKIPPED (known failed): 嫡女归来_权臣掌心娇/ch-0022.json

  ⏭️ [925/1372] SKIPPED (known failed): 嫡女归来_权臣掌心娇/ch-0023.json

  ⏭️ [926/1372] SKIPPED (known failed): 嫡女归来_权臣掌心娇/ch-0024.json

  ⏭️ [927/1372] SKIPPED (known failed): 嫡女归来_权臣掌心娇/ch-0025.json

  ⏭️ [928/1372] SKIPPED (known failed): 嫡女归来_权臣掌心娇/ch-0026.json

  ⏭️ [929/1372] SKIPPED (known failed): 嫡女归来_权臣掌心娇/ch-0027.json

  ⏭️ [930/1372] SKIPPED (known failed): 嫡女归来_权臣掌心娇/ch-0028.json

  ⏭️ [931/1372] SKIPPED (known failed): 嫡女归来_权臣掌心娇/ch-0029.json

  ⏭️ [932/1372] SKIPPED (known failed): 嫡女归来_权臣掌心娇/ch-0030.json

  ⏭️ [933/1372] SKIPPED (known failed): 宗门收徒_我能看见属性词条/ch-0001.json

  ⏭️ [934/1372] SKIPPED (known failed): 宗门收徒_我能看见属性词条/ch-0002.json

  ⏭️ [935/1372] SKIPPED (known failed): 宗门收徒_我能看见属性词条/ch-0003.json

  ⏭️ [936/1372] SKIPPED (known failed): 宗门收徒_我能看见属性词条/ch-0004.json

  ⏭️ [937/1372] SKIPPED (known failed): 宗门收徒_我能看见属性词条/ch-0005.json

  ⏭️ [938/1372] SKIPPED (known failed): 宗门收徒_我能看见属性词条/ch-0006.json

  ⏭️ [939/1372] SKIPPED (known failed): 宗门收徒_我能看见属性词条/ch-0007.json

  ⏭️ [940/1372] SKIPPED (known failed): 宗门收徒_我能看见属性词条/ch-0008.json

  ⏭️ [941/1372] SKIPPED (known failed): 宗门收徒_我能看见属性词条/ch-0009.json

  ⏭️ [942/1372] SKIPPED (known failed): 宗门收徒_我能看见属性词条/ch-0010.json

  ⏭️ [943/1372] SKIPPED (known failed): 宗门收徒_我能看见属性词条/ch-0011.json

  ⏭️ [944/1372] SKIPPED (known failed): 宗门收徒_我能看见属性词条/ch-0012.json

  ⏭️ [945/1372] SKIPPED (known failed): 宗门收徒_我能看见属性词条/ch-0013.json

  ⏭️ [946/1372] SKIPPED (known failed): 宗门收徒_我能看见属性词条/ch-0014.json

  ⏭️ [947/1372] SKIPPED (known failed): 宗门收徒_我能看见属性词条/ch-0015.json

  ⏭️ [948/1372] SKIPPED (known failed): 宗门收徒_我能看见属性词条/ch-0016.json

  ⏭️ [949/1372] SKIPPED (known failed): 宗门收徒_我能看见属性词条/ch-0017.json

  ⏭️ [950/1372] SKIPPED (known failed): 宗门收徒_我能看见属性词条/ch-0018.json

  ⏭️ [951/1372] SKIPPED (known failed): 宗门收徒_我能看见属性词条/ch-0019.json

  ⏭️ [952/1372] SKIPPED (known failed): 宗门收徒_我能看见属性词条/ch-0020.json

  ⏭️ [953/1372] SKIPPED (known failed): 宗门收徒_我能看见属性词条/ch-0021.json

  ⏭️ [954/1372] SKIPPED (known failed): 宗门收徒_我能看见属性词条/ch-0022.json

  ⏭️ [955/1372] SKIPPED (known failed): 宗门收徒_我能看见属性词条/ch-0023.json

  ⏭️ [956/1372] SKIPPED (known failed): 宗门收徒_我能看见属性词条/ch-0024.json

  ⏭️ [957/1372] SKIPPED (known failed): 宗门收徒_我能看见属性词条/ch-0025.json

  ⏭️ [958/1372] SKIPPED (known failed): 宗门收徒_我能看见属性词条/ch-0026.json

  ⏭️ [959/1372] SKIPPED (known failed): 宗门收徒_我能看见属性词条/ch-0027.json

  ⏭️ [960/1372] SKIPPED (known failed): 宗门收徒_我能看见属性词条/ch-0028.json

  ⏭️ [961/1372] SKIPPED (known failed): 宗门收徒_我能看见属性词条/ch-0029.json

  ⏭️ [962/1372] SKIPPED (known failed): 宗门收徒_我能看见属性词条/ch-0030.json

📖 [963/1372] 开局一座城/ch-0001.json
   Title: 01章、南柯一梦变局现
  ⚠️ API error (attempt 1): Command '['openclaw', 'infer', 'model', 'run', '--model', 'qclaw/pool-deepseek-v4-pro', '--prompt', 'Translate this Chinese chapter title to English. Return ONLY the English title, no quotes, no explanation, no other text:\n\n01章、南柯一梦变局现', '--json']' timed out after 120 seconds
  ⚠️ API error (attempt 2): Command '['openclaw', 'infer', 'model', 'run', '--model', 'qclaw/pool-deepseek-v4-pro', '--prompt', 'Translate this Chinese chapter title to English. Return ONLY the English title, no quotes, no explanation, no other text:\n\n01章、南柯一梦变局现', '--json']' timed out after 120 seconds
  ⚠️ API error (attempt 1): Command '['openclaw', 'infer', 'model', 'run', '--model', 'qclaw/pool-deepseek-v4-pro', '--prompt', 'Translate the following Chinese novel chapter content to English. Return ONLY the translation, no explanation, no notes, no Chinese text:\n\n七月的天空，此刻却是灰蒙蒙的一片，不知道是不是错觉，今日的天空看着格外地低。\r\n\n    就像是梦境之中的天空一般。\r\n\n    低沉，黯淡，没有希望。\r\n\n    “该死，又要下雨了，我讨厌下雨天。”\r\n\n    男子小声地嘟囔着，低头看了一眼手机后，一阵慌乱的锁上车，急匆匆地奔着身旁的大厦跑去。\r\n\n    电梯门在关闭的最后的一秒钟，男子伸手拦住了，在一群精英白领的埋怨的目光之中，男子陪着笑脸挤了进来。\r\n\n    “嘀嘀嘀……”\r\n\n    还未来得及按到楼层，超重的警铃声便是已然响起，男子只好在一群人嫌弃的目光之中灰溜溜的退了出来。\r\n\n    看着电梯门缓缓地关闭，男子心中只有一个想法。\r\n\n    “全勤又没了。”\r\n\n    男子站在姗姗来迟的电梯中，逼仄的空间中混合着数种香水的味道，贵的、廉价的交错其中，忍不住抽了抽鼻子，有点痒。\r\n\n    不过这个地方的精英白领们，身材还是相当不错的。\r\n\n    男子叫张荼，被朋友戏称茶老师，年近三十，内心还是一个忠诚的中二sp；大龄贵族，不说穷困潦倒，多少有些蒙混度日。\r\n\n    毕业之后，在外漂泊多年的他，就像是命运在不断的与他开着玩笑一般，不论是做什么，都会因为玩笑一般的原因而功败垂成，就像是三流言情小说都不愿意去诉说的桥段一般，俗套，意外，但又合情合理。\r\n\n    不过回家之后的他，凭借着一线城市回归精英人士的履历，历经坎坷在一家小公司混得一官半职。\r\n\n    当然，对于老油条而言，认真搬砖是不可能认真搬砖的，只能靠着划水和摸鱼勉强度日啦。\r\n\n    “哟，张老师，迟到啦。”迎面而来的同事笑着调侃道。\r\n\n    张荼无奈地摇摇头，最终看着手机上那明晃晃的8：32有点刺目，回来有段时间了，可是依旧没有习惯家乡的作息时间，以及一板一眼的规章制度，和踩点上班的习惯。\r\n\n    打完卡的张荼熟练泡茶，然后悄眯摸到消防通道，“啪”一道明亮而不刺目的火焰亮了起来。\r\n\n    “呼……”\r\n\n    此刻张荼才真正觉得心情得到了真正的平复，看着手中泛着红光的精神食粮，那星星点点的火光，像极了黑夜里的明灯。\r\n\n    就像梦境之中，那若有若无的光明一般，渺小，但是自己却被众人裹挟着，日复一日，年复一年的追寻着。\r\n\n    张荼自嘲着笑着，默默地享受着这为数不多的只属于自己的静谧时光，也舒缓着梦境所带了焦灼和疲惫。\r\n\n    一根烟五分钟，一天半包烟，五十分钟，除去要恢复的必要时间，一天还能有三十分钟属于自己的时间，还不错。\r\n\n    张荼这般安慰着自己，毕竟成年人的世界，哪有真正属于自己的时间。\r\n\n    没有！\r\n\n    “叮！”', '--json']' timed out after 120 seconds
  ⚠️ API error (attempt 2): Command '['openclaw', 'infer', 'model', 'run', '--model', 'qclaw/pool-deepseek-v4-pro', '--prompt', 'Translate the following Chinese novel chapter content to English. Return ONLY the translation, no explanation, no notes, no Chinese text:\n\n七月的天空，此刻却是灰蒙蒙的一片，不知道是不是错觉，今日的天空看着格外地低。\r\n\n    就像是梦境之中的天空一般。\r\n\n    低沉，黯淡，没有希望。\r\n\n    “该死，又要下雨了，我讨厌下雨天。”\r\n\n    男子小声地嘟囔着，低头看了一眼手机后，一阵慌乱的锁上车，急匆匆地奔着身旁的大厦跑去。\r\n\n    电梯门在关闭的最后的一秒钟，男子伸手拦住了，在一群精英白领的埋怨的目光之中，男子陪着笑脸挤了进来。\r\n\n    “嘀嘀嘀……”\r\n\n    还未来得及按到楼层，超重的警铃声便是已然响起，男子只好在一群人嫌弃的目光之中灰溜溜的退了出来。\r\n\n    看着电梯门缓缓地关闭，男子心中只有一个想法。\r\n\n    “全勤又没了。”\r\n\n    男子站在姗姗来迟的电梯中，逼仄的空间中混合着数种香水的味道，贵的、廉价的交错其中，忍不住抽了抽鼻子，有点痒。\r\n\n    不过这个地方的精英白领们，身材还是相当不错的。\r\n\n    男子叫张荼，被朋友戏称茶老师，年近三十，内心还是一个忠诚的中二sp；大龄贵族，不说穷困潦倒，多少有些蒙混度日。\r\n\n    毕业之后，在外漂泊多年的他，就像是命运在不断的与他开着玩笑一般，不论是做什么，都会因为玩笑一般的原因而功败垂成，就像是三流言情小说都不愿意去诉说的桥段一般，俗套，意外，但又合情合理。\r\n\n    不过回家之后的他，凭借着一线城市回归精英人士的履历，历经坎坷在一家小公司混得一官半职。\r\n\n    当然，对于老油条而言，认真搬砖是不可能认真搬砖的，只能靠着划水和摸鱼勉强度日啦。\r\n\n    “哟，张老师，迟到啦。”迎面而来的同事笑着调侃道。\r\n\n    张荼无奈地摇摇头，最终看着手机上那明晃晃的8：32有点刺目，回来有段时间了，可是依旧没有习惯家乡的作息时间，以及一板一眼的规章制度，和踩点上班的习惯。\r\n\n    打完卡的张荼熟练泡茶，然后悄眯摸到消防通道，“啪”一道明亮而不刺目的火焰亮了起来。\r\n\n    “呼……”\r\n\n    此刻张荼才真正觉得心情得到了真正的平复，看着手中泛着红光的精神食粮，那星星点点的火光，像极了黑夜里的明灯。\r\n\n    就像梦境之中，那若有若无的光明一般，渺小，但是自己却被众人裹挟着，日复一日，年复一年的追寻着。\r\n\n    张荼自嘲着笑着，默默地享受着这为数不多的只属于自己的静谧时光，也舒缓着梦境所带了焦灼和疲惫。\r\n\n    一根烟五分钟，一天半包烟，五十分钟，除去要恢复的必要时间，一天还能有三十分钟属于自己的时间，还不错。\r\n\n    张荼这般安慰着自己，毕竟成年人的世界，哪有真正属于自己的时间。\r\n\n    没有！\r\n\n    “叮！”', '--json']' timed out after 120 seconds
   ⚠️ Translation failed or still Chinese, skipped

📖 [964/1372] 开局一座城/ch-0002.json
   Title: 02章、惊变伊始天地乱
  ⚠️ API error (attempt 1): Command '['openclaw', 'infer', 'model', 'run', '--model', 'qclaw/pool-deepseek-v4-pro', '--prompt', 'Translate this Chinese chapter title to English. Return ONLY the English title, no quotes, no explanation, no other text:\n\n02章、惊变伊始天地乱', '--json']' timed out after 120 seconds
  ⚠️ API error (attempt 2): Command '['openclaw', 'infer', 'model', 'run', '--model', 'qclaw/pool-deepseek-v4-pro', '--prompt', 'Translate this Chinese chapter title to English. Return ONLY the English title, no quotes, no explanation, no other text:\n\n02章、惊变伊始天地乱', '--json']' timed out after 120 seconds
  ⚠️ API error (attempt 1): Command '['openclaw', 'infer', 'model', 'run', '--model', 'qclaw/pool-deepseek-v4-pro', '--prompt', 'Translate the following Chinese novel chapter content to English. Return ONLY the translation, no explanation, no notes, no Chinese text:\n\n一切都如同张荼所预料的那样，自己离职的消息终归是在这一方小池塘之中激起了阵阵涟漪。\r\n\n    “张老师，为什么啊。”\r\n\n    “那群废物，凭什么？淦！”\r\n\n    暴躁的张守学，满脸的义愤填膺，恨不得对着那些他眼中的高层们邦邦两记重拳。\r\n\n    “没有为什么，可能就是与公司发展战略不符吧，毕竟团队之中，没有不可以代替的人物，不是么？好啦，没什么事儿的，等我回头请你们吃饭。”\r\n\n    张荼笑着看着眼前几位喜怒溢于言表的年轻人，尤其是那喜怒写在面上的张守学。呵，年轻真好，当初的自己也是这么的……这么的古道热肠。\r\n\n    此时，一位身材高挑的女子径直走了过来，原本义愤的张守学看到来人，脸上不由得对着张荼露出一丝促狭的笑容。\r\n\n    女子看到张荼正收拾东西，声音不咸不淡地说道：“真准备走啊。”\r\n\n    “对啊，这不是公司通知都下了么。”张荼抬头看着眼前的女子，样貌说不上特别好看，但是相当的耐看，笑着说道：“不过也正好休息一段时间。”\r\n\n    女子笑着问道：“怎么，打算抛下我？”\r\n\n    张荼略微头痛地看着眼前的女子，歪歪头，心中百转千回，眼前的这位不是别人，正是自己当初的老同学云裳，平时性情清淡，不苟言笑，唯独面对着自己的时候才会不惜笑靥，丝毫没有对待外人那般的冷淡清霜。\r\n\n    不过张荼也不能保证自己就是唯一的例外，不过在张荼的世界里，云裳一直是这个模样。\r\n\n    而且，梦境之中一直有一个女子始终在回荡，虽然样貌一直看不真切，但是张荼下意识的认定，那个人就是云裳。\r\n\n    可是梦境里，所有的一切都与现实并不相同。\r\n\n    是，前世么？\r\n\n    在现实中，二人乃是相识十多年的老同学了，不大不小的城市之中，他应该是云裳唯一的例外。\r\n\n    不过有一点，张荼漂泊数年才归家，而云裳一直留驻在这个小城市中，不过如今的她，也算是有了一个不错的归宿，不过是尚未结婚罢了。\r\n\n    而那时，云裳曾经逼问过他，不过他放荡不羁爱自由地痴迷于另外一个同样惊艳的女子，一口回绝，这也是他为之抱憾多年的决定。\r\n\n    不过尽管如此，在张荼回来之后，就如在这里入职一般，他前脚入职，云裳后脚便来面试，而她对张荼的特殊待遇，也致使公司内部各种流言蜚语四起，各种故事版本复杂多样。\r\n\n    不过张荼也从来都不会去选择解释什么，无非是人都有黑暗的恶趣味，重或者轻罢了，而两个人的状态又在常人的眼中颇为禁忌，因此更激发了他们的创作欲望。\r\n\n    不过玩归玩，闹归闹，二人从不拿感情开玩笑。\r\n\n    顶多有时候为了看到张荼的狼狈模样，甚至不惜出卖一些色相，例如张荼跟别人浓情蜜意的时候，会突如其来一些艳照。\r\n\n    用她的话说就是，反正你想看当年就能看，如今你已是身经百战，这些对你来说又算得了什么呢？\r\n\n    不过能够想象到你睡沙发的样子，也是不错的，当然要是再跪跪键盘，那当真是极好的。', '--json']' timed out after 120 seconds
  ⚠️ API error (attempt 2): Command '['openclaw', 'infer', 'model', 'run', '--model', 'qclaw/pool-deepseek-v4-pro', '--prompt', 'Translate the following Chinese novel chapter content to English. Return ONLY the translation, no explanation, no notes, no Chinese text:\n\n一切都如同张荼所预料的那样，自己离职的消息终归是在这一方小池塘之中激起了阵阵涟漪。\r\n\n    “张老师，为什么啊。”\r\n\n    “那群废物，凭什么？淦！”\r\n\n    暴躁的张守学，满脸的义愤填膺，恨不得对着那些他眼中的高层们邦邦两记重拳。\r\n\n    “没有为什么，可能就是与公司发展战略不符吧，毕竟团队之中，没有不可以代替的人物，不是么？好啦，没什么事儿的，等我回头请你们吃饭。”\r\n\n    张荼笑着看着眼前几位喜怒溢于言表的年轻人，尤其是那喜怒写在面上的张守学。呵，年轻真好，当初的自己也是这么的……这么的古道热肠。\r\n\n    此时，一位身材高挑的女子径直走了过来，原本义愤的张守学看到来人，脸上不由得对着张荼露出一丝促狭的笑容。\r\n\n    女子看到张荼正收拾东西，声音不咸不淡地说道：“真准备走啊。”\r\n\n    “对啊，这不是公司通知都下了么。”张荼抬头看着眼前的女子，样貌说不上特别好看，但是相当的耐看，笑着说道：“不过也正好休息一段时间。”\r\n\n    女子笑着问道：“怎么，打算抛下我？”\r\n\n    张荼略微头痛地看着眼前的女子，歪歪头，心中百转千回，眼前的这位不是别人，正是自己当初的老同学云裳，平时性情清淡，不苟言笑，唯独面对着自己的时候才会不惜笑靥，丝毫没有对待外人那般的冷淡清霜。\r\n\n    不过张荼也不能保证自己就是唯一的例外，不过在张荼的世界里，云裳一直是这个模样。\r\n\n    而且，梦境之中一直有一个女子始终在回荡，虽然样貌一直看不真切，但是张荼下意识的认定，那个人就是云裳。\r\n\n    可是梦境里，所有的一切都与现实并不相同。\r\n\n    是，前世么？\r\n\n    在现实中，二人乃是相识十多年的老同学了，不大不小的城市之中，他应该是云裳唯一的例外。\r\n\n    不过有一点，张荼漂泊数年才归家，而云裳一直留驻在这个小城市中，不过如今的她，也算是有了一个不错的归宿，不过是尚未结婚罢了。\r\n\n    而那时，云裳曾经逼问过他，不过他放荡不羁爱自由地痴迷于另外一个同样惊艳的女子，一口回绝，这也是他为之抱憾多年的决定。\r\n\n    不过尽管如此，在张荼回来之后，就如在这里入职一般，他前脚入职，云裳后脚便来面试，而她对张荼的特殊待遇，也致使公司内部各种流言蜚语四起，各种故事版本复杂多样。\r\n\n    不过张荼也从来都不会去选择解释什么，无非是人都有黑暗的恶趣味，重或者轻罢了，而两个人的状态又在常人的眼中颇为禁忌，因此更激发了他们的创作欲望。\r\n\n    不过玩归玩，闹归闹，二人从不拿感情开玩笑。\r\n\n    顶多有时候为了看到张荼的狼狈模样，甚至不惜出卖一些色相，例如张荼跟别人浓情蜜意的时候，会突如其来一些艳照。\r\n\n    用她的话说就是，反正你想看当年就能看，如今你已是身经百战，这些对你来说又算得了什么呢？\r\n\n    不过能够想象到你睡沙发的样子，也是不错的，当然要是再跪跪键盘，那当真是极好的。', '--json']' timed out after 120 seconds
   ⚠️ Translation failed or still Chinese, skipped

📖 [965/1372] 开局一座城/ch-0003.json
   Title: 03章：当梦想照进现实
  ⚠️ API error (attempt 1): Command '['openclaw', 'infer', 'model', 'run', '--model', 'qclaw/pool-deepseek-v4-pro', '--prompt', 'Translate this Chinese chapter title to English. Return ONLY the English title, no quotes, no explanation, no other text:\n\n03章：当梦想照进现实', '--json']' timed out after 120 seconds
  ⚠️ API error (attempt 2): Command '['openclaw', 'infer', 'model', 'run', '--model', 'qclaw/pool-deepseek-v4-pro', '--prompt', 'Translate this Chinese chapter title to English. Return ONLY the English title, no quotes, no explanation, no other text:\n\n03章：当梦想照进现实', '--json']' timed out after 120 seconds
  ⚠️ API error (attempt 1): Command '['openclaw', 'infer', 'model', 'run', '--model', 'qclaw/pool-deepseek-v4-pro', '--prompt', 'Translate the following Chinese novel chapter content to English. Return ONLY the translation, no explanation, no notes, no Chinese text:\n\n“噗通！”\r\n\n    “噗通！”\r\n\n    “噗通！”\r\n\n    耳中是不间断的落水声，有的大，有的小，不断有水花溅起，一时间张荼想起了之前老妈下饺子的情形，而今，自己就是哪一个可怜的饺子。\r\n\n    毕竟，自己不会水……\r\n\n    张荼最后的意识恍惚记得周遭的人和车，随着桥梁的断裂，一个个如同下饺子一般落入湍急的河流之中，溅起了一个或大或小的涟漪。\r\n\n    不知道是不是错觉，恍惚间张荼觉得，今日的河水，出奇的湍急。\r\n\n    随后，自己也沉沉地落入了水中，想要挣扎，可是手臂与腿却是出奇的沉重，就像是水中有股神秘的力量束缚了自己身形，让自己无法动弹，河水冰凉得刺骨，随后就连徒劳的挣扎都做不到，很快自己就变成了面朝河底，倒立在水中的奇异姿势。\r\n\n    我的电动车呢？\r\n\n    云裳……不，不要……\r\n\n    我妈等我回家吃饭呢……\r\n\n    脑中胡乱着想着，最终张荼再也憋不住了，开始大口地呛水，冰冷浑浊的河水顺着是到鼻腔不断的灌入，张荼发现自己竟然还可以流泪。\r\n\n    他不是不想挣扎，可是自己的就像被一股神秘的力量不断地拉扯向河底，笑着哭泣，颤抖倒立的身躯，一切是那么诡异。\r\n\n    终于要死去了么？张荼的意识开始变得模糊。\r\n\n    这河，这么深了？\r\n\n    爸妈和她，希望都安然无事吧。\r\n\n    虽说诸事遗憾，但……就这样吧。\r\n\n    张荼开始觉得自己的身躯失去了力量，缺氧使不上劲，身体下意识地开始猛烈吸气，但是这里除了冰冷的河水还是冰冷的河水，猛地一口，吸入了一大口冰凉的河水，开始发出剧烈的呛咳，急促的呼气，张荼忍不住分出一缕思维，自己哪来的那么多二氧化碳？\r\n\n    这时候张荼感觉到自己从口腔里溢出了很多液体，自己好像在吹泡泡一样，里面混杂了大量泡沫。\r\n\n    他感觉好像过了一个世纪，他的意识慢慢丧失，他已经不记得这是哪了，分不清方向，这时候他感觉自己眼睛在慢慢地失去光，瞳孔开始散大。\r\n\n    不知过了多久，张荼的睫毛微微地颤动，原本中年发福的肚子可是有节奏地涌动，随后便是。\r\n\n    “呕！”“呕！”\r\n\n    “呕！”\r\n\n    “呕！”“呕！”“呕！”\r\n\n    “咳！咳！”\r\n\n    大量混杂的液体从腹腔中排出，幸福的眼泪从嘴角拉成了线，双眼被液体黏糊住。\r\n\n    “碰！”\r\n\n    张荼重重地躺在地上，感受到空气的美妙，与大地的厚实，原本迷糊的意识开始渐渐变得有序、清晰了起来。\r\n\n    我是谁，我在哪，到底发生了什么？\r\n\n    让人窒息的灵魂三连问，张荼终于是想起来发生了什么，天地大变，然后桥梁断裂，再然后落水……\r\n\n    我……死了？\r\n\n    张荼的面部开始变得不自然地扭曲，然后鼻子开始发酸，不由自主地开始嚎啕大哭起来，其实张荼自己也不知道自己为什么哭，就是觉得眼睛发涩、鼻子发酸、喉咙发哽，然后就不由自主地哭了起来。\r\n\n    或许，是因为死前世界发生了太多的变故，没有人为自己落泪，因为剧变之后，除非找到自己的尸身，不然怕是会告诉家人一个失踪的结果，为活着的人留下一份念想。', '--json']' timed out after 120 seconds
  ⚠️ API error (attempt 2): Command '['openclaw', 'infer', 'model', 'run', '--model', 'qclaw/pool-deepseek-v4-pro', '--prompt', 'Translate the following Chinese novel chapter content to English. Return ONLY the translation, no explanation, no notes, no Chinese text:\n\n“噗通！”\r\n\n    “噗通！”\r\n\n    “噗通！”\r\n\n    耳中是不间断的落水声，有的大，有的小，不断有水花溅起，一时间张荼想起了之前老妈下饺子的情形，而今，自己就是哪一个可怜的饺子。\r\n\n    毕竟，自己不会水……\r\n\n    张荼最后的意识恍惚记得周遭的人和车，随着桥梁的断裂，一个个如同下饺子一般落入湍急的河流之中，溅起了一个或大或小的涟漪。\r\n\n    不知道是不是错觉，恍惚间张荼觉得，今日的河水，出奇的湍急。\r\n\n    随后，自己也沉沉地落入了水中，想要挣扎，可是手臂与腿却是出奇的沉重，就像是水中有股神秘的力量束缚了自己身形，让自己无法动弹，河水冰凉得刺骨，随后就连徒劳的挣扎都做不到，很快自己就变成了面朝河底，倒立在水中的奇异姿势。\r\n\n    我的电动车呢？\r\n\n    云裳……不，不要……\r\n\n    我妈等我回家吃饭呢……\r\n\n    脑中胡乱着想着，最终张荼再也憋不住了，开始大口地呛水，冰冷浑浊的河水顺着是到鼻腔不断的灌入，张荼发现自己竟然还可以流泪。\r\n\n    他不是不想挣扎，可是自己的就像被一股神秘的力量不断地拉扯向河底，笑着哭泣，颤抖倒立的身躯，一切是那么诡异。\r\n\n    终于要死去了么？张荼的意识开始变得模糊。\r\n\n    这河，这么深了？\r\n\n    爸妈和她，希望都安然无事吧。\r\n\n    虽说诸事遗憾，但……就这样吧。\r\n\n    张荼开始觉得自己的身躯失去了力量，缺氧使不上劲，身体下意识地开始猛烈吸气，但是这里除了冰冷的河水还是冰冷的河水，猛地一口，吸入了一大口冰凉的河水，开始发出剧烈的呛咳，急促的呼气，张荼忍不住分出一缕思维，自己哪来的那么多二氧化碳？\r\n\n    这时候张荼感觉到自己从口腔里溢出了很多液体，自己好像在吹泡泡一样，里面混杂了大量泡沫。\r\n\n    他感觉好像过了一个世纪，他的意识慢慢丧失，他已经不记得这是哪了，分不清方向，这时候他感觉自己眼睛在慢慢地失去光，瞳孔开始散大。\r\n\n    不知过了多久，张荼的睫毛微微地颤动，原本中年发福的肚子可是有节奏地涌动，随后便是。\r\n\n    “呕！”“呕！”\r\n\n    “呕！”\r\n\n    “呕！”“呕！”“呕！”\r\n\n    “咳！咳！”\r\n\n    大量混杂的液体从腹腔中排出，幸福的眼泪从嘴角拉成了线，双眼被液体黏糊住。\r\n\n    “碰！”\r\n\n    张荼重重地躺在地上，感受到空气的美妙，与大地的厚实，原本迷糊的意识开始渐渐变得有序、清晰了起来。\r\n\n    我是谁，我在哪，到底发生了什么？\r\n\n    让人窒息的灵魂三连问，张荼终于是想起来发生了什么，天地大变，然后桥梁断裂，再然后落水……\r\n\n    我……死了？\r\n\n    张荼的面部开始变得不自然地扭曲，然后鼻子开始发酸，不由自主地开始嚎啕大哭起来，其实张荼自己也不知道自己为什么哭，就是觉得眼睛发涩、鼻子发酸、喉咙发哽，然后就不由自主地哭了起来。\r\n\n    或许，是因为死前世界发生了太多的变故，没有人为自己落泪，因为剧变之后，除非找到自己的尸身，不然怕是会告诉家人一个失踪的结果，为活着的人留下一份念想。', '--json']' timed out after 120 seconds
   ⚠️ Translation failed or still Chinese, skipped

📖 [966/1372] 开局一座城/ch-0004.json
   Title: 04章、时代抉择洗礼启
  ⚠️ API error (attempt 1): Command '['openclaw', 'infer', 'model', 'run', '--model', 'qclaw/pool-deepseek-v4-pro', '--prompt', 'Translate this Chinese chapter title to English. Return ONLY the English title, no quotes, no explanation, no other text:\n\n04章、时代抉择洗礼启', '--json']' timed out after 120 seconds
  ⚠️ API error (attempt 2): Command '['openclaw', 'infer', 'model', 'run', '--model', 'qclaw/pool-deepseek-v4-pro', '--prompt', 'Translate this Chinese chapter title to English. Return ONLY the English title, no quotes, no explanation, no other text:\n\n04章、时代抉择洗礼启', '--json']' timed out after 120 seconds
  ⚠️ API error (attempt 1): Command '['openclaw', 'infer', 'model', 'run', '--model', 'qclaw/pool-deepseek-v4-pro', '--prompt', 'Translate the following Chinese novel chapter content to English. Return ONLY the translation, no explanation, no notes, no Chinese text:\n\n看着边关月淡然的模样，张荼的面色变得阴晴不定，当然，也是下意识地觉得，眼前这宛如谪仙的男子，不是自己的圈子可以遇到的，就算是有所交集，也没有这闲工夫与自己逗弄。\r\n\n    再说了……被算计，自己配么？\r\n\n    张荼嘴角划起一道自嘲的笑容，学着边关月的模样，施施然行了一礼，然后说道：“还请先生解惑。”\r\n\n    边关月摇曳着折扇，悠然说道：“既然你已经诚心诚意地发问了，那么我也只好大发慈悲地告诉你，你们口中的地球，经历了太多文明起落，星河都曾永寂，但地球永存，这里，烙印着宇宙中最初的法与理。”\r\n\n    “你们眼中的地球，是这片宇宙的起始，可笑的你们竟然还孜孜不倦地探寻着外面的文明，在我看来，这和开门揖盗没有什么区别，地外文明，都是叛逆。而这里，是这片天地，最后的正统。”\r\n\n    边关月的话语，如同一道炸雷一般在张荼的脑海之中响起，脑海之中记忆纷纷，不断的回想起这三十年间，所见到的各种脑洞大开的测想。\r\n\n    “母星至高论”竟然是对的，一时间张荼心中百味杂陈，那种祖上曾阔过的复杂心情，外人又如何明白呢。\r\n\n    边关月继续说道：“而我，则是来自最近的一个文明时代，曾有人批命，将我那个时代称之为八荒时代，而你们这个时代，又被称之为九星时代。”\r\n\n    边关月的声音开始变得落寞起来，似是无尽的眷恋和思念：“那个时期的九州，洪荒大地之上，瘴疠丛生遍布妖邪，抛弃至高神性的仙魔厮杀不止，其中战败魔神朽烂的残躯，将憎恨和怨怒散布尘世，化为了各种妖邪，每当妖邪躁动不安，瘟疫、鬼怪、异变就会随之而来，但也正是因为妖邪乃是魔神的神念所化，人们在击败妖邪的同时，也窥视到了仙神强大的起源。”\r\n\n    “于是，再后来，人族便有了自己的进化之路，最初的一批至强者们，他们向众生立下誓言，为守护而杀生，除灭诸多苦厄，造就盛世太平，如是经年……”\r\n\n    言语之间，边关月似是回到了那个峥嵘而热血的年代。\r\n\n    那个时代，牺牲和奉献是回响在天地之间的主旋律。\r\n\n    那些人，都曾是他并肩作战的兄弟。\r\n\n    可惜，天道有缺，那些惊才绝艳的人儿，大多永远地消散了，就连这最后的传承之地，也是有莫名人物在背后推动才得以保存，不过他不明白的是，这种惊天人物为何还会忌讳莫深呢，为何从不肯出手庇护九州呢？\r\n\n    边关月的声音愈加沧桑而低沉，其中有着难以释怀的郁结：“如是经年……在漫长的血战之中，他们也难免被业障所困，被魔神遗恨所污染，或陷于恐惧而疯狂、跪伏；或自相残杀而死，或者走火入魔而道消于天地间。”\r\n\n    “当时，九州大地之上，有着五位最强大的先驱者，两位死于血战之中，一位不知所踪，还有一位……被策反，抛弃了最初的誓言。历经近万年劫难，唯有一位天策上将还尚存尘世，那个时代，是人族积弱的时代，而你眼前的场景，便是当初最后一位天策上将的征战遗址，这里，也是那个时代，在这方天地中最后的印记。”\r\n\n    乐意听这边关月的诉说，目中露出了向往和憧憬。\r\n\n    那个年代，海一般的兵器与铠甲在舞动着，手中的武器在烈日下灼灼发亮，首领与战士齐齐狂呼，陶醉入神，如痴如醉。\r\n\n    那是一个骄傲与血腥并存的年代，纵然积弱，但是人族依旧有强盛如狮的虎狼之势，那是铁与血的最强汇集，那是暴力与男儿的世界！\r\n\n    或许，每一个齐国的男人内心深处，都蔓延着自远古传承而来的野心基因，渴望建功立业，开疆拓土，滚滚热血在奔流着，张荼一瞬间感觉自己那沉寂的热血，似是在这一瞬间被激活，被唤醒。\r\n\n    话说到这里，边关月摊摊手，脸上挂着似笑非笑的悲伤表情，说道：“我只能告诉你这么多了，还有……不要憧憬那个年代，英雄辈出的时代，是民族崛起的时代，注定了是一曲悲歌，当然，时代不同，英雄的定义也是不同的。就像你们这个时代，可以挥洒才智和理想，却是不用付出太过惨痛的代价。”', '--json']' timed out after 120 seconds
  ⚠️ API error (attempt 2): Command '['openclaw', 'infer', 'model', 'run', '--model', 'qclaw/pool-deepseek-v4-pro', '--prompt', 'Translate the following Chinese novel chapter content to English. Return ONLY the translation, no explanation, no notes, no Chinese text:\n\n看着边关月淡然的模样，张荼的面色变得阴晴不定，当然，也是下意识地觉得，眼前这宛如谪仙的男子，不是自己的圈子可以遇到的，就算是有所交集，也没有这闲工夫与自己逗弄。\r\n\n    再说了……被算计，自己配么？\r\n\n    张荼嘴角划起一道自嘲的笑容，学着边关月的模样，施施然行了一礼，然后说道：“还请先生解惑。”\r\n\n    边关月摇曳着折扇，悠然说道：“既然你已经诚心诚意地发问了，那么我也只好大发慈悲地告诉你，你们口中的地球，经历了太多文明起落，星河都曾永寂，但地球永存，这里，烙印着宇宙中最初的法与理。”\r\n\n    “你们眼中的地球，是这片宇宙的起始，可笑的你们竟然还孜孜不倦地探寻着外面的文明，在我看来，这和开门揖盗没有什么区别，地外文明，都是叛逆。而这里，是这片天地，最后的正统。”\r\n\n    边关月的话语，如同一道炸雷一般在张荼的脑海之中响起，脑海之中记忆纷纷，不断的回想起这三十年间，所见到的各种脑洞大开的测想。\r\n\n    “母星至高论”竟然是对的，一时间张荼心中百味杂陈，那种祖上曾阔过的复杂心情，外人又如何明白呢。\r\n\n    边关月继续说道：“而我，则是来自最近的一个文明时代，曾有人批命，将我那个时代称之为八荒时代，而你们这个时代，又被称之为九星时代。”\r\n\n    边关月的声音开始变得落寞起来，似是无尽的眷恋和思念：“那个时期的九州，洪荒大地之上，瘴疠丛生遍布妖邪，抛弃至高神性的仙魔厮杀不止，其中战败魔神朽烂的残躯，将憎恨和怨怒散布尘世，化为了各种妖邪，每当妖邪躁动不安，瘟疫、鬼怪、异变就会随之而来，但也正是因为妖邪乃是魔神的神念所化，人们在击败妖邪的同时，也窥视到了仙神强大的起源。”\r\n\n    “于是，再后来，人族便有了自己的进化之路，最初的一批至强者们，他们向众生立下誓言，为守护而杀生，除灭诸多苦厄，造就盛世太平，如是经年……”\r\n\n    言语之间，边关月似是回到了那个峥嵘而热血的年代。\r\n\n    那个时代，牺牲和奉献是回响在天地之间的主旋律。\r\n\n    那些人，都曾是他并肩作战的兄弟。\r\n\n    可惜，天道有缺，那些惊才绝艳的人儿，大多永远地消散了，就连这最后的传承之地，也是有莫名人物在背后推动才得以保存，不过他不明白的是，这种惊天人物为何还会忌讳莫深呢，为何从不肯出手庇护九州呢？\r\n\n    边关月的声音愈加沧桑而低沉，其中有着难以释怀的郁结：“如是经年……在漫长的血战之中，他们也难免被业障所困，被魔神遗恨所污染，或陷于恐惧而疯狂、跪伏；或自相残杀而死，或者走火入魔而道消于天地间。”\r\n\n    “当时，九州大地之上，有着五位最强大的先驱者，两位死于血战之中，一位不知所踪，还有一位……被策反，抛弃了最初的誓言。历经近万年劫难，唯有一位天策上将还尚存尘世，那个时代，是人族积弱的时代，而你眼前的场景，便是当初最后一位天策上将的征战遗址，这里，也是那个时代，在这方天地中最后的印记。”\r\n\n    乐意听这边关月的诉说，目中露出了向往和憧憬。\r\n\n    那个年代，海一般的兵器与铠甲在舞动着，手中的武器在烈日下灼灼发亮，首领与战士齐齐狂呼，陶醉入神，如痴如醉。\r\n\n    那是一个骄傲与血腥并存的年代，纵然积弱，但是人族依旧有强盛如狮的虎狼之势，那是铁与血的最强汇集，那是暴力与男儿的世界！\r\n\n    或许，每一个齐国的男人内心深处，都蔓延着自远古传承而来的野心基因，渴望建功立业，开疆拓土，滚滚热血在奔流着，张荼一瞬间感觉自己那沉寂的热血，似是在这一瞬间被激活，被唤醒。\r\n\n    话说到这里，边关月摊摊手，脸上挂着似笑非笑的悲伤表情，说道：“我只能告诉你这么多了，还有……不要憧憬那个年代，英雄辈出的时代，是民族崛起的时代，注定了是一曲悲歌，当然，时代不同，英雄的定义也是不同的。就像你们这个时代，可以挥洒才智和理想，却是不用付出太过惨痛的代价。”', '--json']' timed out after 120 seconds
   ⚠️ Translation failed or still Chinese, skipped

📖 [967/1372] 开局一座城/ch-0005.json
   Title: 05章、废墟之上有花开
  ⚠️ API error (attempt 1): Command '['openclaw', 'infer', 'model', 'run', '--model', 'qclaw/pool-deepseek-v4-pro', '--prompt', 'Translate this Chinese chapter title to English. Return ONLY the English title, no quotes, no explanation, no other text:\n\n05章、废墟之上有花开', '--json']' timed out after 120 seconds
  ⚠️ API error (attempt 2): Command '['openclaw', 'infer', 'model', 'run', '--model', 'qclaw/pool-deepseek-v4-pro', '--prompt', 'Translate this Chinese chapter title to English. Return ONLY the English title, no quotes, no explanation, no other text:\n\n05章、废墟之上有花开', '--json']' timed out after 120 seconds
  ⚠️ API error (attempt 1): Command '['openclaw', 'infer', 'model', 'run', '--model', 'qclaw/pool-deepseek-v4-pro', '--prompt', 'Translate the following Chinese novel chapter content to English. Return ONLY the translation, no explanation, no notes, no Chinese text:\n\n天空昏昏沉沉，原本笼罩在天地之中的诡异云层也开始淡化消散，而就在此时，大地开始震动，若是有人从天空之中看去，大地就好像是一个原本蜷缩在一起的巨人，此时骤然在舒展身体，站了起来。\r\n\n    而依附于其上的渺小人类，则是遭到了毁天灭地的打击，一栋栋大楼瞬间灰飞烟灭，也有如同精准的切纸机一般，大片的建筑骤然的消失不见，但在世人的眼中，就好像在一瞬间化作了飞尘。\r\n\n    山岳开始怒吼，如同一个个远古巨人一般，努力地站直身躯，不断的拔高，刺破云海，欲与天公试比高，巨大的石块不断的滚落下来，无情地飞向人群，飞向了城镇、村落。\r\n\n    骤变仅仅持续了一瞬间，但是天地却是已经大变，虽然只是傍晚，但是大难之后的城镇，无不有着数道冲天而起的黑烟覆盖了阳光，太阳快落入了地平线，但是天色还没有暗下来，燃烧的城镇就像是一个个巨大的火把，将天地照耀得一片通红，给万物都笼罩上一层鲜红的颜色。\r\n\n    也像是给人类文明点燃最后的光明。\r\n\n    地动山摇，顷刻间，房屋塌陷，道路裂开；刹那间，一座座繁华的都市就变成一座座废墟。\r\n\n    城市中空荡荡的长街，空洞洞的门口，丢满了垃圾和废弃杂物的道路。街灯全部熄灭了，黑黝黝的街道上，肮脏的野狗在路边的垃圾堆里翻闹，见到惊慌失措的幸存者跑过，野狗抬起了头，朝着幸存者狂吠。\r\n\n    谁也想不到，如今这般如同鬼蜮魔界般的城市，会是曾经的繁华城市，可是这又是如今大陆之上真实的写照。\r\n\n    数之不尽的城市陷入了灭世的灾难之中，所有的城市都在大地的怒吼之中战栗，有政府机关之地、有体育场、有图书馆、有博物馆、历史展览馆，也有最先进的实验室，有着无数的文人古迹，庙宇众多，古迹林立，还有著无数宝贵的雕塑、建筑、园林，文明古刹、庙宇、古塔、圣地，古往今来名家大师的墨宝、诗作、绘图。\r\n\n    一切的一切，在这一瞬间，荟萃了历史和人文的精华，人类文明千年的积累，一代又一代天才的智慧结晶。\r\n\n    这一切，同化为了烟尘焦土，埋葬在尘埃废墟之中，全部灰飞烟灭。\r\n\n    混乱元年，天地骤变，母星遭受到了前所未有的打击，而乱局，却是在所有人猝不及防之中到来，当人们还沉浸在家园毁灭、亲族逝去的悲痛中时，更大的危机却是悄然浮现，没有人意识到，主宰这片土地数千年的人们，竟然会再一次遭受被狩猎的恐惧。\r\n\n    生存，成为了所有人的必修课。\r\n\n    这一切就像是一场噩梦，所有人都期盼着快点醒来，但是睁开眼却是入目的断壁残垣以及他人的哭天抢地，那一幕幕只会在电视中呈现的悲伤画面，就这么骤然出现在了所有人的眼前，就像是那个故事中的紫番薯，轻轻打了一个响指一般。\r\n\n    美丽的家乡，高耸的楼房，一切一切都瞬间化为乌有，变成触目惊心的废墟。\r\n\n    而与此同时，张荼所在神秘之地。\r\n\n    不远处的废墟随着洗礼的开始，发生了翻天覆地的变化。\r\n\n    “九州当歌征八荒，龙庭之内傲四海。旧袍青衣酒中仙，自在长空敢伐仙！”\r\n\n    “七十二路地煞将，再无来世！”\r\n\n    “问道数千载，却换来世缘。”', '--json']' timed out after 120 seconds
  ⚠️ API error (attempt 2): Command '['openclaw', 'infer', 'model', 'run', '--model', 'qclaw/pool-deepseek-v4-pro', '--prompt', 'Translate the following Chinese novel chapter content to English. Return ONLY the translation, no explanation, no notes, no Chinese text:\n\n天空昏昏沉沉，原本笼罩在天地之中的诡异云层也开始淡化消散，而就在此时，大地开始震动，若是有人从天空之中看去，大地就好像是一个原本蜷缩在一起的巨人，此时骤然在舒展身体，站了起来。\r\n\n    而依附于其上的渺小人类，则是遭到了毁天灭地的打击，一栋栋大楼瞬间灰飞烟灭，也有如同精准的切纸机一般，大片的建筑骤然的消失不见，但在世人的眼中，就好像在一瞬间化作了飞尘。\r\n\n    山岳开始怒吼，如同一个个远古巨人一般，努力地站直身躯，不断的拔高，刺破云海，欲与天公试比高，巨大的石块不断的滚落下来，无情地飞向人群，飞向了城镇、村落。\r\n\n    骤变仅仅持续了一瞬间，但是天地却是已经大变，虽然只是傍晚，但是大难之后的城镇，无不有着数道冲天而起的黑烟覆盖了阳光，太阳快落入了地平线，但是天色还没有暗下来，燃烧的城镇就像是一个个巨大的火把，将天地照耀得一片通红，给万物都笼罩上一层鲜红的颜色。\r\n\n    也像是给人类文明点燃最后的光明。\r\n\n    地动山摇，顷刻间，房屋塌陷，道路裂开；刹那间，一座座繁华的都市就变成一座座废墟。\r\n\n    城市中空荡荡的长街，空洞洞的门口，丢满了垃圾和废弃杂物的道路。街灯全部熄灭了，黑黝黝的街道上，肮脏的野狗在路边的垃圾堆里翻闹，见到惊慌失措的幸存者跑过，野狗抬起了头，朝着幸存者狂吠。\r\n\n    谁也想不到，如今这般如同鬼蜮魔界般的城市，会是曾经的繁华城市，可是这又是如今大陆之上真实的写照。\r\n\n    数之不尽的城市陷入了灭世的灾难之中，所有的城市都在大地的怒吼之中战栗，有政府机关之地、有体育场、有图书馆、有博物馆、历史展览馆，也有最先进的实验室，有着无数的文人古迹，庙宇众多，古迹林立，还有著无数宝贵的雕塑、建筑、园林，文明古刹、庙宇、古塔、圣地，古往今来名家大师的墨宝、诗作、绘图。\r\n\n    一切的一切，在这一瞬间，荟萃了历史和人文的精华，人类文明千年的积累，一代又一代天才的智慧结晶。\r\n\n    这一切，同化为了烟尘焦土，埋葬在尘埃废墟之中，全部灰飞烟灭。\r\n\n    混乱元年，天地骤变，母星遭受到了前所未有的打击，而乱局，却是在所有人猝不及防之中到来，当人们还沉浸在家园毁灭、亲族逝去的悲痛中时，更大的危机却是悄然浮现，没有人意识到，主宰这片土地数千年的人们，竟然会再一次遭受被狩猎的恐惧。\r\n\n    生存，成为了所有人的必修课。\r\n\n    这一切就像是一场噩梦，所有人都期盼着快点醒来，但是睁开眼却是入目的断壁残垣以及他人的哭天抢地，那一幕幕只会在电视中呈现的悲伤画面，就这么骤然出现在了所有人的眼前，就像是那个故事中的紫番薯，轻轻打了一个响指一般。\r\n\n    美丽的家乡，高耸的楼房，一切一切都瞬间化为乌有，变成触目惊心的废墟。\r\n\n    而与此同时，张荼所在神秘之地。\r\n\n    不远处的废墟随着洗礼的开始，发生了翻天覆地的变化。\r\n\n    “九州当歌征八荒，龙庭之内傲四海。旧袍青衣酒中仙，自在长空敢伐仙！”\r\n\n    “七十二路地煞将，再无来世！”\r\n\n    “问道数千载，却换来世缘。”', '--json']' timed out after 120 seconds
   ⚠️ Translation failed or still Chinese, skipped

📖 [968/1372] 开局一座城/ch-0006.json
   Title: 06章、诸天授道薪火传
  ⚠️ API error (attempt 1): Command '['openclaw', 'infer', 'model', 'run', '--model', 'qclaw/pool-deepseek-v4-pro', '--prompt', 'Translate this Chinese chapter title to English. Return ONLY the English title, no quotes, no explanation, no other text:\n\n06章、诸天授道薪火传', '--json']' timed out after 120 seconds
  ⚠️ API error (attempt 2): Command '['openclaw', 'infer', 'model', 'run', '--model', 'qclaw/pool-deepseek-v4-pro', '--prompt', 'Translate this Chinese chapter title to English. Return ONLY the English title, no quotes, no explanation, no other text:\n\n06章、诸天授道薪火传', '--json']' timed out after 120 seconds
  ⚠️ API error (attempt 1): Command '['openclaw', 'infer', 'model', 'run', '--model', 'qclaw/pool-deepseek-v4-pro', '--prompt', 'Translate the following Chinese novel chapter content to English. Return ONLY the translation, no explanation, no notes, no Chinese text:\n\n边关月看着一个个消散不见的英灵，脸色晦涩难名地看着洗礼的光柱逐渐地虚幻，尘世间，芳华刹那，在伟大的文明，也终归如同红颜老去化黄土。\r\n\n    同时他知道，在张荼的睡梦之中，对于张荼而言，则是在经历一场堪称滔天的造化，这是他那个时代，最璀璨的天骄才会享受的造化，为了面对日益惨烈的战况，就如同点歪的科技树一般，他们创造出了太多的快速传承之法，为了延续传承，他们付出了太多。\r\n\n    而今日，则是他们的最后一次传承，诸天授道。\r\n\n    在最终一战之时，每个领域最高不可攀的大山，用他们自己的方式，以大梦之道，铭刻下了他们的道和法，而这些缥缈浩瀚的英灵，则是他们传承的最后载体。\r\n\n    但是由于传承不同，或者换个说法，张荼醒转之后，未必会记得什么，但是此时他的体内却是蕴含着巨大的宝藏，他只需要一步步开启自己体内潜藏的宝藏，便可以熔炼百家，走出属于他自己的辉煌。\r\n\n    或许，传承的核心便是，以己为柴，点燃另外一个辉煌。\r\n\n    张荼就好比枯木再生，生机无限。\r\n\n    “轰隆！”\r\n\n    最后的英灵也消失不见，而边关月亦是站直了身躯，脸上的泪痕也早已消失不见，原本的顽石已经锻造成一块璞玉，而他，则是唯一可以雕琢的工匠。\r\n\n    若是说张荼是他们选定的天命之子，那么自己就是张荼的领路人。\r\n\n    张荼重重地落在了地上，迷茫地睁开双目，却是发现眼前已经全部大变样，原本的神迹一般的废墟已经消失不见，只留下一弯溪水和一座古朴的石桥，以及不远处的一座茅草屋，哦对了，帅哥边关月还在。\r\n\n    看到从空中落下已然张荼，迷茫之中带着不解地看着自己，边关月轻轻转了一下身子，不再直视张荼，口中说道：“咳咳，好了，起来，去河里洗一下在说话。”\r\n\n    张荼发现自己是从天空之中掉落，嗯，自己是怎么上去的？\r\n\n    但是听到边关月的话语，自己才下意识地起身奔着小溪而去，但是起身的时候，才骤然发现，身上已经布满了厚厚的血痂，每当自己有所动作之时，便是有一块块血痂掉落，而血痂之下，则是富有弹性的皮肤，还是一如既往的“黝黑”，并未有脑补中的晶莹如玉，这让他不禁长出一口气。\r\n\n    毕竟，自己学生时代曾经因为温声细语以及相貌过于清秀而被人尊称一声“娘！”\r\n\n    想起小说里的主人公，得到造化之后都会变得晶莹如玉，比女人还娇嫩，自己可不想在往这个方向继续靠拢。\r\n\n    双手微微用力，感受到体内蓬勃的力量，张荼感觉自己可以吃掉一头牛，下意识地长啸就要喷薄出口，但是生性内敛的品性让他最终化作了两声“嘿嘿嘿……”声音之中说不出的猥琐和促狭。\r\n\n    “噗通！”\r\n\n    张荼径直落入水中，随着不断地冲洗，他才发现，我衣服呢？\r\n\n    我辛苦养了十多年的肚子呢？', '--json']' timed out after 120 seconds
  ⚠️ API error (attempt 2): Command '['openclaw', 'infer', 'model', 'run', '--model', 'qclaw/pool-deepseek-v4-pro', '--prompt', 'Translate the following Chinese novel chapter content to English. Return ONLY the translation, no explanation, no notes, no Chinese text:\n\n边关月看着一个个消散不见的英灵，脸色晦涩难名地看着洗礼的光柱逐渐地虚幻，尘世间，芳华刹那，在伟大的文明，也终归如同红颜老去化黄土。\r\n\n    同时他知道，在张荼的睡梦之中，对于张荼而言，则是在经历一场堪称滔天的造化，这是他那个时代，最璀璨的天骄才会享受的造化，为了面对日益惨烈的战况，就如同点歪的科技树一般，他们创造出了太多的快速传承之法，为了延续传承，他们付出了太多。\r\n\n    而今日，则是他们的最后一次传承，诸天授道。\r\n\n    在最终一战之时，每个领域最高不可攀的大山，用他们自己的方式，以大梦之道，铭刻下了他们的道和法，而这些缥缈浩瀚的英灵，则是他们传承的最后载体。\r\n\n    但是由于传承不同，或者换个说法，张荼醒转之后，未必会记得什么，但是此时他的体内却是蕴含着巨大的宝藏，他只需要一步步开启自己体内潜藏的宝藏，便可以熔炼百家，走出属于他自己的辉煌。\r\n\n    或许，传承的核心便是，以己为柴，点燃另外一个辉煌。\r\n\n    张荼就好比枯木再生，生机无限。\r\n\n    “轰隆！”\r\n\n    最后的英灵也消失不见，而边关月亦是站直了身躯，脸上的泪痕也早已消失不见，原本的顽石已经锻造成一块璞玉，而他，则是唯一可以雕琢的工匠。\r\n\n    若是说张荼是他们选定的天命之子，那么自己就是张荼的领路人。\r\n\n    张荼重重地落在了地上，迷茫地睁开双目，却是发现眼前已经全部大变样，原本的神迹一般的废墟已经消失不见，只留下一弯溪水和一座古朴的石桥，以及不远处的一座茅草屋，哦对了，帅哥边关月还在。\r\n\n    看到从空中落下已然张荼，迷茫之中带着不解地看着自己，边关月轻轻转了一下身子，不再直视张荼，口中说道：“咳咳，好了，起来，去河里洗一下在说话。”\r\n\n    张荼发现自己是从天空之中掉落，嗯，自己是怎么上去的？\r\n\n    但是听到边关月的话语，自己才下意识地起身奔着小溪而去，但是起身的时候，才骤然发现，身上已经布满了厚厚的血痂，每当自己有所动作之时，便是有一块块血痂掉落，而血痂之下，则是富有弹性的皮肤，还是一如既往的“黝黑”，并未有脑补中的晶莹如玉，这让他不禁长出一口气。\r\n\n    毕竟，自己学生时代曾经因为温声细语以及相貌过于清秀而被人尊称一声“娘！”\r\n\n    想起小说里的主人公，得到造化之后都会变得晶莹如玉，比女人还娇嫩，自己可不想在往这个方向继续靠拢。\r\n\n    双手微微用力，感受到体内蓬勃的力量，张荼感觉自己可以吃掉一头牛，下意识地长啸就要喷薄出口，但是生性内敛的品性让他最终化作了两声“嘿嘿嘿……”声音之中说不出的猥琐和促狭。\r\n\n    “噗通！”\r\n\n    张荼径直落入水中，随着不断地冲洗，他才发现，我衣服呢？\r\n\n    我辛苦养了十多年的肚子呢？', '--json']' timed out after 120 seconds
   ⚠️ Translation failed or still Chinese, skipped

📖 [969/1372] 开局一座城/ch-0007.json
   Title: 07章、全民功法长春册
  ⚠️ API error (attempt 1): Command '['openclaw', 'infer', 'model', 'run', '--model', 'qclaw/pool-deepseek-v4-pro', '--prompt', 'Translate this Chinese chapter title to English. Return ONLY the English title, no quotes, no explanation, no other text:\n\n07章、全民功法长春册', '--json']' timed out after 120 seconds
  ⚠️ API error (attempt 2): Command '['openclaw', 'infer', 'model', 'run', '--model', 'qclaw/pool-deepseek-v4-pro', '--prompt', 'Translate this Chinese chapter title to English. Return ONLY the English title, no quotes, no explanation, no other text:\n\n07章、全民功法长春册', '--json']' timed out after 120 seconds
  ⚠️ API error (attempt 1): Command '['openclaw', 'infer', 'model', 'run', '--model', 'qclaw/pool-deepseek-v4-pro', '--prompt', 'Translate the following Chinese novel chapter content to English. Return ONLY the translation, no explanation, no notes, no Chinese text:\n\n小屋外的空间开始出现破裂，出现了宛如鱼鳞一般的裂纹，时不时有一片掉落下来，化为乌有，透过暴露出来的缝隙，隐约可以看见外界的一片狼藉。\r\n\n    相对比外界的浓烟滚滚一片废墟，听着断断续续的哭喊声、呼唤声、爆炸声，这里就像是一片与世隔绝的世外桃源一般。\r\n\n    看着窗外天空之上的斑驳裂痕，张荼虽然不明白又强行给了他什么，但是他清楚，边关月口中的抉择，自己怕是要尽快做出决定。\r\n\n    “就在我家附近的夷水畔！”\r\n\n    对于打小生活在夷水畔的张荼而言，这一条静静流淌千年的河流，有着不一样的感情。\r\n\n    边关月露出了然的神情，说道：“一切如你所愿，当然还有一个选择，需要你自己来做决定。”\r\n\n    但是紧接着，边关月说出了一个让他近乎难以抉择的决定。\r\n\n    边关月指了指自己，说道：“这个是关于我的存在，有两个选择，一个选择我以灵魂的方式，寄居在你的身体之上，就是如同你所看到的那些老爷爷一般，指导你，教导你，甚至是……保护你。如你所想，逆袭人生的标准开局。”\r\n\n    “当然而另外一个选择呢，则是我成为一个独立的个体，你我都是独立的个体。你觉得呢？你打算选哪个？同样的时间不多。请做出你的选择。”\r\n\n    张荼闻言不禁眉头蹙起，他心下了然，若是边关月以灵魂的方式寄居在自己身上，那对自己的好处显而易见，不仅可以让自己少走歪路同时可以因材施教，他绝对不相信一个废物会被选中在这里等着自己。\r\n\n    所谓最大的宝藏，怕不是就是边关月他自己吧。\r\n\n    但是坏处同样显而易见，对于张荼而言，无异于身上二十四小时装了一个不需要耗电的摄像头，对于一个极度缺乏安全感和隐私保护欲的人来说，这无疑是一种致命的伤害。\r\n\n    但同样的，有着边关月的随身，自己会少走多少弯路，那是显而易见，当有一个历经沧海桑田的智者作为自己的人生导航。\r\n\n    张荼太明白里面所隐性蕴含的财富了，那是一股无法衡量的财富，更别说，在自己成长期有这么一位为自己保驾护航，自己有着更大的机会登临绝巅。\r\n\n    毕竟，王腾的教训可是历历在目。\r\n\n    张荼的眉头仅仅蹙起，似是一时难以决定，但随即看到了边关月那故作轻松的面庞，严肃地说道：“我选择……”\r\n\n    “第二个！”\r\n\n    做出决定的时候，两个人都是露出了如释重负的表情，不约笑了起来，将杯中的茶水一抿而尽，那豪迈的姿态，在边关月身上竟是说不出的肆意风流。\r\n\n    对于张荼而言，他自己都很不适应有人依附自己身上，更何况依附的人呢？相对比之下，依附之人的感觉岂不是更糟糕？\r\n\n    生命诚可贵，爱情价更高，若为自由故，二者皆可抛。\r\n\n    己所不欲勿施于人。\r\n\n    再说了，眼前的边关月明显是有着肉体，到时候还要为他重塑肉身，多麻烦呐。\r\n\n    而且他虽说不是至高的圣人，但内心深处有着自己的坚守。\r\n\n    若是说对敌，腹黑也好，不择手段也罢，那都说得过去，可是面对一个对自己提供帮助的人，张荼没有理由说去做出一个仅仅有利于自己的选择。\r\n\n    半晌，边关月面色凝重地说了一声：“谢谢。”', '--json']' timed out after 120 seconds
  ⚠️ API error (attempt 2): Command '['openclaw', 'infer', 'model', 'run', '--model', 'qclaw/pool-deepseek-v4-pro', '--prompt', 'Translate the following Chinese novel chapter content to English. Return ONLY the translation, no explanation, no notes, no Chinese text:\n\n小屋外的空间开始出现破裂，出现了宛如鱼鳞一般的裂纹，时不时有一片掉落下来，化为乌有，透过暴露出来的缝隙，隐约可以看见外界的一片狼藉。\r\n\n    相对比外界的浓烟滚滚一片废墟，听着断断续续的哭喊声、呼唤声、爆炸声，这里就像是一片与世隔绝的世外桃源一般。\r\n\n    看着窗外天空之上的斑驳裂痕，张荼虽然不明白又强行给了他什么，但是他清楚，边关月口中的抉择，自己怕是要尽快做出决定。\r\n\n    “就在我家附近的夷水畔！”\r\n\n    对于打小生活在夷水畔的张荼而言，这一条静静流淌千年的河流，有着不一样的感情。\r\n\n    边关月露出了然的神情，说道：“一切如你所愿，当然还有一个选择，需要你自己来做决定。”\r\n\n    但是紧接着，边关月说出了一个让他近乎难以抉择的决定。\r\n\n    边关月指了指自己，说道：“这个是关于我的存在，有两个选择，一个选择我以灵魂的方式，寄居在你的身体之上，就是如同你所看到的那些老爷爷一般，指导你，教导你，甚至是……保护你。如你所想，逆袭人生的标准开局。”\r\n\n    “当然而另外一个选择呢，则是我成为一个独立的个体，你我都是独立的个体。你觉得呢？你打算选哪个？同样的时间不多。请做出你的选择。”\r\n\n    张荼闻言不禁眉头蹙起，他心下了然，若是边关月以灵魂的方式寄居在自己身上，那对自己的好处显而易见，不仅可以让自己少走歪路同时可以因材施教，他绝对不相信一个废物会被选中在这里等着自己。\r\n\n    所谓最大的宝藏，怕不是就是边关月他自己吧。\r\n\n    但是坏处同样显而易见，对于张荼而言，无异于身上二十四小时装了一个不需要耗电的摄像头，对于一个极度缺乏安全感和隐私保护欲的人来说，这无疑是一种致命的伤害。\r\n\n    但同样的，有着边关月的随身，自己会少走多少弯路，那是显而易见，当有一个历经沧海桑田的智者作为自己的人生导航。\r\n\n    张荼太明白里面所隐性蕴含的财富了，那是一股无法衡量的财富，更别说，在自己成长期有这么一位为自己保驾护航，自己有着更大的机会登临绝巅。\r\n\n    毕竟，王腾的教训可是历历在目。\r\n\n    张荼的眉头仅仅蹙起，似是一时难以决定，但随即看到了边关月那故作轻松的面庞，严肃地说道：“我选择……”\r\n\n    “第二个！”\r\n\n    做出决定的时候，两个人都是露出了如释重负的表情，不约笑了起来，将杯中的茶水一抿而尽，那豪迈的姿态，在边关月身上竟是说不出的肆意风流。\r\n\n    对于张荼而言，他自己都很不适应有人依附自己身上，更何况依附的人呢？相对比之下，依附之人的感觉岂不是更糟糕？\r\n\n    生命诚可贵，爱情价更高，若为自由故，二者皆可抛。\r\n\n    己所不欲勿施于人。\r\n\n    再说了，眼前的边关月明显是有着肉体，到时候还要为他重塑肉身，多麻烦呐。\r\n\n    而且他虽说不是至高的圣人，但内心深处有着自己的坚守。\r\n\n    若是说对敌，腹黑也好，不择手段也罢，那都说得过去，可是面对一个对自己提供帮助的人，张荼没有理由说去做出一个仅仅有利于自己的选择。\r\n\n    半晌，边关月面色凝重地说了一声：“谢谢。”', '--json']' timed out after 120 seconds
   ⚠️ Translation failed or still Chinese, skipped

📖 [970/1372] 开局一座城/ch-0008.json
   Title: 08章、渡世步难度凡尘
  ⚠️ API error (attempt 1): Command '['openclaw', 'infer', 'model', 'run', '--model', 'qclaw/pool-deepseek-v4-pro', '--prompt', 'Translate this Chinese chapter title to English. Return ONLY the English title, no quotes, no explanation, no other text:\n\n08章、渡世步难度凡尘', '--json']' timed out after 120 seconds
  ⚠️ API error (attempt 2): Command '['openclaw', 'infer', 'model', 'run', '--model', 'qclaw/pool-deepseek-v4-pro', '--prompt', 'Translate this Chinese chapter title to English. Return ONLY the English title, no quotes, no explanation, no other text:\n\n08章、渡世步难度凡尘', '--json']' timed out after 120 seconds
  ⚠️ API error (attempt 1): Command '['openclaw', 'infer', 'model', 'run', '--model', 'qclaw/pool-deepseek-v4-pro', '--prompt', 'Translate the following Chinese novel chapter content to English. Return ONLY the translation, no explanation, no notes, no Chinese text:\n\n看到满脸兴奋地张荼，边关月第一次感觉什么叫做没有见识的土包子。但是他也不忍心打击，反而在心中自我安慰道，这毕竟在八荒文明起源的初期，长春册奠定了人族的强盛和繁衍的希望。\r\n\n    不过尽管如此，后期所衍生成的功法，却是无一不对资质的要求甚高，几乎没有意外，因为资质是修者与凡人的唯一区别。\r\n\n    资质差者，不出意外的情况下，终生无缘修者天地。\r\n\n    但是，张荼不一样啊，本身就是一个时代意志的选择，再加上诸天授道的洗礼，不说别的亦是罕有的体质，可是如今，却是要修习最初最原始的功法。\r\n\n    这莫名地喜感，让边关月内心的彻底消弭了那一丝丝意外而来的忧虑。\r\n\n    随着一声震动，这个残破的小世界终于与母星空间相融合，随着一道道璀璨的纹路显现，那诡异的道则，看不明晰的法理，震醒了吐纳之中的张荼。\r\n\n    随着一切缓缓尘埃落定，张荼看到了那曾经是家的位置。\r\n\n    原本温馨的家园彻底变了样子，有的房屋直接消失不见，有的剩下的断壁残垣轰然倒塌，有的在剧烈的震动之中完整的塌陷，天灾威胁着娇嫩的生命之花。\r\n\n    暮色降临，原本华灯初升的辉煌景象消失不见，天空之中到处都弥漫着死亡的气息，有的人被压在废墟之下，有的人无家可归，还有人被湍急的河流冲得无影无踪。\r\n\n    曾经作为齐国的精神支柱的钢铁之师也遭受到了毁灭性的摧残，无力第一时间发起救援，而随着天地的大变，似乎一切都发生了不一样的细微变化。\r\n\n    通讯……似乎不能用了。\r\n\n    大地之上，无论是哪里，只要是有人烟的地方，天空都是灰暗的，都有无家可归的人，河水开始变得汹涌爆裂起来，天地巨变之后，所有的河坝水库都发生了崩裂，汹涌澎湃的河水向着下游区域开始蔓延。\r\n\n    天灾人祸，一切才刚刚开始。\r\n\n    张荼看着眼前的场景，到处都能听到人们的叫喊声，叫喊亲人生还的希望声。而在废墟里的生命也在回应这种希望，强烈的求生欲望。\r\n\n    他只觉得嘴里很苦涩，原本心中的欢喜也早已不翼而飞，同时一股庆幸也在心中挥散不去，这时候，张荼觉得自己就像是一个又甜又苦的瓜。\r\n\n    苦甜瓜。\r\n\n    为自己第一次有希望把握人生而甜，为眼前的狼藉而苦，为了一个个陌生人而苦涩，虽然大家没有交集，可是，都是自己的族人啊。\r\n\n    放眼望去，一位母亲在挖着石块，正在寻找自己的孩子，可是瘦弱的身形却是一直徒劳而无功的努力着，这位母亲已经筋疲力尽，但是继续寻找着她的孩子。\r\n\n    而一瞬间，张荼便是瞅见了自己的父母，母亲在撕心裂肺呼唤着自己的名字，不断转移着碎石，而父亲则是沉默不语的在废墟之中清理着尸体，但是实力变得极佳的张荼，却是看见，那些过去的面孔，不时有滴滴晶莹落下。\r\n\n    这毁天灭地的惨状，又有几人可以生还？\r\n\n    他们不敢想，自己的孩子，在这毁天灭地的变化之时，究竟在不在家里。\r\n\n    如今通讯都已经断了，又如何确定亲属的位置，新时代所带来的便捷，在这一瞬间，变成了一种致命的恐慌，一时之间，大家忘了该如何报平安，定位置。\r\n\n    “爸！妈！”\r\n\n    一声哽咽的呼唤，顿时引起了众人的注意力，只见一个高大的身影，从远处快速的本来。', '--json']' timed out after 120 seconds
  ⚠️ API error (attempt 2): Command '['openclaw', 'infer', 'model', 'run', '--model', 'qclaw/pool-deepseek-v4-pro', '--prompt', 'Translate the following Chinese novel chapter content to English. Return ONLY the translation, no explanation, no notes, no Chinese text:\n\n看到满脸兴奋地张荼，边关月第一次感觉什么叫做没有见识的土包子。但是他也不忍心打击，反而在心中自我安慰道，这毕竟在八荒文明起源的初期，长春册奠定了人族的强盛和繁衍的希望。\r\n\n    不过尽管如此，后期所衍生成的功法，却是无一不对资质的要求甚高，几乎没有意外，因为资质是修者与凡人的唯一区别。\r\n\n    资质差者，不出意外的情况下，终生无缘修者天地。\r\n\n    但是，张荼不一样啊，本身就是一个时代意志的选择，再加上诸天授道的洗礼，不说别的亦是罕有的体质，可是如今，却是要修习最初最原始的功法。\r\n\n    这莫名地喜感，让边关月内心的彻底消弭了那一丝丝意外而来的忧虑。\r\n\n    随着一声震动，这个残破的小世界终于与母星空间相融合，随着一道道璀璨的纹路显现，那诡异的道则，看不明晰的法理，震醒了吐纳之中的张荼。\r\n\n    随着一切缓缓尘埃落定，张荼看到了那曾经是家的位置。\r\n\n    原本温馨的家园彻底变了样子，有的房屋直接消失不见，有的剩下的断壁残垣轰然倒塌，有的在剧烈的震动之中完整的塌陷，天灾威胁着娇嫩的生命之花。\r\n\n    暮色降临，原本华灯初升的辉煌景象消失不见，天空之中到处都弥漫着死亡的气息，有的人被压在废墟之下，有的人无家可归，还有人被湍急的河流冲得无影无踪。\r\n\n    曾经作为齐国的精神支柱的钢铁之师也遭受到了毁灭性的摧残，无力第一时间发起救援，而随着天地的大变，似乎一切都发生了不一样的细微变化。\r\n\n    通讯……似乎不能用了。\r\n\n    大地之上，无论是哪里，只要是有人烟的地方，天空都是灰暗的，都有无家可归的人，河水开始变得汹涌爆裂起来，天地巨变之后，所有的河坝水库都发生了崩裂，汹涌澎湃的河水向着下游区域开始蔓延。\r\n\n    天灾人祸，一切才刚刚开始。\r\n\n    张荼看着眼前的场景，到处都能听到人们的叫喊声，叫喊亲人生还的希望声。而在废墟里的生命也在回应这种希望，强烈的求生欲望。\r\n\n    他只觉得嘴里很苦涩，原本心中的欢喜也早已不翼而飞，同时一股庆幸也在心中挥散不去，这时候，张荼觉得自己就像是一个又甜又苦的瓜。\r\n\n    苦甜瓜。\r\n\n    为自己第一次有希望把握人生而甜，为眼前的狼藉而苦，为了一个个陌生人而苦涩，虽然大家没有交集，可是，都是自己的族人啊。\r\n\n    放眼望去，一位母亲在挖着石块，正在寻找自己的孩子，可是瘦弱的身形却是一直徒劳而无功的努力着，这位母亲已经筋疲力尽，但是继续寻找着她的孩子。\r\n\n    而一瞬间，张荼便是瞅见了自己的父母，母亲在撕心裂肺呼唤着自己的名字，不断转移着碎石，而父亲则是沉默不语的在废墟之中清理着尸体，但是实力变得极佳的张荼，却是看见，那些过去的面孔，不时有滴滴晶莹落下。\r\n\n    这毁天灭地的惨状，又有几人可以生还？\r\n\n    他们不敢想，自己的孩子，在这毁天灭地的变化之时，究竟在不在家里。\r\n\n    如今通讯都已经断了，又如何确定亲属的位置，新时代所带来的便捷，在这一瞬间，变成了一种致命的恐慌，一时之间，大家忘了该如何报平安，定位置。\r\n\n    “爸！妈！”\r\n\n    一声哽咽的呼唤，顿时引起了众人的注意力，只见一个高大的身影，从远处快速的本来。', '--json']' timed out after 120 seconds
   ⚠️ Translation failed or still Chinese, skipped

📖 [971/1372] 开局一座城/ch-0009.json
   Title: 09章、梦里花开苦情人
  ⚠️ API error (attempt 1): Command '['openclaw', 'infer', 'model', 'run', '--model', 'qclaw/pool-deepseek-v4-pro', '--prompt', 'Translate this Chinese chapter title to English. Return ONLY the English title, no quotes, no explanation, no other text:\n\n09章、梦里花开苦情人', '--json']' timed out after 120 seconds
  ⚠️ API error (attempt 2): Command '['openclaw', 'infer', 'model', 'run', '--model', 'qclaw/pool-deepseek-v4-pro', '--prompt', 'Translate this Chinese chapter title to English. Return ONLY the English title, no quotes, no explanation, no other text:\n\n09章、梦里花开苦情人', '--json']' timed out after 120 seconds
  ⚠️ API error (attempt 1): Command '['openclaw', 'infer', 'model', 'run', '--model', 'qclaw/pool-deepseek-v4-pro', '--prompt', 'Translate the following Chinese novel chapter content to English. Return ONLY the translation, no explanation, no notes, no Chinese text:\n\n远处的身影在水面上小心翼翼地试探着。\r\n\n    长春真气在足部按照特有的旋律运转，脚尖点在水波之上，可是神奇的事情发生了，自己，竟是可以稳稳当当地站立在水波之上。\r\n\n    软软绵绵，柔柔糯糯就像是自己的足底和水波之上产生了一层隔膜，可以使自己在水上立足。\r\n\n    张荼试着开始奔跑，腾挪，一切就像是排演了无数场的剧本一般，第一次，又像是有过无数次一般，轻车熟路，刻印在骨子里的本能一般。\r\n\n    看着从如履薄冰到肆意奔跑的张荼，边关月由衷地露出一丝笑容。\r\n\n    诸天授道。\r\n\n    从来都不是局限的传承，而是因材施教，以朦胧的本心触碰最合适的传承，这才是诸天授道的恐怖之处。\r\n\n    合适的，才是最好的。\r\n\n    踏浪，孤影，逐月，神虚……\r\n\n    边关月随意地便可想起诸多的步法，可是却是偏偏是这渡世步，只不过，不知道的是，最后他会选择渡人，还是渡己。\r\n\n    “慈悲啊……”\r\n\n    边关月看着张荼飘然远去的身影，不由得发出一声喟叹，不过随即似是发现了什么，嘴角浮起一丝有趣的弧度。\r\n\n    看着夷水之上飘荡的诸多浮尸，张荼不禁蹙起了眉头。\r\n\n    天地，终归是发生了异变。\r\n\n    就算是溺水，也不可能没有一个幸存者的道理，更别说自己隐约看见有人幸运的落在了桥梁的残骸之上，可是如今却是一个人影都不见了。\r\n\n    甚至说有不少的浮尸之上还有着些许狰狞的伤口，那是……\r\n\n    齿痕！\r\n\n    张荼第一反应感到一阵发寒，但是随即感受到了自己体内的力量，心中安定不少，额头上依旧是渗出丝丝汗水。\r\n\n    未知的，才是可怕的。\r\n\n    这水里有东西，心中随即一慌，步履也发生了些许的凌乱，可是随即，便是掩去了心中的怜悯之心。\r\n\n    家都未曾庇护好，又何来心思庇护他人，为他人的血债而愤怒。\r\n\n    家国天下，终究是家在前，还是国在前，张荼不明白。\r\n\n    若是太平盛世，张荼可以理直气壮的喊出，国在家前，无国哪有家，可是如今国难当头，自己不过是一介匹夫，只求在这动荡之间，庇护好自己的至爱亲朋。\r\n\n    可是，国都没有了，覆巢之下无完卵，自己当真能庇护的了么？\r\n\n    原来，家国天下，这是进入骨子中的不可割舍，相互依存，相互成全。\r\n\n    护国，安民，保家，平乱。\r\n\n    收起无用的心思，张荼默默地计算着距离，心中迷茫，这还是昔日的母星么？\r\n\n    莫不是，集体穿越？\r\n\n    其实说不得张荼有这种质疑，如今的夷水，浩瀚得有点匪夷所思，这一望无际的波涛，浪花席卷之下，当真还是那孕育了一方水土的夷水么？\r\n\n    心中默默地丈量，整个夷水，整整拓宽了十倍，张荼静默地站立在夷水之上，看着眼前的土地，满目的凄凉和荒凉，影影绰绰传来撕心裂肺的啼哭声。\r\n\n    张荼无动于衷，快步地向着记忆中的方向快速地奔波而去。\r\n\n    “这么大的土地，待到一切归于安宁，那可以种多少地粮食。”', '--json']' timed out after 120 seconds
  ⚠️ API error (attempt 2): Command '['openclaw', 'infer', 'model', 'run', '--model', 'qclaw/pool-deepseek-v4-pro', '--prompt', 'Translate the following Chinese novel chapter content to English. Return ONLY the translation, no explanation, no notes, no Chinese text:\n\n远处的身影在水面上小心翼翼地试探着。\r\n\n    长春真气在足部按照特有的旋律运转，脚尖点在水波之上，可是神奇的事情发生了，自己，竟是可以稳稳当当地站立在水波之上。\r\n\n    软软绵绵，柔柔糯糯就像是自己的足底和水波之上产生了一层隔膜，可以使自己在水上立足。\r\n\n    张荼试着开始奔跑，腾挪，一切就像是排演了无数场的剧本一般，第一次，又像是有过无数次一般，轻车熟路，刻印在骨子里的本能一般。\r\n\n    看着从如履薄冰到肆意奔跑的张荼，边关月由衷地露出一丝笑容。\r\n\n    诸天授道。\r\n\n    从来都不是局限的传承，而是因材施教，以朦胧的本心触碰最合适的传承，这才是诸天授道的恐怖之处。\r\n\n    合适的，才是最好的。\r\n\n    踏浪，孤影，逐月，神虚……\r\n\n    边关月随意地便可想起诸多的步法，可是却是偏偏是这渡世步，只不过，不知道的是，最后他会选择渡人，还是渡己。\r\n\n    “慈悲啊……”\r\n\n    边关月看着张荼飘然远去的身影，不由得发出一声喟叹，不过随即似是发现了什么，嘴角浮起一丝有趣的弧度。\r\n\n    看着夷水之上飘荡的诸多浮尸，张荼不禁蹙起了眉头。\r\n\n    天地，终归是发生了异变。\r\n\n    就算是溺水，也不可能没有一个幸存者的道理，更别说自己隐约看见有人幸运的落在了桥梁的残骸之上，可是如今却是一个人影都不见了。\r\n\n    甚至说有不少的浮尸之上还有着些许狰狞的伤口，那是……\r\n\n    齿痕！\r\n\n    张荼第一反应感到一阵发寒，但是随即感受到了自己体内的力量，心中安定不少，额头上依旧是渗出丝丝汗水。\r\n\n    未知的，才是可怕的。\r\n\n    这水里有东西，心中随即一慌，步履也发生了些许的凌乱，可是随即，便是掩去了心中的怜悯之心。\r\n\n    家都未曾庇护好，又何来心思庇护他人，为他人的血债而愤怒。\r\n\n    家国天下，终究是家在前，还是国在前，张荼不明白。\r\n\n    若是太平盛世，张荼可以理直气壮的喊出，国在家前，无国哪有家，可是如今国难当头，自己不过是一介匹夫，只求在这动荡之间，庇护好自己的至爱亲朋。\r\n\n    可是，国都没有了，覆巢之下无完卵，自己当真能庇护的了么？\r\n\n    原来，家国天下，这是进入骨子中的不可割舍，相互依存，相互成全。\r\n\n    护国，安民，保家，平乱。\r\n\n    收起无用的心思，张荼默默地计算着距离，心中迷茫，这还是昔日的母星么？\r\n\n    莫不是，集体穿越？\r\n\n    其实说不得张荼有这种质疑，如今的夷水，浩瀚得有点匪夷所思，这一望无际的波涛，浪花席卷之下，当真还是那孕育了一方水土的夷水么？\r\n\n    心中默默地丈量，整个夷水，整整拓宽了十倍，张荼静默地站立在夷水之上，看着眼前的土地，满目的凄凉和荒凉，影影绰绰传来撕心裂肺的啼哭声。\r\n\n    张荼无动于衷，快步地向着记忆中的方向快速地奔波而去。\r\n\n    “这么大的土地，待到一切归于安宁，那可以种多少地粮食。”', '--json']' timed out after 120 seconds
   ⚠️ Translation failed or still Chinese, skipped

📖 [972/1372] 开局一座城/ch-0010.json
   Title: 10章、活着是一种责任
  ⚠️ API error (attempt 1): Command '['openclaw', 'infer', 'model', 'run', '--model', 'qclaw/pool-deepseek-v4-pro', '--prompt', 'Translate this Chinese chapter title to English. Return ONLY the English title, no quotes, no explanation, no other text:\n\n10章、活着是一种责任', '--json']' timed out after 120 seconds
  ⚠️ API error (attempt 2): Command '['openclaw', 'infer', 'model', 'run', '--model', 'qclaw/pool-deepseek-v4-pro', '--prompt', 'Translate this Chinese chapter title to English. Return ONLY the English title, no quotes, no explanation, no other text:\n\n10章、活着是一种责任', '--json']' timed out after 120 seconds
  ⚠️ API error (attempt 1): Command '['openclaw', 'infer', 'model', 'run', '--model', 'qclaw/pool-deepseek-v4-pro', '--prompt', 'Translate the following Chinese novel chapter content to English. Return ONLY the translation, no explanation, no notes, no Chinese text:\n\n阑珊迈步，就像是离开水的鱼儿一般，张荼大口地呼吸着略带焦灼的空气，贪婪且难以自持，好像只有这样，才能掩饰内心的恐惧和恐慌。\r\n\n    像是用尽了全身的力气，张荼是接近挣扎地登上了四楼。\r\n\n    他自己心中如明镜一般清楚，从年少懵懂到中年的沧桑，他太明白云裳的性格……\r\n\n    果不其然，行至四楼，唯有这一家门户紧闭。\r\n\n    就像是被关闭在了希望之外。\r\n\n    此时此刻，压抑了十余年的暴虐在张荼的心中酝酿，危险的神色在张荼的眼中不断的闪烁。\r\n\n    “啪！”\r\n\n    张荼蓦然回首，猩红的眼眸看着突然来到的男子。\r\n\n    此人，已是二十出头的模样，张荼认得此人，云裳的弟弟，亲弟弟，云苍。\r\n\n    “哥，你怎么在这里？”\r\n\n    云苍看着眼前不断释放着危险气息的男子，看着那猩红的眸子，心中一阵发寒，但同时又感到一阵的心疼。\r\n\n    自己，也在找自己的姐姐。\r\n\n    可是，不仅姐姐不见了，父母也不见了。\r\n\n    张荼紧闭双眸，不想在云苍面前露出自己的脆弱，虽说自己最终没有和云裳走到一起，可是这小子却是一直把自己当做姐夫对待，这也导致了他对于云裳的男友没有一丝丝的好脸色。\r\n\n    竭尽全力最后一丝幸存的理智将自己的疯狂收回，可是谁也没有想到，在日后，会酿出什么样的果实。\r\n\n    “云苍？你怎么在这里？叔叔阿姨和你姐呢？”\r\n\n    “啪嗒”\r\n\n    老房子，依旧是用钥匙来开门。\r\n\n    云苍走了进去，淡然地开口道：“我还要问你呢，如今天地大变，我当然要第一时间回来看看，方才我在帮隔壁小区，小区的王大爷说看到你匆忙地来到家中，我这不就赶紧回来了么？真不知道现在世界怎么了？地震，洪水，现在竟是赫然来了这么一遭，哥，你说是千载难遇的大地震么？”\r\n\n    张荼木然地跟着云苍走进屋中，看着眼前熟悉的摆放和家具，心中悲戚再难遏制，自己幼时与云裳关系不可谓不近，而开明的云父云母乐的见得三个小孩其乐融融地相处，也曾经明暗中按时张荼主动一些……\r\n\n    如今一切物是人非。\r\n\n    张荼不断地大口呼吸，说道：“不是地震，一言半语也说不清，你只需要知道，新的世界来临了，未来谁也不知道。”\r\n\n    云苍在听到了张荼的话语，身形微微地一怔，随即便是恢复了正常，说道：“我，不知道，我回家之后，便是一切都是这般，就像大变之时，家里没有人一般，如今电话打不通，我也不知道爸妈去哪里了，我问过对门，隔壁的丽姐说，下午的时候，看到爸妈一起出去，然后就再也没有回来。”\r\n\n    张荼沉默不语，一时无言，只是颓然地靠在墙壁之上，整个人越发的呆滞。\r\n\n    “哥，你说，我爸妈没事吧。”云苍的声音就像是喉咙之中堵了什么一般，嘶嘶哑的听不清楚：“我大姐呢？哥……她不是跟你一起上班么？你没事，那我姐呢？”\r\n\n    张荼踉踉跄跄地来到了云裳的房间，看到床头柜摆放的小箱子，一切的一切，如同记忆中一般无二 ，那个小箱子之中，摆放的便是青春之时，张荼与她共同的点点滴滴，有上课时候传递的纸条，也有稚嫩的心意，更有数之不尽的小礼品。\r\n\n    “砰！”\r\n\n    云苍重重地拍在门上，近乎低沉的嘶吼，如同一只遍体鳞伤的孤狼，张荼第一次看到自己的这个便宜弟弟以这种姿态面对自己，甚是新奇。\r\n\n    “我姐呢？啊！你说话啊！”', '--json']' timed out after 120 seconds
  ⚠️ API error (attempt 2): Command '['openclaw', 'infer', 'model', 'run', '--model', 'qclaw/pool-deepseek-v4-pro', '--prompt', 'Translate the following Chinese novel chapter content to English. Return ONLY the translation, no explanation, no notes, no Chinese text:\n\n阑珊迈步，就像是离开水的鱼儿一般，张荼大口地呼吸着略带焦灼的空气，贪婪且难以自持，好像只有这样，才能掩饰内心的恐惧和恐慌。\r\n\n    像是用尽了全身的力气，张荼是接近挣扎地登上了四楼。\r\n\n    他自己心中如明镜一般清楚，从年少懵懂到中年的沧桑，他太明白云裳的性格……\r\n\n    果不其然，行至四楼，唯有这一家门户紧闭。\r\n\n    就像是被关闭在了希望之外。\r\n\n    此时此刻，压抑了十余年的暴虐在张荼的心中酝酿，危险的神色在张荼的眼中不断的闪烁。\r\n\n    “啪！”\r\n\n    张荼蓦然回首，猩红的眼眸看着突然来到的男子。\r\n\n    此人，已是二十出头的模样，张荼认得此人，云裳的弟弟，亲弟弟，云苍。\r\n\n    “哥，你怎么在这里？”\r\n\n    云苍看着眼前不断释放着危险气息的男子，看着那猩红的眸子，心中一阵发寒，但同时又感到一阵的心疼。\r\n\n    自己，也在找自己的姐姐。\r\n\n    可是，不仅姐姐不见了，父母也不见了。\r\n\n    张荼紧闭双眸，不想在云苍面前露出自己的脆弱，虽说自己最终没有和云裳走到一起，可是这小子却是一直把自己当做姐夫对待，这也导致了他对于云裳的男友没有一丝丝的好脸色。\r\n\n    竭尽全力最后一丝幸存的理智将自己的疯狂收回，可是谁也没有想到，在日后，会酿出什么样的果实。\r\n\n    “云苍？你怎么在这里？叔叔阿姨和你姐呢？”\r\n\n    “啪嗒”\r\n\n    老房子，依旧是用钥匙来开门。\r\n\n    云苍走了进去，淡然地开口道：“我还要问你呢，如今天地大变，我当然要第一时间回来看看，方才我在帮隔壁小区，小区的王大爷说看到你匆忙地来到家中，我这不就赶紧回来了么？真不知道现在世界怎么了？地震，洪水，现在竟是赫然来了这么一遭，哥，你说是千载难遇的大地震么？”\r\n\n    张荼木然地跟着云苍走进屋中，看着眼前熟悉的摆放和家具，心中悲戚再难遏制，自己幼时与云裳关系不可谓不近，而开明的云父云母乐的见得三个小孩其乐融融地相处，也曾经明暗中按时张荼主动一些……\r\n\n    如今一切物是人非。\r\n\n    张荼不断地大口呼吸，说道：“不是地震，一言半语也说不清，你只需要知道，新的世界来临了，未来谁也不知道。”\r\n\n    云苍在听到了张荼的话语，身形微微地一怔，随即便是恢复了正常，说道：“我，不知道，我回家之后，便是一切都是这般，就像大变之时，家里没有人一般，如今电话打不通，我也不知道爸妈去哪里了，我问过对门，隔壁的丽姐说，下午的时候，看到爸妈一起出去，然后就再也没有回来。”\r\n\n    张荼沉默不语，一时无言，只是颓然地靠在墙壁之上，整个人越发的呆滞。\r\n\n    “哥，你说，我爸妈没事吧。”云苍的声音就像是喉咙之中堵了什么一般，嘶嘶哑的听不清楚：“我大姐呢？哥……她不是跟你一起上班么？你没事，那我姐呢？”\r\n\n    张荼踉踉跄跄地来到了云裳的房间，看到床头柜摆放的小箱子，一切的一切，如同记忆中一般无二 ，那个小箱子之中，摆放的便是青春之时，张荼与她共同的点点滴滴，有上课时候传递的纸条，也有稚嫩的心意，更有数之不尽的小礼品。\r\n\n    “砰！”\r\n\n    云苍重重地拍在门上，近乎低沉的嘶吼，如同一只遍体鳞伤的孤狼，张荼第一次看到自己的这个便宜弟弟以这种姿态面对自己，甚是新奇。\r\n\n    “我姐呢？啊！你说话啊！”', '--json']' timed out after 120 seconds
   ⚠️ Translation failed or still Chinese, skipped

📖 [973/1372] 开局一座城/ch-0011.json
   Title: 11章、来自食材的反杀
  ⚠️ API error (attempt 1): Command '['openclaw', 'infer', 'model', 'run', '--model', 'qclaw/pool-deepseek-v4-pro', '--prompt', 'Translate this Chinese chapter title to English. Return ONLY the English title, no quotes, no explanation, no other text:\n\n11章、来自食材的反杀', '--json']' timed out after 120 seconds
  ⚠️ API error (attempt 2): Command '['openclaw', 'infer', 'model', 'run', '--model', 'qclaw/pool-deepseek-v4-pro', '--prompt', 'Translate this Chinese chapter title to English. Return ONLY the English title, no quotes, no explanation, no other text:\n\n11章、来自食材的反杀', '--json']' timed out after 120 seconds
  ⚠️ API error (attempt 1): Command '['openclaw', 'infer', 'model', 'run', '--model', 'qclaw/pool-deepseek-v4-pro', '--prompt', 'Translate the following Chinese novel chapter content to English. Return ONLY the translation, no explanation, no notes, no Chinese text:\n\n跃起的庞然大物，头大身子小，好似一个巨大版的蝌蚪，又像是一个缩小版的畸形鲸鱼，要不是前面那一对标志性的肉须，张荼一时间还真不知道这是一个什么东西。\r\n\n    云苍声音颤抖着说道：“哥……这是鲸鱼么？”\r\n\n    张荼喉咙滑动了一下，但是口中仍是强装淡定地说道：“哪里是鲸鱼，这是河，不是海，还有，这个东西你可没少吃啊……铁锅鲶鱼……啧～”\r\n\n    “嗯？”\r\n\n    “有什么问题么？”\r\n\n    张荼看似与云苍闲聊，可是一双眸子却是死死盯着在二人周遭不断游弋的巨大化后的鲶鱼，不过看其这模样，想必，在天地异化之前，便已经是一个庞然大物了。\r\n\n    真不知道它究竟是如何躲避过夷水两畔的捕鱼人。\r\n\n    不过话说回来，鲶鱼极其肥嫩的，将鲶鱼背部切开，用独头蒜，再加一些葱丝和姜片略腌。\r\n\n    而后，抓起一些花椒和大料，在锅里加了豆油，先把鱼油和大蒜放里面炸出香味，在加入酱汁，葱丝姜片，花椒大料，以及大酱和辣椒，添热水做汤，待烧开后放入鲶鱼。\r\n\n    大蒜放得很多，闻起来奇香扑鼻。等到将鱼肉盛到碗里，汤汁已经相当浓郁，将干硬的野菜团子泡到汤汁里等待热透，而后先吃鱼肉。\r\n\n    鱼肉香得几乎就像是一兜油，却丝毫不腻，带着大蒜浓郁到可以抗拒任何腥气的香味，越过唇舌，经过牙齿，滑入喉咙，那满足感完全不是香粥所能比拟的。\r\n\n    可是……眼前的这鲶鱼，怕是做着与自己一般无二的打算，当然没有这么多的步骤，而是一口吞嘎嘣脆。\r\n\n    张荼明白，眼前的鲶鱼，怕是已经不再是寻常的鱼兽，而是在天地异变间得到了较大的好处，甚至隐隐开启了灵智，不过是此时仍旧是浑浑噩噩，更多的是靠着本能行事，但是已经懂得趋利避害。\r\n\n    不过……\r\n\n    张荼摩挲着下巴，如此想来，这鲶鱼怕是把自己当做了罕见的天材地宝，行走的稀世灵药？吞了自己会对它有相当大的好处，但是不断的游弋，怕是也对自己的实力有所忌惮？\r\n\n    随即，目中便是露出了兴奋的色彩。\r\n\n    原来，我这么强的么？\r\n\n    不过就在这时，那鲶鱼终是按捺不住本能的渴望，变强，是霜天万物的本能，烙印在灵魂之中的本能。\r\n\n    就在人鱼对峙之时，夷水对面的岸边，出现一道俊逸的身影，不过手中的古朴长枪，却是不禁恍然，这究竟是异变，还是集体的穿越？\r\n\n    张荼看着迎面而来的鲶鱼，鲶鱼口中的腥气扑面而来，顿时让二人面色铁青，但尽管如此，张荼已经是大略计算一下，将云苍远远的抛掷出去。\r\n\n    随即，自己一个闪身躲避开了这一记猛扑。\r\n\n    云苍的身形在空中飘飘荡荡，还有余力看着周围的风景在眼前飞快地飞掠，蓦然，腰间一紧，自己便是来到了一个宽阔的胸怀之中。\r\n\n    没有预料之中的疼痛，反而是感受到了腰部手臂中所蕴含的爆炸性的力量。\r\n\n    云苍感受到脚底的踏实感，这才想起抬头看是谁将自己接住，抬起头来才发现是一个古风的俊逸男子。\r\n\n    落地之后，边关月便是快速地放开云苍，似是在躲避着什么一般，双目凝神看着不断腾挪的张荼，心中的想法不断幻灭着。\r\n\n    云苍见眼前男子没有沟通的欲望，但是所释放的善意也足够他乖乖巧巧的站立在一旁。\r\n\n    而张荼将云苍投掷出去之后，便没有再去想，不就是呛水么？死不了就行，这里既然有着这个大大大鲶鱼，应该没有其他的攻击性生物了。', '--json']' timed out after 120 seconds
  ⚠️ API error (attempt 2): Command '['openclaw', 'infer', 'model', 'run', '--model', 'qclaw/pool-deepseek-v4-pro', '--prompt', 'Translate the following Chinese novel chapter content to English. Return ONLY the translation, no explanation, no notes, no Chinese text:\n\n跃起的庞然大物，头大身子小，好似一个巨大版的蝌蚪，又像是一个缩小版的畸形鲸鱼，要不是前面那一对标志性的肉须，张荼一时间还真不知道这是一个什么东西。\r\n\n    云苍声音颤抖着说道：“哥……这是鲸鱼么？”\r\n\n    张荼喉咙滑动了一下，但是口中仍是强装淡定地说道：“哪里是鲸鱼，这是河，不是海，还有，这个东西你可没少吃啊……铁锅鲶鱼……啧～”\r\n\n    “嗯？”\r\n\n    “有什么问题么？”\r\n\n    张荼看似与云苍闲聊，可是一双眸子却是死死盯着在二人周遭不断游弋的巨大化后的鲶鱼，不过看其这模样，想必，在天地异化之前，便已经是一个庞然大物了。\r\n\n    真不知道它究竟是如何躲避过夷水两畔的捕鱼人。\r\n\n    不过话说回来，鲶鱼极其肥嫩的，将鲶鱼背部切开，用独头蒜，再加一些葱丝和姜片略腌。\r\n\n    而后，抓起一些花椒和大料，在锅里加了豆油，先把鱼油和大蒜放里面炸出香味，在加入酱汁，葱丝姜片，花椒大料，以及大酱和辣椒，添热水做汤，待烧开后放入鲶鱼。\r\n\n    大蒜放得很多，闻起来奇香扑鼻。等到将鱼肉盛到碗里，汤汁已经相当浓郁，将干硬的野菜团子泡到汤汁里等待热透，而后先吃鱼肉。\r\n\n    鱼肉香得几乎就像是一兜油，却丝毫不腻，带着大蒜浓郁到可以抗拒任何腥气的香味，越过唇舌，经过牙齿，滑入喉咙，那满足感完全不是香粥所能比拟的。\r\n\n    可是……眼前的这鲶鱼，怕是做着与自己一般无二的打算，当然没有这么多的步骤，而是一口吞嘎嘣脆。\r\n\n    张荼明白，眼前的鲶鱼，怕是已经不再是寻常的鱼兽，而是在天地异变间得到了较大的好处，甚至隐隐开启了灵智，不过是此时仍旧是浑浑噩噩，更多的是靠着本能行事，但是已经懂得趋利避害。\r\n\n    不过……\r\n\n    张荼摩挲着下巴，如此想来，这鲶鱼怕是把自己当做了罕见的天材地宝，行走的稀世灵药？吞了自己会对它有相当大的好处，但是不断的游弋，怕是也对自己的实力有所忌惮？\r\n\n    随即，目中便是露出了兴奋的色彩。\r\n\n    原来，我这么强的么？\r\n\n    不过就在这时，那鲶鱼终是按捺不住本能的渴望，变强，是霜天万物的本能，烙印在灵魂之中的本能。\r\n\n    就在人鱼对峙之时，夷水对面的岸边，出现一道俊逸的身影，不过手中的古朴长枪，却是不禁恍然，这究竟是异变，还是集体的穿越？\r\n\n    张荼看着迎面而来的鲶鱼，鲶鱼口中的腥气扑面而来，顿时让二人面色铁青，但尽管如此，张荼已经是大略计算一下，将云苍远远的抛掷出去。\r\n\n    随即，自己一个闪身躲避开了这一记猛扑。\r\n\n    云苍的身形在空中飘飘荡荡，还有余力看着周围的风景在眼前飞快地飞掠，蓦然，腰间一紧，自己便是来到了一个宽阔的胸怀之中。\r\n\n    没有预料之中的疼痛，反而是感受到了腰部手臂中所蕴含的爆炸性的力量。\r\n\n    云苍感受到脚底的踏实感，这才想起抬头看是谁将自己接住，抬起头来才发现是一个古风的俊逸男子。\r\n\n    落地之后，边关月便是快速地放开云苍，似是在躲避着什么一般，双目凝神看着不断腾挪的张荼，心中的想法不断幻灭着。\r\n\n    云苍见眼前男子没有沟通的欲望，但是所释放的善意也足够他乖乖巧巧的站立在一旁。\r\n\n    而张荼将云苍投掷出去之后，便没有再去想，不就是呛水么？死不了就行，这里既然有着这个大大大鲶鱼，应该没有其他的攻击性生物了。', '--json']' timed out after 120 seconds
   ⚠️ Translation failed or still Chinese, skipped

📖 [974/1372] 开局一座城/ch-0012.json
   Title: 12章：月下佳人恍若梦
  ⚠️ API error (attempt 1): Command '['openclaw', 'infer', 'model', 'run', '--model', 'qclaw/pool-deepseek-v4-pro', '--prompt', 'Translate this Chinese chapter title to English. Return ONLY the English title, no quotes, no explanation, no other text:\n\n12章：月下佳人恍若梦', '--json']' timed out after 120 seconds
  ⚠️ API error (attempt 2): Command '['openclaw', 'infer', 'model', 'run', '--model', 'qclaw/pool-deepseek-v4-pro', '--prompt', 'Translate this Chinese chapter title to English. Return ONLY the English title, no quotes, no explanation, no other text:\n\n12章：月下佳人恍若梦', '--json']' timed out after 120 seconds
  ⚠️ API error (attempt 1): Command '['openclaw', 'infer', 'model', 'run', '--model', 'qclaw/pool-deepseek-v4-pro', '--prompt', 'Translate the following Chinese novel chapter content to English. Return ONLY the translation, no explanation, no notes, no Chinese text:\n\n夜从边际席卷，月色与微风手牵着手滑行，能听见路边草叶子暗自低头的声音。若是在往常，河边的夜生活刚刚开始，数不清的小吃摊满目琳琅，食物的香味混合着酒香，熏得这月色都有了几分烟火味儿。\r\n\n    可是如今，夷水河畔，只有无尽的冷清和死寂，似是人们发现了河中的异变，开始下意识地躲避着、远离着。\r\n\n    随着三人临近河边，在月光下泛着淡淡光华的沙滩之上，一个俏丽的身影，木然地出现在三人的视线中。\r\n\n    一袭白衣，染就一夜芳华，两袖月光，诉说绝世风华。\r\n\n    在看清楚人影之后，张荼的目光闪过一丝欣喜和不可置信。\r\n\n    可是当看到不远处的魁梧身影之时，原本欲要飞奔出去的脚步硬生生地停住。\r\n\n    “姐？”\r\n\n    云苍不可置信的声音响起，他的动作要比张荼慢上一拍，可是看到张荼怪异的反应之后，他亦是看到了云裳背后不远处的身影。\r\n\n    晦涩难名的神色在云苍的面上一闪而过，但是仅仅是微微停顿，便是快速奔上前去，一把将眼前的佳人揽入怀中。\r\n\n    感受着怀抱中微微僵硬的身躯，云苍哽咽地说道：“你去哪里了？就不能好好呆着么？你知道不知道，荼哥都快急死了。”\r\n\n    张荼看着拥抱在一起的姐弟，神色从最初的平和开始变得僵硬，瞥了一眼神情全部笼罩在黑暗之中的魁梧身影，扭身便是顺着河流向着家里的方向走去。\r\n\n    有些担忧，有些关怀，有些时候，不需要用言语去诉说，懂的人自然都懂。\r\n\n    可是他的这般自欺欺人，又能瞒得过几人？\r\n\n    随着二人的渐渐远去，边关月的声音被河风吹出了好远。\r\n\n    “你当真不回头，那个姑娘，可是自从你出现之后，视线就没有转移过。”\r\n\n    “你看到她身后的那个汉子了么？”张荼嘴中不冷不淡地说道。\r\n\n    边关月一脸好笑，故作不知地说道：“看到了，可那又如何？”\r\n\n    “那是她的未婚夫，叫刘金玉……”张荼的声音到此戛然而止。\r\n\n    没有人知道他的内心是如何想的，或许此刻缥缈而来的晚风会能明白张荼的思绪。两个人的纠葛，已然扯不清楚，而若是让第三个无辜的人因此而受伤……\r\n\n    张荼，不愿意。\r\n\n    云家姐弟目送着二人渐行渐远的身影，脚下的影子被天空的皎月拉得很长很长，就像是张云二人心中鸿沟一般。\r\n\n    云苍想不明白，为什么两个互相牵挂的人，却是始终不能跨过鸿沟走过去。\r\n\n    当时那距离自己半步之遥的身影，如今可以力抗千斤的身躯，在那一瞬间竟是颤抖得厉害，以及那瞬间暴起的阴寒，若是张荼选择手刃刘金玉，云苍心想，或许我可以帮忙摁下腿吧。\r\n\n    “姐，你知道不知道，哥他有多牵挂你……”\r\n\n    云苍意兴阑珊的声音响起，看着不远处那如磐石一般的身影，有时候自己都对他感觉到佩服，竟然允许姐姐心中有另外一个不可剔除的男人存在，他仍是固执地选择姐姐，这都是什么人啊。', '--json']' timed out after 120 seconds
  ⚠️ API error (attempt 2): Command '['openclaw', 'infer', 'model', 'run', '--model', 'qclaw/pool-deepseek-v4-pro', '--prompt', 'Translate the following Chinese novel chapter content to English. Return ONLY the translation, no explanation, no notes, no Chinese text:\n\n夜从边际席卷，月色与微风手牵着手滑行，能听见路边草叶子暗自低头的声音。若是在往常，河边的夜生活刚刚开始，数不清的小吃摊满目琳琅，食物的香味混合着酒香，熏得这月色都有了几分烟火味儿。\r\n\n    可是如今，夷水河畔，只有无尽的冷清和死寂，似是人们发现了河中的异变，开始下意识地躲避着、远离着。\r\n\n    随着三人临近河边，在月光下泛着淡淡光华的沙滩之上，一个俏丽的身影，木然地出现在三人的视线中。\r\n\n    一袭白衣，染就一夜芳华，两袖月光，诉说绝世风华。\r\n\n    在看清楚人影之后，张荼的目光闪过一丝欣喜和不可置信。\r\n\n    可是当看到不远处的魁梧身影之时，原本欲要飞奔出去的脚步硬生生地停住。\r\n\n    “姐？”\r\n\n    云苍不可置信的声音响起，他的动作要比张荼慢上一拍，可是看到张荼怪异的反应之后，他亦是看到了云裳背后不远处的身影。\r\n\n    晦涩难名的神色在云苍的面上一闪而过，但是仅仅是微微停顿，便是快速奔上前去，一把将眼前的佳人揽入怀中。\r\n\n    感受着怀抱中微微僵硬的身躯，云苍哽咽地说道：“你去哪里了？就不能好好呆着么？你知道不知道，荼哥都快急死了。”\r\n\n    张荼看着拥抱在一起的姐弟，神色从最初的平和开始变得僵硬，瞥了一眼神情全部笼罩在黑暗之中的魁梧身影，扭身便是顺着河流向着家里的方向走去。\r\n\n    有些担忧，有些关怀，有些时候，不需要用言语去诉说，懂的人自然都懂。\r\n\n    可是他的这般自欺欺人，又能瞒得过几人？\r\n\n    随着二人的渐渐远去，边关月的声音被河风吹出了好远。\r\n\n    “你当真不回头，那个姑娘，可是自从你出现之后，视线就没有转移过。”\r\n\n    “你看到她身后的那个汉子了么？”张荼嘴中不冷不淡地说道。\r\n\n    边关月一脸好笑，故作不知地说道：“看到了，可那又如何？”\r\n\n    “那是她的未婚夫，叫刘金玉……”张荼的声音到此戛然而止。\r\n\n    没有人知道他的内心是如何想的，或许此刻缥缈而来的晚风会能明白张荼的思绪。两个人的纠葛，已然扯不清楚，而若是让第三个无辜的人因此而受伤……\r\n\n    张荼，不愿意。\r\n\n    云家姐弟目送着二人渐行渐远的身影，脚下的影子被天空的皎月拉得很长很长，就像是张云二人心中鸿沟一般。\r\n\n    云苍想不明白，为什么两个互相牵挂的人，却是始终不能跨过鸿沟走过去。\r\n\n    当时那距离自己半步之遥的身影，如今可以力抗千斤的身躯，在那一瞬间竟是颤抖得厉害，以及那瞬间暴起的阴寒，若是张荼选择手刃刘金玉，云苍心想，或许我可以帮忙摁下腿吧。\r\n\n    “姐，你知道不知道，哥他有多牵挂你……”\r\n\n    云苍意兴阑珊的声音响起，看着不远处那如磐石一般的身影，有时候自己都对他感觉到佩服，竟然允许姐姐心中有另外一个不可剔除的男人存在，他仍是固执地选择姐姐，这都是什么人啊。', '--json']' timed out after 120 seconds
   ⚠️ Translation failed or still Chinese, skipped

📖 [975/1372] 开局一座城/ch-0013.json
   Title: 13章：黎明时分黑暗隐
  ⚠️ API error (attempt 1): Command '['openclaw', 'infer', 'model', 'run', '--model', 'qclaw/pool-deepseek-v4-pro', '--prompt', 'Translate this Chinese chapter title to English. Return ONLY the English title, no quotes, no explanation, no other text:\n\n13章：黎明时分黑暗隐', '--json']' timed out after 120 seconds
  ⚠️ API error (attempt 2): Command '['openclaw', 'infer', 'model', 'run', '--model', 'qclaw/pool-deepseek-v4-pro', '--prompt', 'Translate this Chinese chapter title to English. Return ONLY the English title, no quotes, no explanation, no other text:\n\n13章：黎明时分黑暗隐', '--json']' timed out after 120 seconds
  ⚠️ API error (attempt 1): Command '['openclaw', 'infer', 'model', 'run', '--model', 'qclaw/pool-deepseek-v4-pro', '--prompt', 'Translate the following Chinese novel chapter content to English. Return ONLY the translation, no explanation, no notes, no Chinese text:\n\n月亮不知什么时候，悄悄地躲了起来，四周也变得更加的幽暗，黎明前的夜，总是黑的让人难受。\r\n\n    一直到了黎明时分，张荼才渐渐地停歇了下来，简单介绍了一下边关月，说是自己的多年好友，恰巧因故滞留在了这里，路上偶遇，就一起带了回来。\r\n\n    面对这个拙劣的谎言，张父张母欣然接受。\r\n\n    烟火渐熄，张荼叼上了最后一根烟，小声招呼着父母，向着远处的黑暗中走去。\r\n\n    他知道父母的忧虑，他又何尝不担忧远在老宅的老人呢。\r\n\n    可若是按照突变之后的规则，原本不过几十里的路程，如今怕是要接近几百里路程，而且地形大变之后，路上会遇到什么，他真的摸不准。\r\n\n    不过看了看身旁的边关月，且附近能救援的都已经救援了，再远，也就爱莫能助了，自己也不是了无牵挂了，所以张图觉得，尝试一下也没有什么问题。\r\n\n    一行四人摸黑上路，所幸这不过是黎明之前的最后黑暗，不多时，天空便是泛起了鱼肚白，看着断断续续出现的熟悉地标，路，应该是没有走错。\r\n\n    每一个夜晚都是一次死亡，每一个黎明都是一次重生，原本每天都欢喜地面对人事物，而今睁目之后，却是对于生命的不知所措。\r\n\n    一路无言，一路狼藉，一路荒芜。\r\n\n    “吱呀……”\r\n\n    急促的刹车声惊醒了沉睡的张父张母。\r\n\n    “荼荼，怎么了？”张母傅缃叶紧张地问道。\r\n\n    张父张顺圣眯着眼打量着车窗外的情景，不言不语。\r\n\n    边关月嘴角划起讥讽的弧度，说道：“阿姨莫慌，应该是有人劫道……怀念啊，多久没有碰到劫道的了，这个职业，可真是长久，一道乱世，就会出现，比野草的生命力都顽强。”\r\n\n    “呼。”张荼满不在乎地解开安全带，说道：“好啦，别感慨了，到了主人家，还是去看看的好，你觉得呢？不过看你这么有兴趣，你处理好了。”\r\n\n    旋即转头对着张父张母说道：“爸妈，你们就别下来了，在车上呆着，最多啊，就是一些小痞子趁乱讨点钱财，不碍事的。”\r\n\n    傅缃叶紧张地说道：“不行我们就给他们点，反正我们也是带了一些……”\r\n\n    张母的话还没说完，就被张父打断道：“女人见识，这时候，不想着安分守己，救助村邻反而还有心思出来拦路的，会有那么小的胃口么？哼，别忘了，如今的荼荼可不是以前了，相信他。”\r\n\n    张荼和边关月相视一笑，同时开门下车。\r\n\n    看着不远处横七竖八的木头栅栏，明显的人为迹象，这段路并非是唯一的路，不过这一段却是还维持着昔日的公路，开起来比较舒服，可也正是如此，有人便利用此地来做了些文章。\r\n\n    果不其然，随着张荼和边关月的下车，周围的树木背后，也稀稀疏疏出来十多个身影，高矮胖瘦全都有，哦，还有一个光明顶。\r\n\n    手中拿的东西更是五花八门，那什么的都用，甚至是拿着一个大号扳手就出来了。\r\n\n    “现在……质量都这么差了么？”边关月厌恶地看着眼前的十几人，尤其是还有几个堪比孕妇的大肚子，满脸的嫌弃。\r\n\n    “哥几个，啥意思啊？”张荼扬声说道。', '--json']' timed out after 120 seconds
  ⚠️ API error (attempt 2): Command '['openclaw', 'infer', 'model', 'run', '--model', 'qclaw/pool-deepseek-v4-pro', '--prompt', 'Translate the following Chinese novel chapter content to English. Return ONLY the translation, no explanation, no notes, no Chinese text:\n\n月亮不知什么时候，悄悄地躲了起来，四周也变得更加的幽暗，黎明前的夜，总是黑的让人难受。\r\n\n    一直到了黎明时分，张荼才渐渐地停歇了下来，简单介绍了一下边关月，说是自己的多年好友，恰巧因故滞留在了这里，路上偶遇，就一起带了回来。\r\n\n    面对这个拙劣的谎言，张父张母欣然接受。\r\n\n    烟火渐熄，张荼叼上了最后一根烟，小声招呼着父母，向着远处的黑暗中走去。\r\n\n    他知道父母的忧虑，他又何尝不担忧远在老宅的老人呢。\r\n\n    可若是按照突变之后的规则，原本不过几十里的路程，如今怕是要接近几百里路程，而且地形大变之后，路上会遇到什么，他真的摸不准。\r\n\n    不过看了看身旁的边关月，且附近能救援的都已经救援了，再远，也就爱莫能助了，自己也不是了无牵挂了，所以张图觉得，尝试一下也没有什么问题。\r\n\n    一行四人摸黑上路，所幸这不过是黎明之前的最后黑暗，不多时，天空便是泛起了鱼肚白，看着断断续续出现的熟悉地标，路，应该是没有走错。\r\n\n    每一个夜晚都是一次死亡，每一个黎明都是一次重生，原本每天都欢喜地面对人事物，而今睁目之后，却是对于生命的不知所措。\r\n\n    一路无言，一路狼藉，一路荒芜。\r\n\n    “吱呀……”\r\n\n    急促的刹车声惊醒了沉睡的张父张母。\r\n\n    “荼荼，怎么了？”张母傅缃叶紧张地问道。\r\n\n    张父张顺圣眯着眼打量着车窗外的情景，不言不语。\r\n\n    边关月嘴角划起讥讽的弧度，说道：“阿姨莫慌，应该是有人劫道……怀念啊，多久没有碰到劫道的了，这个职业，可真是长久，一道乱世，就会出现，比野草的生命力都顽强。”\r\n\n    “呼。”张荼满不在乎地解开安全带，说道：“好啦，别感慨了，到了主人家，还是去看看的好，你觉得呢？不过看你这么有兴趣，你处理好了。”\r\n\n    旋即转头对着张父张母说道：“爸妈，你们就别下来了，在车上呆着，最多啊，就是一些小痞子趁乱讨点钱财，不碍事的。”\r\n\n    傅缃叶紧张地说道：“不行我们就给他们点，反正我们也是带了一些……”\r\n\n    张母的话还没说完，就被张父打断道：“女人见识，这时候，不想着安分守己，救助村邻反而还有心思出来拦路的，会有那么小的胃口么？哼，别忘了，如今的荼荼可不是以前了，相信他。”\r\n\n    张荼和边关月相视一笑，同时开门下车。\r\n\n    看着不远处横七竖八的木头栅栏，明显的人为迹象，这段路并非是唯一的路，不过这一段却是还维持着昔日的公路，开起来比较舒服，可也正是如此，有人便利用此地来做了些文章。\r\n\n    果不其然，随着张荼和边关月的下车，周围的树木背后，也稀稀疏疏出来十多个身影，高矮胖瘦全都有，哦，还有一个光明顶。\r\n\n    手中拿的东西更是五花八门，那什么的都用，甚至是拿着一个大号扳手就出来了。\r\n\n    “现在……质量都这么差了么？”边关月厌恶地看着眼前的十几人，尤其是还有几个堪比孕妇的大肚子，满脸的嫌弃。\r\n\n    “哥几个，啥意思啊？”张荼扬声说道。', '--json']' timed out after 120 seconds
   ⚠️ Translation failed or still Chinese, skipped

📖 [976/1372] 开局一座城/ch-0014.json
   Title: 14章：难以割舍的血脉
  ⚠️ API error (attempt 1): Command '['openclaw', 'infer', 'model', 'run', '--model', 'qclaw/pool-deepseek-v4-pro', '--prompt', 'Translate this Chinese chapter title to English. Return ONLY the English title, no quotes, no explanation, no other text:\n\n14章：难以割舍的血脉', '--json']' timed out after 120 seconds
  ⚠️ API error (attempt 2): Command '['openclaw', 'infer', 'model', 'run', '--model', 'qclaw/pool-deepseek-v4-pro', '--prompt', 'Translate this Chinese chapter title to English. Return ONLY the English title, no quotes, no explanation, no other text:\n\n14章：难以割舍的血脉', '--json']' timed out after 120 seconds
  ⚠️ API error (attempt 1): Command '['openclaw', 'infer', 'model', 'run', '--model', 'qclaw/pool-deepseek-v4-pro', '--prompt', 'Translate the following Chinese novel chapter content to English. Return ONLY the translation, no explanation, no notes, no Chinese text:\n\n经历了劫道之后，张父张母的睡意也是消散许多，而张荼只是静默的擦拭着手上的血迹，将长枪还给了边关月后，搬开路障，一行四人再次起航。\r\n\n    车内的气息有着些许的压抑，阳光透过树木枝丫的缝隙洒落下来，斑斑点点的照进了车中，光明，让张荼不禁为之眯眼。\r\n\n    这个世道，真的是他想要的么？\r\n\n    边关月喟叹一声后，说道：“你要知道，如我们这般的，绝对不在少数，每个人都有牵挂，而第一时间奔赴回家的也绝不少数，你若是不除恶务尽，只会导致更多的人……”\r\n\n    张荼轻轻拍拍方向盘，说道：“你说的我都知道，那些人……该死！我只是在想，仅仅一夜的变化，为什么有的人便会如此？当真是人性本恶么？”\r\n\n    “人之初，本就没有善恶，但是每个人都是阴阳两面，一如天地一般。当世间定义出善恶之后，也为人的两面打上了标签，一如你，也是如此……”边关月促狭的说道：“你心里也不是有许多不为人知的黑暗小乐趣么？”\r\n\n    “喂喂喂！”张荼再次拍了拍方向盘，说道：“哪能一样么？我那就是一些恶作剧，他们呢？他们做的那叫做人事儿么？”\r\n\n    边关月眯眼看着刚刚探出头的太阳，以及道路旁的郁郁葱葱，满是沧桑的说道：“对啊，你哪怕是恶作剧，也会在内心的道德和规范的约束下进行，而如今，可不就是秩序崩碎的开始，当人内心的魔鬼失去了枷锁，究竟会做出什么，谁也无法预料。”\r\n\n    “你有没有注意他们的眼神？”\r\n\n    张荼声音带着些许疑惑：“眼神？”\r\n\n    “对啊，眼神，他们的眼睛里，看不到希望的。”边关月声音出奇的冷清和抽离，就不似人间客一般：“他们眼睛中透露着迷茫、惶恐和绝望。”\r\n\n    他们或许原本也是老实巴交的汉子，有的人哪怕有些小聪明，也会在秩序和道德的约束下，畏畏缩缩，可是如今，一切丧失监管之后，他们当真还能束缚住内心的猛虎么？\r\n\n    不是所有人都有着优秀的自控力和向善之心，没有纯粹的好与恶，罪大恶极的凶徒也会有着温柔的一面，而温文儒雅的君子也有着难以示人的一面。\r\n\n    边关月看着眉头蹙起的张荼，心中不禁莞尔，别看他有时候老谋深算，又是腹黑又是怎么，可是骨子里啊，还是一个有点单纯的孩子。\r\n\n    不过是在这物欲横流的世界中，慢慢学会了一些自保的手段罢了。\r\n\n    只是这种人，又好像很难适应这个社会，毕竟你无法做到锐意进取，就已经意味着失败，意味着你在退步，原本的时代，或许真的不适合他把。\r\n\n    可同时这种人，你又会很放心。\r\n\n    你永远不用担心，他会无缘无故的背叛你。\r\n\n    一路无言，每个人都在思忖着下一步该如何行动，而随着越来越熟悉的一草一木，张荼知道，他们的目的地快到了。\r\n\n    “刺啦！”\r\n\n    原本放飞自我的钢铁猛兽，再一次猛然停住身形，不过这一次，张荼却是径直向着边关月伸手，说了句：“拿来。”\r\n\n    边关月嘴角微微的抽搐了一下，张荼沛然的杀意，他自是可以感受，可是他一时间有些担心，太多的杀戮会不会不好。', '--json']' timed out after 120 seconds
  ⚠️ API error (attempt 2): Command '['openclaw', 'infer', 'model', 'run', '--model', 'qclaw/pool-deepseek-v4-pro', '--prompt', 'Translate the following Chinese novel chapter content to English. Return ONLY the translation, no explanation, no notes, no Chinese text:\n\n经历了劫道之后，张父张母的睡意也是消散许多，而张荼只是静默的擦拭着手上的血迹，将长枪还给了边关月后，搬开路障，一行四人再次起航。\r\n\n    车内的气息有着些许的压抑，阳光透过树木枝丫的缝隙洒落下来，斑斑点点的照进了车中，光明，让张荼不禁为之眯眼。\r\n\n    这个世道，真的是他想要的么？\r\n\n    边关月喟叹一声后，说道：“你要知道，如我们这般的，绝对不在少数，每个人都有牵挂，而第一时间奔赴回家的也绝不少数，你若是不除恶务尽，只会导致更多的人……”\r\n\n    张荼轻轻拍拍方向盘，说道：“你说的我都知道，那些人……该死！我只是在想，仅仅一夜的变化，为什么有的人便会如此？当真是人性本恶么？”\r\n\n    “人之初，本就没有善恶，但是每个人都是阴阳两面，一如天地一般。当世间定义出善恶之后，也为人的两面打上了标签，一如你，也是如此……”边关月促狭的说道：“你心里也不是有许多不为人知的黑暗小乐趣么？”\r\n\n    “喂喂喂！”张荼再次拍了拍方向盘，说道：“哪能一样么？我那就是一些恶作剧，他们呢？他们做的那叫做人事儿么？”\r\n\n    边关月眯眼看着刚刚探出头的太阳，以及道路旁的郁郁葱葱，满是沧桑的说道：“对啊，你哪怕是恶作剧，也会在内心的道德和规范的约束下进行，而如今，可不就是秩序崩碎的开始，当人内心的魔鬼失去了枷锁，究竟会做出什么，谁也无法预料。”\r\n\n    “你有没有注意他们的眼神？”\r\n\n    张荼声音带着些许疑惑：“眼神？”\r\n\n    “对啊，眼神，他们的眼睛里，看不到希望的。”边关月声音出奇的冷清和抽离，就不似人间客一般：“他们眼睛中透露着迷茫、惶恐和绝望。”\r\n\n    他们或许原本也是老实巴交的汉子，有的人哪怕有些小聪明，也会在秩序和道德的约束下，畏畏缩缩，可是如今，一切丧失监管之后，他们当真还能束缚住内心的猛虎么？\r\n\n    不是所有人都有着优秀的自控力和向善之心，没有纯粹的好与恶，罪大恶极的凶徒也会有着温柔的一面，而温文儒雅的君子也有着难以示人的一面。\r\n\n    边关月看着眉头蹙起的张荼，心中不禁莞尔，别看他有时候老谋深算，又是腹黑又是怎么，可是骨子里啊，还是一个有点单纯的孩子。\r\n\n    不过是在这物欲横流的世界中，慢慢学会了一些自保的手段罢了。\r\n\n    只是这种人，又好像很难适应这个社会，毕竟你无法做到锐意进取，就已经意味着失败，意味着你在退步，原本的时代，或许真的不适合他把。\r\n\n    可同时这种人，你又会很放心。\r\n\n    你永远不用担心，他会无缘无故的背叛你。\r\n\n    一路无言，每个人都在思忖着下一步该如何行动，而随着越来越熟悉的一草一木，张荼知道，他们的目的地快到了。\r\n\n    “刺啦！”\r\n\n    原本放飞自我的钢铁猛兽，再一次猛然停住身形，不过这一次，张荼却是径直向着边关月伸手，说了句：“拿来。”\r\n\n    边关月嘴角微微的抽搐了一下，张荼沛然的杀意，他自是可以感受，可是他一时间有些担心，太多的杀戮会不会不好。', '--json']' timed out after 120 seconds
   ⚠️ Translation failed or still Chinese, skipped

📖 [977/1372] 开局一座城/ch-0015.json
   Title: 15章：拦拿扎神威断魂
  ⚠️ API error (attempt 1): Command '['openclaw', 'infer', 'model', 'run', '--model', 'qclaw/pool-deepseek-v4-pro', '--prompt', 'Translate this Chinese chapter title to English. Return ONLY the English title, no quotes, no explanation, no other text:\n\n15章：拦拿扎神威断魂', '--json']' timed out after 120 seconds
  ⚠️ API error (attempt 2): Command '['openclaw', 'infer', 'model', 'run', '--model', 'qclaw/pool-deepseek-v4-pro', '--prompt', 'Translate this Chinese chapter title to English. Return ONLY the English title, no quotes, no explanation, no other text:\n\n15章：拦拿扎神威断魂', '--json']' timed out after 120 seconds
  ⚠️ API error (attempt 1): Command '['openclaw', 'infer', 'model', 'run', '--model', 'qclaw/pool-deepseek-v4-pro', '--prompt', 'Translate the following Chinese novel chapter content to English. Return ONLY the translation, no explanation, no notes, no Chinese text:\n\n熟悉的房梁，那是儿时的岁月时光，已经模糊的记忆，在月光下慢慢变得清晰了起来。\r\n\n    不大的房间里，是自己孩童时期全部的天地，那时候，总是觉得外面的世界无限的广袤，又觉得世界就是那么的小，小到自己可以闭着眼摸索所有地方。\r\n\n    后来，长大了，又觉得世界变得渺小起来，工作奔波与祖国各地，可是自己就像是一个飘零过客一般，匆匆而去，匆匆而回。\r\n\n    世界很大，大到一个人错过后，这辈子都不会再见到。\r\n\n    世界很小，小到最后你会发现，只有自己的家才是自己真正的归属之地。\r\n\n    这两天发生了很多，无不在挑战着自己的神经，大喜大悲之下，张荼只觉得自己有些心力交瘁。\r\n\n    情感，突变，责任，意义。\r\n\n    我们一生都是为了什么？\r\n\n    张荼感觉到一阵的迷茫，只觉得眼皮不断的互相拥抱，整个脑壳都昏昏沉沉的，只想睡去，可是又如何能睡去呢？\r\n\n    大变已经来临，下一步该怎么做，家庭，家族，张荼觉得自己有义务扛起来。\r\n\n    “边关月？”张荼小声的问道：“你睡了么？”\r\n\n    “没有。”没有丝毫的感情，就像是一个旁观之人。\r\n\n    张荼一时间对于边关月的声音所蕴含的感情多少有些不适应，但仍是平静的说道：“那个小院子，可以迁到这里来么？”\r\n\n    “为什么？”\r\n\n    “我只是觉得，这里可能更像是我的家，都说落叶归根，血浓于水。我以前不懂，可是这次回来之后，寰哥的态度，真的让我觉得，这里就是我的根，这里也是我的家，我总要为他们负责。”\r\n\n    “你要知道，重情重义重感情，没有太多的好下场，你会很累的。”边关月说道，声音平静，不带一丝丝的情感：“你要想清楚，有些责任一旦扛起，可能就是甩之不掉的包袱和累赘。”\r\n\n    “可我也不能不管他们啊。”张荼的目光透过窗纱看到外面的昏暗景色，静谧又让人安心，没有城市里的浮躁和喧闹，反而一时间觉得心安无比。\r\n\n    “你确定？”\r\n\n    幽幽的声音，像是仙人的质问，又似是来自九幽的诱惑。\r\n\n    “确定！”\r\n\n    张荼的声音斩钉截铁，没有丝丝的犹豫，或许自己跳起来的是一个千斤担，可苟富贵，勿相忘，一个好汉四个帮。\r\n\n    孤零零的一个人，他不觉得有什么好的。\r\n\n    “唔，希望你真的想好了。”边关月率先起身，说道：“随我来。”\r\n\n    张荼微微一愣，嗯，你丫的睡觉不脱衣服的？\r\n\n    看着悄然出门的边关月，张荼手忙脚乱的将衣服套上后，便是静悄悄的跟随在边关月的身后，一起出了门。\r\n\n    “王城已经落地，想要再次迁移本就很困难，不过也幸好，当初落地后，你便是急躁的离去，我也没有跟你细说。”\r\n\n    月光下的边关月，此时此刻，不知道是错觉还是怎么，张荼觉得他的发丝都在发着光。\r\n\n    “现在我有一个办法，以妖族之血为祭，强行将王城迁移过来，这是目前一个可行的办法，就看你能不能做到了。”', '--json']' timed out after 120 seconds
  ⚠️ API error (attempt 2): Command '['openclaw', 'infer', 'model', 'run', '--model', 'qclaw/pool-deepseek-v4-pro', '--prompt', 'Translate the following Chinese novel chapter content to English. Return ONLY the translation, no explanation, no notes, no Chinese text:\n\n熟悉的房梁，那是儿时的岁月时光，已经模糊的记忆，在月光下慢慢变得清晰了起来。\r\n\n    不大的房间里，是自己孩童时期全部的天地，那时候，总是觉得外面的世界无限的广袤，又觉得世界就是那么的小，小到自己可以闭着眼摸索所有地方。\r\n\n    后来，长大了，又觉得世界变得渺小起来，工作奔波与祖国各地，可是自己就像是一个飘零过客一般，匆匆而去，匆匆而回。\r\n\n    世界很大，大到一个人错过后，这辈子都不会再见到。\r\n\n    世界很小，小到最后你会发现，只有自己的家才是自己真正的归属之地。\r\n\n    这两天发生了很多，无不在挑战着自己的神经，大喜大悲之下，张荼只觉得自己有些心力交瘁。\r\n\n    情感，突变，责任，意义。\r\n\n    我们一生都是为了什么？\r\n\n    张荼感觉到一阵的迷茫，只觉得眼皮不断的互相拥抱，整个脑壳都昏昏沉沉的，只想睡去，可是又如何能睡去呢？\r\n\n    大变已经来临，下一步该怎么做，家庭，家族，张荼觉得自己有义务扛起来。\r\n\n    “边关月？”张荼小声的问道：“你睡了么？”\r\n\n    “没有。”没有丝毫的感情，就像是一个旁观之人。\r\n\n    张荼一时间对于边关月的声音所蕴含的感情多少有些不适应，但仍是平静的说道：“那个小院子，可以迁到这里来么？”\r\n\n    “为什么？”\r\n\n    “我只是觉得，这里可能更像是我的家，都说落叶归根，血浓于水。我以前不懂，可是这次回来之后，寰哥的态度，真的让我觉得，这里就是我的根，这里也是我的家，我总要为他们负责。”\r\n\n    “你要知道，重情重义重感情，没有太多的好下场，你会很累的。”边关月说道，声音平静，不带一丝丝的情感：“你要想清楚，有些责任一旦扛起，可能就是甩之不掉的包袱和累赘。”\r\n\n    “可我也不能不管他们啊。”张荼的目光透过窗纱看到外面的昏暗景色，静谧又让人安心，没有城市里的浮躁和喧闹，反而一时间觉得心安无比。\r\n\n    “你确定？”\r\n\n    幽幽的声音，像是仙人的质问，又似是来自九幽的诱惑。\r\n\n    “确定！”\r\n\n    张荼的声音斩钉截铁，没有丝丝的犹豫，或许自己跳起来的是一个千斤担，可苟富贵，勿相忘，一个好汉四个帮。\r\n\n    孤零零的一个人，他不觉得有什么好的。\r\n\n    “唔，希望你真的想好了。”边关月率先起身，说道：“随我来。”\r\n\n    张荼微微一愣，嗯，你丫的睡觉不脱衣服的？\r\n\n    看着悄然出门的边关月，张荼手忙脚乱的将衣服套上后，便是静悄悄的跟随在边关月的身后，一起出了门。\r\n\n    “王城已经落地，想要再次迁移本就很困难，不过也幸好，当初落地后，你便是急躁的离去，我也没有跟你细说。”\r\n\n    月光下的边关月，此时此刻，不知道是错觉还是怎么，张荼觉得他的发丝都在发着光。\r\n\n    “现在我有一个办法，以妖族之血为祭，强行将王城迁移过来，这是目前一个可行的办法，就看你能不能做到了。”', '--json']' timed out after 120 seconds
   ⚠️ Translation failed or still Chinese, skipped

📖 [978/1372] 开局一座城/ch-0016.json
   Title: 16章：梅花傲雪香奇绝
  ⚠️ API error (attempt 1): Command '['openclaw', 'infer', 'model', 'run', '--model', 'qclaw/pool-deepseek-v4-pro', '--prompt', 'Translate this Chinese chapter title to English. Return ONLY the English title, no quotes, no explanation, no other text:\n\n16章：梅花傲雪香奇绝', '--json']' timed out after 120 seconds
  ⚠️ API error (attempt 2): Command '['openclaw', 'infer', 'model', 'run', '--model', 'qclaw/pool-deepseek-v4-pro', '--prompt', 'Translate this Chinese chapter title to English. Return ONLY the English title, no quotes, no explanation, no other text:\n\n16章：梅花傲雪香奇绝', '--json']' timed out after 120 seconds
  ⚠️ API error (attempt 1): Command '['openclaw', 'infer', 'model', 'run', '--model', 'qclaw/pool-deepseek-v4-pro', '--prompt', 'Translate the following Chinese novel chapter content to English. Return ONLY the translation, no explanation, no notes, no Chinese text:\n\n手中长枪嗡鸣不止，似是再也难以忍受着张荼的懦弱。\r\n\n    “吼！”\r\n\n    野猪一次次地徒劳无功，感受着自己的生命力在伤口处不断的流逝，那柄诡异的长枪，似是蕴含着奇异的力量，如同附骨之疽一般，难以祛除，无法自愈的同时又源源不断地吞噬着自己的生命力。\r\n\n    一声绝望的低吼，似是宣战又像是对自己宿命的不甘。\r\n\n    “躲避解决不了任何问题，一如眼前。”\r\n\n    “你若是无法正视自己的内心，你如何挑得起那千斤重担？”\r\n\n    “世上没有万全法，所有的一切，都是如同走钢丝一般，你永远无法预料下一秒会发生什么。”\r\n\n    “所以，你需要足够强。”\r\n\n    边关月不疾不徐的声音在远处遥遥传来，没有一丝的不耐和失望，只是心平气和地在跟张荼剖析着厉害。\r\n\n    可正是这不咸不淡的言语，张荼听明白了，在这乱世之中，这些言语的背后，注定了会是血淋淋的现实。\r\n\n    野猪，真的有伤害到自己的亲人么？\r\n\n    貌似没有，可是为什么要斩尽杀绝？\r\n\n    威胁么？\r\n\n    张荼明白边关月的良苦用心，想起昔日面对夷水变异鲶鱼之时，自己也是唯唯诺诺，不求有功但求无过的心态，终究是不适应如今的时代。\r\n\n    再一次用力地握住手中宛若妖孽的长枪。\r\n\n    一瞬间，张荼感觉自己的世界径直炸开，白茫茫的一片，入目而来的一切，是飘然而落的白色光芒。\r\n\n    似雪落，像梅开，漫山遍野，铺天盖地。\r\n\n    恍惚间似是看到一个皎洁的身影，手中持着一柄黝黑的长枪，在天地间独舞。\r\n\n    “当！”\r\n\n    一声清脆的碰击声，张荼手中长枪福灵心至的砸落在了野猪拱过来的獠牙上，长枪发生弯曲，但是野猪的獠牙之上却是遍布裂纹。\r\n\n    土黄色的眸子之上噙满了鲜血，一人一兽四目相对。\r\n\n    野猪的眸子之中充满了绝望和无奈，人性化的瞳孔让张荼心中为之一颤，同时面上一如既往的冰冷，没有丝毫的情绪。\r\n\n    相思似是感受到张荼心中的接纳和战意，显得更加的通灵，一招一式更像是相思长枪的自由发挥，而并非是张荼的施展。\r\n\n    恍惚间，张荼感觉自己又像是回到玩游戏一般，按下特定的按键，就可以释放相对应的技能，而自己，只需要把握住时机。\r\n\n    离奇的抽离感让他心中更为宁静。\r\n\n    一时间，他有个想法，那似是被人烙印在灵魂之上的一枪，他想施展开来。\r\n\n    那铺天盖地的花开雪落，每一点又都是凝聚至极的枪芒，却又但这浓郁的眷恋，对世界的眷恋，对特定人的眷恋，因为不舍，故无敌。\r\n\n    这一瞬间，边关月似是还沉浸在天地的一点红，一点绿，一点黄那五彩的图画时，一场茫茫大雪从天空飘然而落，让这五彩斑斓的世界充满了神奇变幻的色彩。\r\n\n    “长相思兮长相忆，短相思兮无穷极。道是有情却无情的第一枪，相思。”\r\n\n    “你是他，还是不是他。”', '--json']' timed out after 120 seconds
  ⚠️ API error (attempt 2): Command '['openclaw', 'infer', 'model', 'run', '--model', 'qclaw/pool-deepseek-v4-pro', '--prompt', 'Translate the following Chinese novel chapter content to English. Return ONLY the translation, no explanation, no notes, no Chinese text:\n\n手中长枪嗡鸣不止，似是再也难以忍受着张荼的懦弱。\r\n\n    “吼！”\r\n\n    野猪一次次地徒劳无功，感受着自己的生命力在伤口处不断的流逝，那柄诡异的长枪，似是蕴含着奇异的力量，如同附骨之疽一般，难以祛除，无法自愈的同时又源源不断地吞噬着自己的生命力。\r\n\n    一声绝望的低吼，似是宣战又像是对自己宿命的不甘。\r\n\n    “躲避解决不了任何问题，一如眼前。”\r\n\n    “你若是无法正视自己的内心，你如何挑得起那千斤重担？”\r\n\n    “世上没有万全法，所有的一切，都是如同走钢丝一般，你永远无法预料下一秒会发生什么。”\r\n\n    “所以，你需要足够强。”\r\n\n    边关月不疾不徐的声音在远处遥遥传来，没有一丝的不耐和失望，只是心平气和地在跟张荼剖析着厉害。\r\n\n    可正是这不咸不淡的言语，张荼听明白了，在这乱世之中，这些言语的背后，注定了会是血淋淋的现实。\r\n\n    野猪，真的有伤害到自己的亲人么？\r\n\n    貌似没有，可是为什么要斩尽杀绝？\r\n\n    威胁么？\r\n\n    张荼明白边关月的良苦用心，想起昔日面对夷水变异鲶鱼之时，自己也是唯唯诺诺，不求有功但求无过的心态，终究是不适应如今的时代。\r\n\n    再一次用力地握住手中宛若妖孽的长枪。\r\n\n    一瞬间，张荼感觉自己的世界径直炸开，白茫茫的一片，入目而来的一切，是飘然而落的白色光芒。\r\n\n    似雪落，像梅开，漫山遍野，铺天盖地。\r\n\n    恍惚间似是看到一个皎洁的身影，手中持着一柄黝黑的长枪，在天地间独舞。\r\n\n    “当！”\r\n\n    一声清脆的碰击声，张荼手中长枪福灵心至的砸落在了野猪拱过来的獠牙上，长枪发生弯曲，但是野猪的獠牙之上却是遍布裂纹。\r\n\n    土黄色的眸子之上噙满了鲜血，一人一兽四目相对。\r\n\n    野猪的眸子之中充满了绝望和无奈，人性化的瞳孔让张荼心中为之一颤，同时面上一如既往的冰冷，没有丝毫的情绪。\r\n\n    相思似是感受到张荼心中的接纳和战意，显得更加的通灵，一招一式更像是相思长枪的自由发挥，而并非是张荼的施展。\r\n\n    恍惚间，张荼感觉自己又像是回到玩游戏一般，按下特定的按键，就可以释放相对应的技能，而自己，只需要把握住时机。\r\n\n    离奇的抽离感让他心中更为宁静。\r\n\n    一时间，他有个想法，那似是被人烙印在灵魂之上的一枪，他想施展开来。\r\n\n    那铺天盖地的花开雪落，每一点又都是凝聚至极的枪芒，却又但这浓郁的眷恋，对世界的眷恋，对特定人的眷恋，因为不舍，故无敌。\r\n\n    这一瞬间，边关月似是还沉浸在天地的一点红，一点绿，一点黄那五彩的图画时，一场茫茫大雪从天空飘然而落，让这五彩斑斓的世界充满了神奇变幻的色彩。\r\n\n    “长相思兮长相忆，短相思兮无穷极。道是有情却无情的第一枪，相思。”\r\n\n    “你是他，还是不是他。”', '--json']' timed out after 120 seconds
   ⚠️ Translation failed or still Chinese, skipped

📖 [979/1372] 开局一座城/ch-0017.json
   Title: 17章：神威断魂一十三
  ⚠️ API error (attempt 1): Command '['openclaw', 'infer', 'model', 'run', '--model', 'qclaw/pool-deepseek-v4-pro', '--prompt', 'Translate this Chinese chapter title to English. Return ONLY the English title, no quotes, no explanation, no other text:\n\n17章：神威断魂一十三', '--json']' timed out after 120 seconds
  ⚠️ API error (attempt 2): Command '['openclaw', 'infer', 'model', 'run', '--model', 'qclaw/pool-deepseek-v4-pro', '--prompt', 'Translate this Chinese chapter title to English. Return ONLY the English title, no quotes, no explanation, no other text:\n\n17章：神威断魂一十三', '--json']' timed out after 120 seconds
  ⚠️ API error (attempt 1): Command '['openclaw', 'infer', 'model', 'run', '--model', 'qclaw/pool-deepseek-v4-pro', '--prompt', 'Translate the following Chinese novel chapter content to English. Return ONLY the translation, no explanation, no notes, no Chinese text:\n\n迷离的星光，在淡淡的云烟中隐约闪现。院落中的话题渐渐地发生了不可控的变化，在一群小辈的抓耳挠腮之中，话题从张荼的能力逐渐转移到了男大当婚女大当嫁的话题之上。\r\n\n    傅缃叶深有同感的不断点头附和着。\r\n\n    张顺圣发了一圈烟后，点着闷着抽了一口，无奈地说道：“儿大不由爷，荼都被他娘惯坏了，我说啥，开心了就听，不开心了就当没听到。”\r\n\n    “哪有你这么说自己家孩子的，小荼一直都很孝顺听话，肯定是你态度不好。”\r\n\n    一个看不清容貌的大娘插话道，不过目光中闪现着村里人特有的智慧：“你实话实说，小荼到底有没有意中人。”\r\n\n    傅缃叶犹豫了下，还是说道：“应该是有，也许没有，他的心事向来藏得很深，不过不管有没有，希望都应该不大了。”\r\n\n    从张荼出去之后，再到身边跟随着一个神秘的边关月，傅缃叶就知道，云裳那边，这二人怕是应该发生了什么矛盾。\r\n\n    刘金玉她是知道的，云裳来家里时曾经说过，就在隔壁的小区，这个傻孩子怕是兜了一圈发现，云裳应该便是在河这边。\r\n\n    一切都如傅缃叶预料的一般，果然知子莫若母。\r\n\n    听到傅缃叶的话语之后，那大娘一拍大腿，声调高了一分，但是紧接着连忙压低了声音：“得！这不就结了么？能让如今小荼荼犹豫不决的，可不就是有主了吗？像咱家小荼这样心高气傲的主，怎么回去主动缠着那些有主的。”\r\n\n    “可不能耗着啊，我说荼荼妈，这样是按照荼的意思干耗着，又要好多年哩。”一旁的另外一个大娘，以一副过来人的话语说道：“隔壁庄上有一个就是这样，命里没有，就是差那么多缘分，这不一直耽误到了四十多岁，也没有个暖被窝的，别说多可怜了。”\r\n\n    傅缃叶看着街坊邻居热情的模样，总感觉哪里不对，但是又觉得哪里都对。\r\n\n    看到傅缃叶犹豫的模样，第一个大娘笑了一声，说道：“不说别的，咱周围不是有几个庄子尽出美女么？虽然学识和见识比不上人城里的大家闺秀，可要是论知冷暖，伺候人，那些大小姐又哪里比得上啊。”\r\n\n    不知道是感慨还是什么，大娘的声音略微有些低沉，说不出的韵味：“毕竟，小地方的更有眼力劲儿……”\r\n\n    张顺圣一听，觉得说得对，试探着说道：“缃叶，要不……就听两位嫂子的？先给荼荼把把关，回头真有不错的再给荼荼介绍介绍，这知根知底的，也放心不是？就那小子的懒散模样，要不是一个会伺候人的，我还真不放心。”\r\n\n    傅缃叶心里还想着云裳的模样，以及这两年逢年过节就会发来问候视频的小妮子，虽然从未见过面，但是问候礼品和关心可是一样都没有少。\r\n\n    但是想想也有道理，城里的姑娘虽好，可是那里比得上农家的姑娘勤快和会伺候人呢？\r\n\n    傅缃叶咬咬牙说道：“这么耗下去也不是办法，就这么地吧，麻烦两位嫂子多给留意着，有好姑娘咱先见见，对吧。”\r\n\n    “好说，好说。”\r\n\n    门外的边关月听着话题的转变，不禁有些忍俊不禁，强忍着笑意，拖着一条后腿就走进了院子，看到那快赶上大门宽的后腿，众人不禁为之震撼。\r\n\n    这，这就是张荼独立斩杀出没在庄子周围的野猪么？\r\n\n    “好大啊！”\r\n\n    “这野猪……好生勇悍的荼小子啊。”\r\n\n    张顺圣看着脸不红气不喘的边关月，眼睛微微耷拉着，心里却是对于这不显山不露水的边关月有了一个大致的衡量，好家伙，好大的力气。\r\n\n    尤其是当他注意到边关月的脚步，哪怕是踩在了松软的泥地上，也没有丝毫的脚印留下，心中不由自主地猜测，张荼的造化，是不是就与边关月有关呢？', '--json']' timed out after 120 seconds
  ⚠️ API error (attempt 2): Command '['openclaw', 'infer', 'model', 'run', '--model', 'qclaw/pool-deepseek-v4-pro', '--prompt', 'Translate the following Chinese novel chapter content to English. Return ONLY the translation, no explanation, no notes, no Chinese text:\n\n迷离的星光，在淡淡的云烟中隐约闪现。院落中的话题渐渐地发生了不可控的变化，在一群小辈的抓耳挠腮之中，话题从张荼的能力逐渐转移到了男大当婚女大当嫁的话题之上。\r\n\n    傅缃叶深有同感的不断点头附和着。\r\n\n    张顺圣发了一圈烟后，点着闷着抽了一口，无奈地说道：“儿大不由爷，荼都被他娘惯坏了，我说啥，开心了就听，不开心了就当没听到。”\r\n\n    “哪有你这么说自己家孩子的，小荼一直都很孝顺听话，肯定是你态度不好。”\r\n\n    一个看不清容貌的大娘插话道，不过目光中闪现着村里人特有的智慧：“你实话实说，小荼到底有没有意中人。”\r\n\n    傅缃叶犹豫了下，还是说道：“应该是有，也许没有，他的心事向来藏得很深，不过不管有没有，希望都应该不大了。”\r\n\n    从张荼出去之后，再到身边跟随着一个神秘的边关月，傅缃叶就知道，云裳那边，这二人怕是应该发生了什么矛盾。\r\n\n    刘金玉她是知道的，云裳来家里时曾经说过，就在隔壁的小区，这个傻孩子怕是兜了一圈发现，云裳应该便是在河这边。\r\n\n    一切都如傅缃叶预料的一般，果然知子莫若母。\r\n\n    听到傅缃叶的话语之后，那大娘一拍大腿，声调高了一分，但是紧接着连忙压低了声音：“得！这不就结了么？能让如今小荼荼犹豫不决的，可不就是有主了吗？像咱家小荼这样心高气傲的主，怎么回去主动缠着那些有主的。”\r\n\n    “可不能耗着啊，我说荼荼妈，这样是按照荼的意思干耗着，又要好多年哩。”一旁的另外一个大娘，以一副过来人的话语说道：“隔壁庄上有一个就是这样，命里没有，就是差那么多缘分，这不一直耽误到了四十多岁，也没有个暖被窝的，别说多可怜了。”\r\n\n    傅缃叶看着街坊邻居热情的模样，总感觉哪里不对，但是又觉得哪里都对。\r\n\n    看到傅缃叶犹豫的模样，第一个大娘笑了一声，说道：“不说别的，咱周围不是有几个庄子尽出美女么？虽然学识和见识比不上人城里的大家闺秀，可要是论知冷暖，伺候人，那些大小姐又哪里比得上啊。”\r\n\n    不知道是感慨还是什么，大娘的声音略微有些低沉，说不出的韵味：“毕竟，小地方的更有眼力劲儿……”\r\n\n    张顺圣一听，觉得说得对，试探着说道：“缃叶，要不……就听两位嫂子的？先给荼荼把把关，回头真有不错的再给荼荼介绍介绍，这知根知底的，也放心不是？就那小子的懒散模样，要不是一个会伺候人的，我还真不放心。”\r\n\n    傅缃叶心里还想着云裳的模样，以及这两年逢年过节就会发来问候视频的小妮子，虽然从未见过面，但是问候礼品和关心可是一样都没有少。\r\n\n    但是想想也有道理，城里的姑娘虽好，可是那里比得上农家的姑娘勤快和会伺候人呢？\r\n\n    傅缃叶咬咬牙说道：“这么耗下去也不是办法，就这么地吧，麻烦两位嫂子多给留意着，有好姑娘咱先见见，对吧。”\r\n\n    “好说，好说。”\r\n\n    门外的边关月听着话题的转变，不禁有些忍俊不禁，强忍着笑意，拖着一条后腿就走进了院子，看到那快赶上大门宽的后腿，众人不禁为之震撼。\r\n\n    这，这就是张荼独立斩杀出没在庄子周围的野猪么？\r\n\n    “好大啊！”\r\n\n    “这野猪……好生勇悍的荼小子啊。”\r\n\n    张顺圣看着脸不红气不喘的边关月，眼睛微微耷拉着，心里却是对于这不显山不露水的边关月有了一个大致的衡量，好家伙，好大的力气。\r\n\n    尤其是当他注意到边关月的脚步，哪怕是踩在了松软的泥地上，也没有丝毫的脚印留下，心中不由自主地猜测，张荼的造化，是不是就与边关月有关呢？', '--json']' timed out after 120 seconds
   ⚠️ Translation failed or still Chinese, skipped

📖 [980/1372] 开局一座城/ch-0018.json
   Title: 19章：通告下的桃花源
  ⚠️ API error (attempt 1): Command '['openclaw', 'infer', 'model', 'run', '--model', 'qclaw/pool-deepseek-v4-pro', '--prompt', 'Translate this Chinese chapter title to English. Return ONLY the English title, no quotes, no explanation, no other text:\n\n19章：通告下的桃花源', '--json']' timed out after 120 seconds
  ⚠️ API error (attempt 2): Command '['openclaw', 'infer', 'model', 'run', '--model', 'qclaw/pool-deepseek-v4-pro', '--prompt', 'Translate this Chinese chapter title to English. Return ONLY the English title, no quotes, no explanation, no other text:\n\n19章：通告下的桃花源', '--json']' timed out after 120 seconds
  ⚠️ API error (attempt 1): Command '['openclaw', 'infer', 'model', 'run', '--model', 'qclaw/pool-deepseek-v4-pro', '--prompt', 'Translate the following Chinese novel chapter content to English. Return ONLY the translation, no explanation, no notes, no Chinese text:\n\n农家的清晨比起城市的钢铁丛林，要来的舒适很多，没有快节奏的压抑，一切都慢了起来。\r\n\n    想起以前，纵使是生活在绿化十分到位的区域，也是从未有时间驻步，唯有离开之时，才细细的看了看那生活了五年的城市，熟悉又陌生的城市。\r\n\n    活着，是为了什么？\r\n\n    张荼曾经也问过自己。\r\n\n    上学时，觉得活着就是单纯的为了长大，为了以后能够去更宽广的天地，自由的翱翔。等到了大学时候，又发现，活着又像是为了创造，在这片世界，留下一笔属于自己的印记。\r\n\n    后来，工作了，才蓦然发现，原来活着，是为了体验，即便是最黑暗的时候，张荼也不过觉得活着是为了衬托别人过得是有多好，也从未想过，活着，不过是为了等死。\r\n\n    死亡，是唯一的终点，但是过程，你有着无限选择权，你脚下走的每一步，做的每一个选择，在未来的日子里，这个可爱又可恨的世界，都会给予你最直接的回馈。\r\n\n    你现在过得每一天，都是以前的岁月，最直接的答复。\r\n\n    一直到一勺子怼到了脸蛋上，将米粥散了一桌，感受着脸蛋上的炙热，这才反应过来，自己走神之下，滚烫的米粥已经跟自己来了一个亲密接触。\r\n\n    傅缃叶嗔怪的收拾着桌子上的乱局，张顺圣看着迷糊的张荼无奈的道：“吃饭就好好吃饭，有啥想不明白的就说！”\r\n\n    边关月果不其然的笑的异常开心。\r\n\n    而就在这时候，一阵阵电流的刺啦声响彻了相对寂静的清晨，甚至一瞬间，那炊烟都随着电流声音而摇曳了起来。\r\n\n    村头的大喇叭里面传来阵阵的电流声，一时间，所有人都停下了手中的动作，张荼在听到电流声的一瞬间，整个人连思绪都停止了，所有人都默不作声的，静默起身，等待着后续的声音。\r\n\n    在这一刻，断断续续的电流声响彻整个九州大地，无数人，翘首以盼，等待着。\r\n\n    没有人知道是等待着什么。\r\n\n    但是他们知道，在齐国的心脏，会发出最符合齐国人民利益的指令，哪怕一时间无法理解，但是最后，蓦然回首间，最后的受益人依旧是齐国人民。\r\n\n    “这里是齐国第一电台。”\r\n\n    “这里是齐国第一电台。”\r\n\n    “这里是齐国第一电台。”\r\n\n    “现在向各省、各地区播报国家应急广播。”\r\n\n    “国家乃至全球已经遭受重大灾难，基础设施遭受沉重打击，部分国家机构已失去其原有能力。”', '--json']' timed out after 120 seconds
  ⚠️ API error (attempt 2): Command '['openclaw', 'infer', 'model', 'run', '--model', 'qclaw/pool-deepseek-v4-pro', '--prompt', 'Translate the following Chinese novel chapter content to English. Return ONLY the translation, no explanation, no notes, no Chinese text:\n\n农家的清晨比起城市的钢铁丛林，要来的舒适很多，没有快节奏的压抑，一切都慢了起来。\r\n\n    想起以前，纵使是生活在绿化十分到位的区域，也是从未有时间驻步，唯有离开之时，才细细的看了看那生活了五年的城市，熟悉又陌生的城市。\r\n\n    活着，是为了什么？\r\n\n    张荼曾经也问过自己。\r\n\n    上学时，觉得活着就是单纯的为了长大，为了以后能够去更宽广的天地，自由的翱翔。等到了大学时候，又发现，活着又像是为了创造，在这片世界，留下一笔属于自己的印记。\r\n\n    后来，工作了，才蓦然发现，原来活着，是为了体验，即便是最黑暗的时候，张荼也不过觉得活着是为了衬托别人过得是有多好，也从未想过，活着，不过是为了等死。\r\n\n    死亡，是唯一的终点，但是过程，你有着无限选择权，你脚下走的每一步，做的每一个选择，在未来的日子里，这个可爱又可恨的世界，都会给予你最直接的回馈。\r\n\n    你现在过得每一天，都是以前的岁月，最直接的答复。\r\n\n    一直到一勺子怼到了脸蛋上，将米粥散了一桌，感受着脸蛋上的炙热，这才反应过来，自己走神之下，滚烫的米粥已经跟自己来了一个亲密接触。\r\n\n    傅缃叶嗔怪的收拾着桌子上的乱局，张顺圣看着迷糊的张荼无奈的道：“吃饭就好好吃饭，有啥想不明白的就说！”\r\n\n    边关月果不其然的笑的异常开心。\r\n\n    而就在这时候，一阵阵电流的刺啦声响彻了相对寂静的清晨，甚至一瞬间，那炊烟都随着电流声音而摇曳了起来。\r\n\n    村头的大喇叭里面传来阵阵的电流声，一时间，所有人都停下了手中的动作，张荼在听到电流声的一瞬间，整个人连思绪都停止了，所有人都默不作声的，静默起身，等待着后续的声音。\r\n\n    在这一刻，断断续续的电流声响彻整个九州大地，无数人，翘首以盼，等待着。\r\n\n    没有人知道是等待着什么。\r\n\n    但是他们知道，在齐国的心脏，会发出最符合齐国人民利益的指令，哪怕一时间无法理解，但是最后，蓦然回首间，最后的受益人依旧是齐国人民。\r\n\n    “这里是齐国第一电台。”\r\n\n    “这里是齐国第一电台。”\r\n\n    “这里是齐国第一电台。”\r\n\n    “现在向各省、各地区播报国家应急广播。”\r\n\n    “国家乃至全球已经遭受重大灾难，基础设施遭受沉重打击，部分国家机构已失去其原有能力。”', '--json']' timed out after 120 seconds
   ⚠️ Translation failed or still Chinese, skipped

📖 [981/1372] 开局一座城/ch-0019.json
   Title: 20章：放下一切去寻你
  ⚠️ API error (attempt 1): Command '['openclaw', 'infer', 'model', 'run', '--model', 'qclaw/pool-deepseek-v4-pro', '--prompt', 'Translate this Chinese chapter title to English. Return ONLY the English title, no quotes, no explanation, no other text:\n\n20章：放下一切去寻你', '--json']' timed out after 120 seconds
  ⚠️ API error (attempt 2): Command '['openclaw', 'infer', 'model', 'run', '--model', 'qclaw/pool-deepseek-v4-pro', '--prompt', 'Translate this Chinese chapter title to English. Return ONLY the English title, no quotes, no explanation, no other text:\n\n20章：放下一切去寻你', '--json']' timed out after 120 seconds
  ⚠️ API error (attempt 1): Command '['openclaw', 'infer', 'model', 'run', '--model', 'qclaw/pool-deepseek-v4-pro', '--prompt', 'Translate the following Chinese novel chapter content to English. Return ONLY the translation, no explanation, no notes, no Chinese text:\n\n云裳望着清粼粼的夷水，蹲下身，将右手探入河水里，沉浸在梦一样的波光涟漪里。\r\n\n    “你一定要去找他？”刘金玉黑着脸，看着眼前戏水的俏丽佳人，可是眸子中却是怎么也掩藏不住的懊恼。\r\n\n    他不明白，那个混了吧唧的张荼，到底有着怎样的魅力，可以让云裳这么清冷的女子都为之神魂颠倒。\r\n\n    哪怕自己在他们关系降到冰点的时候趁虚而入，也不过是得到了名义上的对象，两年来，任何实质性的一步都没有跨出。\r\n\n    可是想到自己这两年竟然忍受着那个男人的存在，自己也真是昏了头。\r\n\n    云苍遥遥看着河边的两人，神情冷漠，平心而论，不是刘金玉做得不好，可是就像是八字不合一般，自己发自内心的讨厌这个姐夫，而对于张荼，却是十分投缘。\r\n\n    或许，很多时候，很多事情的出场顺序是很重要的。\r\n\n    不是你不够好，而是你的出场顺序不对。\r\n\n    若是先遇到刘金玉，或许就是另外一个局面了，可是人生，没有如果。\r\n\n    云裳机械地拨弄着水花，双目无神地盯着粼粼水光，她忘不掉那一日他的冷漠，就像是陌生人一般，这不是她想要的。\r\n\n    可是她，究竟想要什么。\r\n\n    “嗯。”\r\n\n    半晌之后，云裳从鼻腔深处憋出来了一声嗯。\r\n\n    刘金玉的面上暴躁之色一闪而过，愤怒地来回踱步，胸中似有惊雷在炸裂，面上瞬间赤红，可是最终出口的却是。\r\n\n    “你还会回来么？”\r\n\n    刘金玉觉得自己真的快疯了，自己怎么可以如此的低声下气，如此卑微到尘埃里，可是却依然换不回一颗心？\r\n\n    听到刘金玉的问话，云裳不断拨弄水花的手也停了一下，看到暴躁的刘金玉，不远处的云苍身形也不由自主地绷紧，自己的姐姐虽然做得不对，可是有些事情还是要说明白得好，当断则断来的好些。\r\n\n    但是他要是胆敢伤害自己的姐姐，那是不可以的，当初他趁着二人矛盾，死缠烂打的追求，自己姐姐赌气似的在一起，本就是一笔糊涂账。\r\n\n    自己还记得那一日，一向冷静的姐姐，失去了平日的淡定，异常的焦躁不安，直到拨通了荼哥的电话。\r\n\n    “喂，是我，我想谈恋爱了，要不要在一起。”\r\n\n    手机那一端传来了张荼惊讶且无奈的声音：“多少年了，早干嘛去了你。”\r\n\n    云裳似是急了，声音里带上了哭腔：“你确定你要她不要我！”\r\n\n    张荼说道：“不是我要她不要你，你明明先出现，可是你不要我的。结果现在你给我来这么一出，你反射弧够长的啊你，你真的就是汽车撞墙你知道拐了；股票涨起来你知道买了；犯错误判刑了你知道悔改了，我都不知道该怎么说你了。”\r\n\n    张荼的话不是很多，一般开始喋喋不休的时候，那是心里不一般的恼火，听到连串的话语，云苍也是想起自己以前惹怒张荼的模样，喋喋不休地说教，比老妈还老妈。\r\n\n    “那你别后悔！”\r\n\n    撂下这句狠话之后，云裳便是愤愤挂了电话，随后几天后，晚饭期间，云裳就宣布了自己恋爱的消息，自己到现在都记得，在知道云裳的对象不是张荼的时候，自己爸妈眼中那难以掩饰的失望。', '--json']' timed out after 120 seconds
  ⚠️ API error (attempt 2): Command '['openclaw', 'infer', 'model', 'run', '--model', 'qclaw/pool-deepseek-v4-pro', '--prompt', 'Translate the following Chinese novel chapter content to English. Return ONLY the translation, no explanation, no notes, no Chinese text:\n\n云裳望着清粼粼的夷水，蹲下身，将右手探入河水里，沉浸在梦一样的波光涟漪里。\r\n\n    “你一定要去找他？”刘金玉黑着脸，看着眼前戏水的俏丽佳人，可是眸子中却是怎么也掩藏不住的懊恼。\r\n\n    他不明白，那个混了吧唧的张荼，到底有着怎样的魅力，可以让云裳这么清冷的女子都为之神魂颠倒。\r\n\n    哪怕自己在他们关系降到冰点的时候趁虚而入，也不过是得到了名义上的对象，两年来，任何实质性的一步都没有跨出。\r\n\n    可是想到自己这两年竟然忍受着那个男人的存在，自己也真是昏了头。\r\n\n    云苍遥遥看着河边的两人，神情冷漠，平心而论，不是刘金玉做得不好，可是就像是八字不合一般，自己发自内心的讨厌这个姐夫，而对于张荼，却是十分投缘。\r\n\n    或许，很多时候，很多事情的出场顺序是很重要的。\r\n\n    不是你不够好，而是你的出场顺序不对。\r\n\n    若是先遇到刘金玉，或许就是另外一个局面了，可是人生，没有如果。\r\n\n    云裳机械地拨弄着水花，双目无神地盯着粼粼水光，她忘不掉那一日他的冷漠，就像是陌生人一般，这不是她想要的。\r\n\n    可是她，究竟想要什么。\r\n\n    “嗯。”\r\n\n    半晌之后，云裳从鼻腔深处憋出来了一声嗯。\r\n\n    刘金玉的面上暴躁之色一闪而过，愤怒地来回踱步，胸中似有惊雷在炸裂，面上瞬间赤红，可是最终出口的却是。\r\n\n    “你还会回来么？”\r\n\n    刘金玉觉得自己真的快疯了，自己怎么可以如此的低声下气，如此卑微到尘埃里，可是却依然换不回一颗心？\r\n\n    听到刘金玉的问话，云裳不断拨弄水花的手也停了一下，看到暴躁的刘金玉，不远处的云苍身形也不由自主地绷紧，自己的姐姐虽然做得不对，可是有些事情还是要说明白得好，当断则断来的好些。\r\n\n    但是他要是胆敢伤害自己的姐姐，那是不可以的，当初他趁着二人矛盾，死缠烂打的追求，自己姐姐赌气似的在一起，本就是一笔糊涂账。\r\n\n    自己还记得那一日，一向冷静的姐姐，失去了平日的淡定，异常的焦躁不安，直到拨通了荼哥的电话。\r\n\n    “喂，是我，我想谈恋爱了，要不要在一起。”\r\n\n    手机那一端传来了张荼惊讶且无奈的声音：“多少年了，早干嘛去了你。”\r\n\n    云裳似是急了，声音里带上了哭腔：“你确定你要她不要我！”\r\n\n    张荼说道：“不是我要她不要你，你明明先出现，可是你不要我的。结果现在你给我来这么一出，你反射弧够长的啊你，你真的就是汽车撞墙你知道拐了；股票涨起来你知道买了；犯错误判刑了你知道悔改了，我都不知道该怎么说你了。”\r\n\n    张荼的话不是很多，一般开始喋喋不休的时候，那是心里不一般的恼火，听到连串的话语，云苍也是想起自己以前惹怒张荼的模样，喋喋不休地说教，比老妈还老妈。\r\n\n    “那你别后悔！”\r\n\n    撂下这句狠话之后，云裳便是愤愤挂了电话，随后几天后，晚饭期间，云裳就宣布了自己恋爱的消息，自己到现在都记得，在知道云裳的对象不是张荼的时候，自己爸妈眼中那难以掩饰的失望。', '--json']' timed out after 120 seconds
   ⚠️ Translation failed or still Chinese, skipped

📖 [982/1372] 开局一座城/ch-0020.json
   Title: 21章：香魂袅袅护国出
  ⚠️ API error (attempt 1): Command '['openclaw', 'infer', 'model', 'run', '--model', 'qclaw/pool-deepseek-v4-pro', '--prompt', 'Translate this Chinese chapter title to English. Return ONLY the English title, no quotes, no explanation, no other text:\n\n21章：香魂袅袅护国出', '--json']' timed out after 120 seconds
  ⚠️ API error (attempt 2): Command '['openclaw', 'infer', 'model', 'run', '--model', 'qclaw/pool-deepseek-v4-pro', '--prompt', 'Translate this Chinese chapter title to English. Return ONLY the English title, no quotes, no explanation, no other text:\n\n21章：香魂袅袅护国出', '--json']' timed out after 120 seconds
  ⚠️ API error (attempt 1): Command '['openclaw', 'infer', 'model', 'run', '--model', 'qclaw/pool-deepseek-v4-pro', '--prompt', 'Translate the following Chinese novel chapter content to English. Return ONLY the translation, no explanation, no notes, no Chinese text:\n\n一声怒喝，如同期盼已久的回应，顿时在人群中得到了广泛的反响，哪怕是老成持重之辈也无动于衷。\r\n\n    一个家庭，在他们眼前，短短的两日时间，便是已经支零破碎，哪怕是心肠再硬的人，也无法做到无动于衷。\r\n\n    更何况，大家都是低头不见抬头见的乡邻，今日是老李家，他日真的就不会是他们了吗？他们不知道，所以他们需要一个有力的声音，告诉他们，这一日，永远不会降临到他们的头上，永远不会。\r\n\n    “拿来！”\r\n\n    “跟我走！”\r\n\n    在他们耳中，更像是一种宣言，一种宣告，一个庇护的强有力的声音，这个声音因为血脉为羁绊，足以使得他们安心不已。\r\n\n    张荼率先走出人群，没有在踏入老李家，没有去看李右最后一眼，而是直接奔着王庄而去，那里，有他不得不去的理由。\r\n\n    而在他的身后，是一群热血且上头的青年。\r\n\n    张庄和李庄隔得很近，近到没有走多远便可以看见一条残破不堪的公路，而在公路的另外一边，便是王庄。\r\n\n    张王二庄仅仅是一路之隔，如今却是阴差阳错的成为不共戴天的仇人。\r\n\n    遥遥望去，那高耸的牌坊，已经坍塌了一半，可是还有一般仍旧拒绝将的屹立在大地之上，就像是一个垂死挣扎不甘心咽下最后一口气的战士，那牌坊上星星点的血痕，就像是战士的荣耀一般。\r\n\n    在阳光下猩红且刺目，灼热了张荼的眼睛。\r\n\n    “你今天，要么打死我，要么我恶心你一辈子！”\r\n\n    “死了，我去陪右子，活着我就恶心你。”\r\n\n    “莫不是只有你们恶心我？不许我恶心你们么？”\r\n\n    嘶哑如同破锣的声音从牌坊上传来，张荼的目光闪过一丝疑惑，这就是你们说的进气多出气少？\r\n\n    这进出都挺多的啊。\r\n\n    张寰看着张荼眼中闪过的疑惑，以为是纳闷张琳琳的话语，低声解释道：“弟弟，你不常年在家，你不知道，这张琳琳啊，不是咱当地的闺女儿，是外地的。”\r\n\n    “小闺女儿那丧良心的舅舅，拿着王家十五万彩礼钱，就把自己的外甥女给买了，结婚的那会儿，张琳琳才十六岁……”\r\n\n    张寰的语气中充满了无奈和怜惜，可是当事人都选择了不反抗，他们这些外人又如何去说呢？\r\n\n    不外乎各扫门前雪罢了。\r\n\n    张荼闻言也是沉默不语，因为扪心自问，哪怕是自己当年知道了此事，也未必会热血上头去打抱不平，世事早已磨平了他的棱角。\r\n\n    他知道，这个世道，是要看实力的，没有实力，你再善良，不过自己过得潦倒沦为一个笑话罢了。\r\n\n    “你们把我当做货物一样卖来卖去，有想过我的感受么？”张琳琳仍旧歇斯底里的嘶吼着，怒骂着。\r\n\n    “你特么赌输了拿我去抵债，没钱了拿我去换钱，你特么当我是什么？”\r\n\n    “你跟李右比，你配么？”\r\n\n    “我知道李右也不是什么好东西，但是他最起码知道一个词，那就是尊重，他至少把我当一个人了。”', '--json']' timed out after 120 seconds
  ⚠️ API error (attempt 2): Command '['openclaw', 'infer', 'model', 'run', '--model', 'qclaw/pool-deepseek-v4-pro', '--prompt', 'Translate the following Chinese novel chapter content to English. Return ONLY the translation, no explanation, no notes, no Chinese text:\n\n一声怒喝，如同期盼已久的回应，顿时在人群中得到了广泛的反响，哪怕是老成持重之辈也无动于衷。\r\n\n    一个家庭，在他们眼前，短短的两日时间，便是已经支零破碎，哪怕是心肠再硬的人，也无法做到无动于衷。\r\n\n    更何况，大家都是低头不见抬头见的乡邻，今日是老李家，他日真的就不会是他们了吗？他们不知道，所以他们需要一个有力的声音，告诉他们，这一日，永远不会降临到他们的头上，永远不会。\r\n\n    “拿来！”\r\n\n    “跟我走！”\r\n\n    在他们耳中，更像是一种宣言，一种宣告，一个庇护的强有力的声音，这个声音因为血脉为羁绊，足以使得他们安心不已。\r\n\n    张荼率先走出人群，没有在踏入老李家，没有去看李右最后一眼，而是直接奔着王庄而去，那里，有他不得不去的理由。\r\n\n    而在他的身后，是一群热血且上头的青年。\r\n\n    张庄和李庄隔得很近，近到没有走多远便可以看见一条残破不堪的公路，而在公路的另外一边，便是王庄。\r\n\n    张王二庄仅仅是一路之隔，如今却是阴差阳错的成为不共戴天的仇人。\r\n\n    遥遥望去，那高耸的牌坊，已经坍塌了一半，可是还有一般仍旧拒绝将的屹立在大地之上，就像是一个垂死挣扎不甘心咽下最后一口气的战士，那牌坊上星星点的血痕，就像是战士的荣耀一般。\r\n\n    在阳光下猩红且刺目，灼热了张荼的眼睛。\r\n\n    “你今天，要么打死我，要么我恶心你一辈子！”\r\n\n    “死了，我去陪右子，活着我就恶心你。”\r\n\n    “莫不是只有你们恶心我？不许我恶心你们么？”\r\n\n    嘶哑如同破锣的声音从牌坊上传来，张荼的目光闪过一丝疑惑，这就是你们说的进气多出气少？\r\n\n    这进出都挺多的啊。\r\n\n    张寰看着张荼眼中闪过的疑惑，以为是纳闷张琳琳的话语，低声解释道：“弟弟，你不常年在家，你不知道，这张琳琳啊，不是咱当地的闺女儿，是外地的。”\r\n\n    “小闺女儿那丧良心的舅舅，拿着王家十五万彩礼钱，就把自己的外甥女给买了，结婚的那会儿，张琳琳才十六岁……”\r\n\n    张寰的语气中充满了无奈和怜惜，可是当事人都选择了不反抗，他们这些外人又如何去说呢？\r\n\n    不外乎各扫门前雪罢了。\r\n\n    张荼闻言也是沉默不语，因为扪心自问，哪怕是自己当年知道了此事，也未必会热血上头去打抱不平，世事早已磨平了他的棱角。\r\n\n    他知道，这个世道，是要看实力的，没有实力，你再善良，不过自己过得潦倒沦为一个笑话罢了。\r\n\n    “你们把我当做货物一样卖来卖去，有想过我的感受么？”张琳琳仍旧歇斯底里的嘶吼着，怒骂着。\r\n\n    “你特么赌输了拿我去抵债，没钱了拿我去换钱，你特么当我是什么？”\r\n\n    “你跟李右比，你配么？”\r\n\n    “我知道李右也不是什么好东西，但是他最起码知道一个词，那就是尊重，他至少把我当一个人了。”', '--json']' timed out after 120 seconds
   ⚠️ Translation failed or still Chinese, skipped

📖 [983/1372] 开局一座城/ch-0021.json
   Title: 22章：是非恩怨与对错
  ⚠️ API error (attempt 1): Command '['openclaw', 'infer', 'model', 'run', '--model', 'qclaw/pool-deepseek-v4-pro', '--prompt', 'Translate this Chinese chapter title to English. Return ONLY the English title, no quotes, no explanation, no other text:\n\n22章：是非恩怨与对错', '--json']' timed out after 120 seconds
  ⚠️ API error (attempt 2): Command '['openclaw', 'infer', 'model', 'run', '--model', 'qclaw/pool-deepseek-v4-pro', '--prompt', 'Translate this Chinese chapter title to English. Return ONLY the English title, no quotes, no explanation, no other text:\n\n22章：是非恩怨与对错', '--json']' timed out after 120 seconds
  ⚠️ API error (attempt 1): Command '['openclaw', 'infer', 'model', 'run', '--model', 'qclaw/pool-deepseek-v4-pro', '--prompt', 'Translate the following Chinese novel chapter content to English. Return ONLY the translation, no explanation, no notes, no Chinese text:\n\n为首的护国军将官看着张寰带人围了上来，挥手示意队伍停止前进，主动上前行了一个军礼后，说道：“诸位老乡，你们这是何意？”\r\n\n    像是在问张寰的举动，又像是在问他们聚集是为了什么，而今张荼又是在众目睽睽下悍然杀人，自是引起了护国军官的反感。\r\n\n    但能做到将官的心思又岂是简单，而今天下骤变，需要他们的地方太多了，而如今执法机构大多已经瘫痪，而他们也没有执法权，所以本打算睁一只眼闭一只眼，可是谁曾想，张荼当着他们的面悍然杀人，而张寰又是率众围了上来。\r\n\n    而就在这时，护国军中发生了简短且混乱的骚动，只见一个小子越众而出，手中的自动步枪连贯的拉栓上膛，径直指着张寰等人，口中厉喝道：“都给我滚开，交出那个杀人凶手！杀人偿命，天经地义！”\r\n\n    而这时，为首的护国军将官面色顿时铁青，而就在这时，张寰等人的脸色也是骤变，但是出乎那么小兵想象的是，张寰等人非但没有推开，反而是缓缓地向前压了上来。\r\n\n    什么时候，护国军的枪口，开始对着人民了？\r\n\n    “嘭！”\r\n\n    为首的将官一脚踹在了小兵身上，顿时将那人踹了一个趔趄，随后一个不稳趴在了地上，口中怒吼着：“翻天了，给我把枪缴了。”\r\n\n    与此同时，队伍中有人越众而出，将那小兵压着，可是为首将官仍觉得怒气难平，上前便是“啪啪”两个耳刮子。\r\n\n    “瞎了你的眼，护国军的枪口，是对准谁的？谁他妈给你的胆子？啊？”\r\n\n    “他妈的，带下去，要是说不出个所以然，删除军籍，放逐回乡。”\r\n\n    “是！”\r\n\n    对于一名护国军来说，删除军籍，放逐回乡。已经是天大的惩罚，要知道杀人诛心，而将官如此做，是从根本上否定其信仰，毁灭其灵魂，抹灭掉此人青春所有的汗水和付出。\r\n\n    果不其然，那小兵闻言之后，顿时脸色苍白，嘴唇蠕动一番后，终究是什么话语没有讲出，任由被人带了下去。\r\n\n    为首将官看向了张寰，双手有些紧张地搓了搓，面色多少有些尴尬。\r\n\n    而此时，张家众人已经停止了脚步。\r\n\n    张寰此时开口说道：“将军如何称呼？我们兄弟之所以冒昧地拦住将军，没有他意，只为含冤而来……”\r\n\n    为首将官指了指后方的张荼，没有郁结在了一起，终于说道：“将军不敢称，我叫徐团集，奉命救援琅琊市。”\r\n\n    “嗯，那人不是你们本家兄弟？恕我直言，老乡，我们没有执法权……我们最多也就是帮你们调解，而今，你也看到了，已经超过了我的能力范围，我们……我们有着我们自己的纪律。”\r\n\n    说到最后，徐团集像是不好意思一般，声音慢慢小了下去。\r\n\n    张寰闻言，不禁一阵苦笑，说道：“如今世道，我们上哪去找执法机构去？而你们，则是我们最后也是最大的依靠不是么？若是你们没有办法为我们主持公道，我们只有用我们自己的方式去解决了。唉……”\r\n\n    一声沉重的叹息，众人面色的黯淡，无不像是一记重拳一般，轰击在徐团集的胸口，可是他也很无奈，想要为眼前的老乡出头，可是纪律不允许。\r\n\n    就在这时，张荼手持长枪施施然地走了过来，而王家众人则是看着倒地的王茂以及围起来的护国军等人，一时间倒是不言不语。', '--json']' timed out after 120 seconds
  ⚠️ API error (attempt 2): Command '['openclaw', 'infer', 'model', 'run', '--model', 'qclaw/pool-deepseek-v4-pro', '--prompt', 'Translate the following Chinese novel chapter content to English. Return ONLY the translation, no explanation, no notes, no Chinese text:\n\n为首的护国军将官看着张寰带人围了上来，挥手示意队伍停止前进，主动上前行了一个军礼后，说道：“诸位老乡，你们这是何意？”\r\n\n    像是在问张寰的举动，又像是在问他们聚集是为了什么，而今张荼又是在众目睽睽下悍然杀人，自是引起了护国军官的反感。\r\n\n    但能做到将官的心思又岂是简单，而今天下骤变，需要他们的地方太多了，而如今执法机构大多已经瘫痪，而他们也没有执法权，所以本打算睁一只眼闭一只眼，可是谁曾想，张荼当着他们的面悍然杀人，而张寰又是率众围了上来。\r\n\n    而就在这时，护国军中发生了简短且混乱的骚动，只见一个小子越众而出，手中的自动步枪连贯的拉栓上膛，径直指着张寰等人，口中厉喝道：“都给我滚开，交出那个杀人凶手！杀人偿命，天经地义！”\r\n\n    而这时，为首的护国军将官面色顿时铁青，而就在这时，张寰等人的脸色也是骤变，但是出乎那么小兵想象的是，张寰等人非但没有推开，反而是缓缓地向前压了上来。\r\n\n    什么时候，护国军的枪口，开始对着人民了？\r\n\n    “嘭！”\r\n\n    为首的将官一脚踹在了小兵身上，顿时将那人踹了一个趔趄，随后一个不稳趴在了地上，口中怒吼着：“翻天了，给我把枪缴了。”\r\n\n    与此同时，队伍中有人越众而出，将那小兵压着，可是为首将官仍觉得怒气难平，上前便是“啪啪”两个耳刮子。\r\n\n    “瞎了你的眼，护国军的枪口，是对准谁的？谁他妈给你的胆子？啊？”\r\n\n    “他妈的，带下去，要是说不出个所以然，删除军籍，放逐回乡。”\r\n\n    “是！”\r\n\n    对于一名护国军来说，删除军籍，放逐回乡。已经是天大的惩罚，要知道杀人诛心，而将官如此做，是从根本上否定其信仰，毁灭其灵魂，抹灭掉此人青春所有的汗水和付出。\r\n\n    果不其然，那小兵闻言之后，顿时脸色苍白，嘴唇蠕动一番后，终究是什么话语没有讲出，任由被人带了下去。\r\n\n    为首将官看向了张寰，双手有些紧张地搓了搓，面色多少有些尴尬。\r\n\n    而此时，张家众人已经停止了脚步。\r\n\n    张寰此时开口说道：“将军如何称呼？我们兄弟之所以冒昧地拦住将军，没有他意，只为含冤而来……”\r\n\n    为首将官指了指后方的张荼，没有郁结在了一起，终于说道：“将军不敢称，我叫徐团集，奉命救援琅琊市。”\r\n\n    “嗯，那人不是你们本家兄弟？恕我直言，老乡，我们没有执法权……我们最多也就是帮你们调解，而今，你也看到了，已经超过了我的能力范围，我们……我们有着我们自己的纪律。”\r\n\n    说到最后，徐团集像是不好意思一般，声音慢慢小了下去。\r\n\n    张寰闻言，不禁一阵苦笑，说道：“如今世道，我们上哪去找执法机构去？而你们，则是我们最后也是最大的依靠不是么？若是你们没有办法为我们主持公道，我们只有用我们自己的方式去解决了。唉……”\r\n\n    一声沉重的叹息，众人面色的黯淡，无不像是一记重拳一般，轰击在徐团集的胸口，可是他也很无奈，想要为眼前的老乡出头，可是纪律不允许。\r\n\n    就在这时，张荼手持长枪施施然地走了过来，而王家众人则是看着倒地的王茂以及围起来的护国军等人，一时间倒是不言不语。', '--json']' timed out after 120 seconds
   ⚠️ Translation failed or still Chinese, skipped

📖 [984/1372] 开局一座城/ch-0022.json
   Title: 23章：保他们平安喜乐
  ⚠️ API error (attempt 1): Command '['openclaw', 'infer', 'model', 'run', '--model', 'qclaw/pool-deepseek-v4-pro', '--prompt', 'Translate this Chinese chapter title to English. Return ONLY the English title, no quotes, no explanation, no other text:\n\n23章：保他们平安喜乐', '--json']' timed out after 120 seconds
  ⚠️ API error (attempt 2): Command '['openclaw', 'infer', 'model', 'run', '--model', 'qclaw/pool-deepseek-v4-pro', '--prompt', 'Translate this Chinese chapter title to English. Return ONLY the English title, no quotes, no explanation, no other text:\n\n23章：保他们平安喜乐', '--json']' timed out after 120 seconds
  ⚠️ API error (attempt 1): Command '['openclaw', 'infer', 'model', 'run', '--model', 'qclaw/pool-deepseek-v4-pro', '--prompt', 'Translate the following Chinese novel chapter content to English. Return ONLY the translation, no explanation, no notes, no Chinese text:\n\n缓缓倒下的张琳琳，如同一朵盛开的鲜花，骤然遭逢疾风暴雨，在勉力支撑之后，终归还是在天地的嘶吼之中，黯然凋零。\r\n\n    边关月的目中闪过一丝愧意，他本可以阻拦，可是，他也知道，救得回人，也终究是救不回她的心。\r\n\n    若是李母未死，孩儿尚在，为了李右的老母和未降生的孩子，这个坚强的女子，无论如何都会强撑着活下去，已全二人之情。\r\n\n    可惜，事实从来都没有如果。\r\n\n    似乎，张琳琳的结局在李右撒手人寰之时，便是已成定局。\r\n\n    张荼面色阴冷地看着张琳琳，胸口插着的匕首已然渗出了大片的殷红，就像是盛开的牡丹，而此时张琳琳的面容之上，再无痛苦之意，反而带着淡淡的笑意。\r\n\n    是啊，这个世界，除了李右，又有谁还值得她留恋的呢？\r\n\n    她虽与李右无名无分，可是与那王茂，又有着什么名分，干干净净的来，终究亦是干干净净的离去。\r\n\n    张欢欢抱着张琳琳的身躯，已然哭成泪人。右手不断的按着匕首，可是张琳琳本就是生命垂危，如今冷锋入心，早已没了生机，不过是徒劳无功的无力挽回罢了。\r\n\n    看着眼前的惨淡场景，徐团集一时间无言，只觉得胸口像是哽住了一般，说不出的难受与压抑，时间大变方两日，却是已然出现如此惨剧在眼前。\r\n\n    那，没有看到的局面，究竟有多少呢？\r\n\n    哭之声从王庄村口传来，原是王茂父母在弟兄的传信之下，得知了王茂被人杀死在了庄口，这才纠集本家，一路哭哭啼啼的而来。\r\n\n    可惜，他们来晚了，在知道事情的前因后果之后，徐团集只觉得王茂一家都该死，可是军装在身，身为护国军，哪怕心中在厌恶，终归是不能以自己的喜好来裁决所遇到之事，更别说他自身本就没有这个权利。\r\n\n    张王二庄的人，在年轻和苍老的哭声之中对峙，而徐团集所代表的护国军亦是有意和稀泥，不愿插手其中，是故最终不了了之，二庄各自回家置办丧事。\r\n\n    当张荼抱着张琳琳的尸首回到李家宅院之时，未曾出面的张家长辈早已在不断回来报信的小辈口中了解了现场的一切。\r\n\n    “开棺！”\r\n\n    张荼的声音低沉且不容置辩。\r\n\n    而一干小辈也不管是否合理，但是对于张荼的话语却是唯命是从，毕竟张荼的所作所为，得到了他们所有人的认可。\r\n\n    “杀了我张荼的兄弟，你就该死！”\r\n\n    不管是偏激也好，冲动也罢，至少张荼的选择，很对年轻人的胃口。\r\n\n    跟着张庄人一路回来的徐团集，在路上已然知道张荼是从城区返回，而今天地大变，有一个能带路的人也好，当看到张荼的开棺举动之时，眼中也不由得透露出一丝满意。\r\n\n    生不能厮守，那死便同穴罢！\r\n\n    由于老李家在庄上除了母子俩外再无其他亲眷，而今更是值天地大变，是故也没有按照以往的常理，仅仅只是草草地盖棺，葬在了老李的坟旁。\r\n\n    “兄弟，而今，你也算是家庭团圆，只可惜，未能见到我的大侄子。”', '--json']' timed out after 120 seconds
  ⚠️ API error (attempt 2): Command '['openclaw', 'infer', 'model', 'run', '--model', 'qclaw/pool-deepseek-v4-pro', '--prompt', 'Translate the following Chinese novel chapter content to English. Return ONLY the translation, no explanation, no notes, no Chinese text:\n\n缓缓倒下的张琳琳，如同一朵盛开的鲜花，骤然遭逢疾风暴雨，在勉力支撑之后，终归还是在天地的嘶吼之中，黯然凋零。\r\n\n    边关月的目中闪过一丝愧意，他本可以阻拦，可是，他也知道，救得回人，也终究是救不回她的心。\r\n\n    若是李母未死，孩儿尚在，为了李右的老母和未降生的孩子，这个坚强的女子，无论如何都会强撑着活下去，已全二人之情。\r\n\n    可惜，事实从来都没有如果。\r\n\n    似乎，张琳琳的结局在李右撒手人寰之时，便是已成定局。\r\n\n    张荼面色阴冷地看着张琳琳，胸口插着的匕首已然渗出了大片的殷红，就像是盛开的牡丹，而此时张琳琳的面容之上，再无痛苦之意，反而带着淡淡的笑意。\r\n\n    是啊，这个世界，除了李右，又有谁还值得她留恋的呢？\r\n\n    她虽与李右无名无分，可是与那王茂，又有着什么名分，干干净净的来，终究亦是干干净净的离去。\r\n\n    张欢欢抱着张琳琳的身躯，已然哭成泪人。右手不断的按着匕首，可是张琳琳本就是生命垂危，如今冷锋入心，早已没了生机，不过是徒劳无功的无力挽回罢了。\r\n\n    看着眼前的惨淡场景，徐团集一时间无言，只觉得胸口像是哽住了一般，说不出的难受与压抑，时间大变方两日，却是已然出现如此惨剧在眼前。\r\n\n    那，没有看到的局面，究竟有多少呢？\r\n\n    哭之声从王庄村口传来，原是王茂父母在弟兄的传信之下，得知了王茂被人杀死在了庄口，这才纠集本家，一路哭哭啼啼的而来。\r\n\n    可惜，他们来晚了，在知道事情的前因后果之后，徐团集只觉得王茂一家都该死，可是军装在身，身为护国军，哪怕心中在厌恶，终归是不能以自己的喜好来裁决所遇到之事，更别说他自身本就没有这个权利。\r\n\n    张王二庄的人，在年轻和苍老的哭声之中对峙，而徐团集所代表的护国军亦是有意和稀泥，不愿插手其中，是故最终不了了之，二庄各自回家置办丧事。\r\n\n    当张荼抱着张琳琳的尸首回到李家宅院之时，未曾出面的张家长辈早已在不断回来报信的小辈口中了解了现场的一切。\r\n\n    “开棺！”\r\n\n    张荼的声音低沉且不容置辩。\r\n\n    而一干小辈也不管是否合理，但是对于张荼的话语却是唯命是从，毕竟张荼的所作所为，得到了他们所有人的认可。\r\n\n    “杀了我张荼的兄弟，你就该死！”\r\n\n    不管是偏激也好，冲动也罢，至少张荼的选择，很对年轻人的胃口。\r\n\n    跟着张庄人一路回来的徐团集，在路上已然知道张荼是从城区返回，而今天地大变，有一个能带路的人也好，当看到张荼的开棺举动之时，眼中也不由得透露出一丝满意。\r\n\n    生不能厮守，那死便同穴罢！\r\n\n    由于老李家在庄上除了母子俩外再无其他亲眷，而今更是值天地大变，是故也没有按照以往的常理，仅仅只是草草地盖棺，葬在了老李的坟旁。\r\n\n    “兄弟，而今，你也算是家庭团圆，只可惜，未能见到我的大侄子。”', '--json']' timed out after 120 seconds
   ⚠️ Translation failed or still Chinese, skipped

📖 [985/1372] 开局一座城/ch-0023.json
   Title: 24章：乱世中人命如草
  ⚠️ API error (attempt 1): Command '['openclaw', 'infer', 'model', 'run', '--model', 'qclaw/pool-deepseek-v4-pro', '--prompt', 'Translate this Chinese chapter title to English. Return ONLY the English title, no quotes, no explanation, no other text:\n\n24章：乱世中人命如草', '--json']' timed out after 120 seconds
  ⚠️ API error (attempt 2): Command '['openclaw', 'infer', 'model', 'run', '--model', 'qclaw/pool-deepseek-v4-pro', '--prompt', 'Translate this Chinese chapter title to English. Return ONLY the English title, no quotes, no explanation, no other text:\n\n24章：乱世中人命如草', '--json']' timed out after 120 seconds
  ⚠️ API error (attempt 1): Command '['openclaw', 'infer', 'model', 'run', '--model', 'qclaw/pool-deepseek-v4-pro', '--prompt', 'Translate the following Chinese novel chapter content to English. Return ONLY the translation, no explanation, no notes, no Chinese text:\n\n夜晚，黑暗席卷城市，聚集地的火光努力散发着微弱的光芒。\r\n\n    手里抛着钥匙的张荼转身离去，背后传来的，是见到护国军的惊喜声音，原本黯淡的街道中，除了火光，已经有着若有若无的灯光。\r\n\n    一切，都在慢慢地好起来。\r\n\n    金属燃烧发出的蓝色火焰在老旧的打火机上发出诡异而真实的光亮，照亮寂静的夜晚，夷水畔除了水波拍岸的声音，再无其他的声音。\r\n\n    过了河的张荼，扔掉了手中举着的废旧货车，漫无边际的向着记忆中的地方走去，原本紧凑的小城市，如今骤然放大了近十倍，很多都已偏离了原本的位置。\r\n\n    也得亏老城区在张荼离开的时候没有太多的变化，这才能够熟悉地摸到那些记忆中的地方。\r\n\n    原本的居民楼如今已然化作的危楼，七倒八歪地躺在大地上，如同一个个喝多的醉汉一般，毫无规章，不过看建筑的完整程度，也可以明确的辨认出哪里是真正的良心工程，可是事到如今，是不是有些晚了呢。\r\n\n    哦豁，张荼看着眼前琳琅满目的帐篷，一时间有些呆滞，好家伙，大家伙是来集体露营的么？\r\n\n    这也得亏近些年来蓬勃发展的经济，导致太多的年轻人有闲有钱出去玩，而露营恰恰是最贴近自然的一种方式，那么帐篷自然是不缺的。\r\n\n    而这恰恰让张荼犯了难，这让他如何找人？\r\n\n    如同傻子一般的大吼大叫么？\r\n\n    信步闲庭的走在帐篷中间，张荼试图找到自己的好友，可是这熙熙攘攘的人群，大人的焦虑，小孩的苦恼，老人的灰暗，全部呈现在众人的面上，所有人，就像是失去了希望，虽然日头还会照升起，可是早已不是他们熟悉的生活了。\r\n\n    在前方的不远处，突然有人慢慢围了起来，就像是沸腾的油锅之中溅落了一滴水珠，噼里啪啦，瞬间就热闹了起来。\r\n\n    “唉，这国人爱凑热闹的天性何时才能更改啊。”\r\n\n    张荼心中默叹，看着一个个从帐篷中探出头来的众人，以及不断汇聚过去的人流，不禁摇摇头哑然失笑。\r\n\n    可是靠近之后，张荼的笑容却是渐渐从脸上消失了。\r\n\n    “我冒险回楼上拿我自己家的东西，管你们什么事儿？”一个极其不耐的声音从人群之中传出，却是张荼极其熟悉的声音。\r\n\n    张纯钧，张荼的高中同学，混迹多年的死党，性情乖张且暴躁，可是二人就是极其投缘，一起泡妞、翘课、通宵，一起与赌毒不共戴天，已经好多年了，虽然早已成家，可是其暴躁的性格一直没有改变。\r\n\n    一个粗重的男声说道：“如今天地大变，不知道什么时候才能恢复供给，所以所有的物品由我们委员会一起共同分配，懂么你？年轻人，要有大局观。”\r\n\n    “狗屎委员会，这些东西本就是我们自家的，用得着你们分配，中饱私囊各个在行，我家孩子饿得嗷嗷哭，你是瞎了么？”张纯钧不屑地吐了口唾沫。\r\n\n    张荼勉力挤到了最内圈，可见人潮多么的拥挤，可是尽管如此，还是依旧给场中围了出一个足够大的圆圈。', '--json']' timed out after 120 seconds
  ⚠️ API error (attempt 2): Command '['openclaw', 'infer', 'model', 'run', '--model', 'qclaw/pool-deepseek-v4-pro', '--prompt', 'Translate the following Chinese novel chapter content to English. Return ONLY the translation, no explanation, no notes, no Chinese text:\n\n夜晚，黑暗席卷城市，聚集地的火光努力散发着微弱的光芒。\r\n\n    手里抛着钥匙的张荼转身离去，背后传来的，是见到护国军的惊喜声音，原本黯淡的街道中，除了火光，已经有着若有若无的灯光。\r\n\n    一切，都在慢慢地好起来。\r\n\n    金属燃烧发出的蓝色火焰在老旧的打火机上发出诡异而真实的光亮，照亮寂静的夜晚，夷水畔除了水波拍岸的声音，再无其他的声音。\r\n\n    过了河的张荼，扔掉了手中举着的废旧货车，漫无边际的向着记忆中的地方走去，原本紧凑的小城市，如今骤然放大了近十倍，很多都已偏离了原本的位置。\r\n\n    也得亏老城区在张荼离开的时候没有太多的变化，这才能够熟悉地摸到那些记忆中的地方。\r\n\n    原本的居民楼如今已然化作的危楼，七倒八歪地躺在大地上，如同一个个喝多的醉汉一般，毫无规章，不过看建筑的完整程度，也可以明确的辨认出哪里是真正的良心工程，可是事到如今，是不是有些晚了呢。\r\n\n    哦豁，张荼看着眼前琳琅满目的帐篷，一时间有些呆滞，好家伙，大家伙是来集体露营的么？\r\n\n    这也得亏近些年来蓬勃发展的经济，导致太多的年轻人有闲有钱出去玩，而露营恰恰是最贴近自然的一种方式，那么帐篷自然是不缺的。\r\n\n    而这恰恰让张荼犯了难，这让他如何找人？\r\n\n    如同傻子一般的大吼大叫么？\r\n\n    信步闲庭的走在帐篷中间，张荼试图找到自己的好友，可是这熙熙攘攘的人群，大人的焦虑，小孩的苦恼，老人的灰暗，全部呈现在众人的面上，所有人，就像是失去了希望，虽然日头还会照升起，可是早已不是他们熟悉的生活了。\r\n\n    在前方的不远处，突然有人慢慢围了起来，就像是沸腾的油锅之中溅落了一滴水珠，噼里啪啦，瞬间就热闹了起来。\r\n\n    “唉，这国人爱凑热闹的天性何时才能更改啊。”\r\n\n    张荼心中默叹，看着一个个从帐篷中探出头来的众人，以及不断汇聚过去的人流，不禁摇摇头哑然失笑。\r\n\n    可是靠近之后，张荼的笑容却是渐渐从脸上消失了。\r\n\n    “我冒险回楼上拿我自己家的东西，管你们什么事儿？”一个极其不耐的声音从人群之中传出，却是张荼极其熟悉的声音。\r\n\n    张纯钧，张荼的高中同学，混迹多年的死党，性情乖张且暴躁，可是二人就是极其投缘，一起泡妞、翘课、通宵，一起与赌毒不共戴天，已经好多年了，虽然早已成家，可是其暴躁的性格一直没有改变。\r\n\n    一个粗重的男声说道：“如今天地大变，不知道什么时候才能恢复供给，所以所有的物品由我们委员会一起共同分配，懂么你？年轻人，要有大局观。”\r\n\n    “狗屎委员会，这些东西本就是我们自家的，用得着你们分配，中饱私囊各个在行，我家孩子饿得嗷嗷哭，你是瞎了么？”张纯钧不屑地吐了口唾沫。\r\n\n    张荼勉力挤到了最内圈，可见人潮多么的拥挤，可是尽管如此，还是依旧给场中围了出一个足够大的圆圈。', '--json']' timed out after 120 seconds
   ⚠️ Translation failed or still Chinese, skipped

📖 [986/1372] 开局一座城/ch-0024.json
   Title: 25章：乱世人心依如旧
  ⚠️ API error (attempt 1): Command '['openclaw', 'infer', 'model', 'run', '--model', 'qclaw/pool-deepseek-v4-pro', '--prompt', 'Translate this Chinese chapter title to English. Return ONLY the English title, no quotes, no explanation, no other text:\n\n25章：乱世人心依如旧', '--json']' timed out after 120 seconds
  ⚠️ API error (attempt 2): Command '['openclaw', 'infer', 'model', 'run', '--model', 'qclaw/pool-deepseek-v4-pro', '--prompt', 'Translate this Chinese chapter title to English. Return ONLY the English title, no quotes, no explanation, no other text:\n\n25章：乱世人心依如旧', '--json']' timed out after 120 seconds
  ⚠️ API error (attempt 1): Command '['openclaw', 'infer', 'model', 'run', '--model', 'qclaw/pool-deepseek-v4-pro', '--prompt', 'Translate the following Chinese novel chapter content to English. Return ONLY the translation, no explanation, no notes, no Chinese text:\n\n灯火星星，人声杳杳，歌不尽乱世烽火。\r\n\n    乌云蔽月，人迹纷纷，说不出如斯慌乱。\r\n\n    生逢乱世，总有一群人会用他们自己的嶙峋傲骨支撑起了全社会的人格坐标，因此乱世也就获得了一种精神引渡。\r\n\n    但是此时匆匆而散的众人已被眼前这乱世的初露狰狞和血腥麻痹了心灵，马力和刘三的死亡好像一条虫子撞在一张蛛网上，激不起半点涟漪。\r\n\n    恍惚间，盛世歌舞还未停歇，乱世的马蹄也尚未踏响，却已经有人被鲜血逼迫长大。\r\n\n    张纯钧的落脚地显得甚是潦草，只有幼儿玩闹的小帐篷，只有幼儿在其中遮蔽夜间的寒气，而大人们则是围绕在四周看护，如今纵然是乱世，家中的幼儿仍是一家人的心头肉，容不得半点闪失。\r\n\n    纯钧之妻谢晓晓遥遥的看见纯钧回来，看到其狼狈的模样，以及惊骇的眼神，心中担心不已，可是看到张纯钧身旁的身影却是愣住了，半晌才道：“荼子？”\r\n\n    张荼点点头，但是心中却是颇为无奈，父母自是可以全然接受自己的异变，可是对于旁人来说，却是不亚于一场脱胎换骨，那本该模糊在记忆中的容颜，可是在十年后又清晰地呈现在众人面前，也难怪如此。\r\n\n    “嗯，是我。”张荼点点头，说道：“你们就住在这里？”\r\n\n    张纯钧这才从张荼方才暴虐的神态中缓过神来，说道：“不住在，住哪里？先住在这里，等待救援呗。”\r\n\n    在一阵寒暄中做落下，谢晓晓知道此时张荼来找纯钧，必定有事儿，所以接过奶粉后便是去安抚自己嗷嗷待哺的幼儿。\r\n\n    张荼开门见山地直接道：“要不要跟我走？”\r\n\n    叼着烟的张纯钧有些吊儿郎当，毫不在意地说道：“去哪？我家就在这，我还能去哪？”\r\n\n    “你车在哪呢？”张荼问道。\r\n\n    张纯钧说道：“在里面呢，别想了，出不来了，被堵死了。”指了指周围的人群说道：“你以为这些人为什么会留在这里呢？被那个狗屁东西所欺压，不过你也是真的狠，又没伤到我……”\r\n\n    张荼看着不沾丝毫血迹的双手，唯有衣袖上那星星点点的血迹，一时间无言，而就在这时，谢晓晓从张纯钧带回来的东西中，找出来一些简易的吃食，拿了过来。\r\n\n    “荼子？”谢晓晓喊道。\r\n\n    “嗯？”\r\n\n    咬了咬嘴唇，谢晓晓依旧说道：“我听他们说，方才纯钧跟那伙人起了争执，然后……你……杀人了？”\r\n\n    语气中充满了不敢置信，可是从邻居绘声绘色的讲述中，谢晓晓又一阵万幸，万幸张荼的到来，要知道张纯钧可是他们家中的顶梁柱，是她娘俩的依靠，若是有个什么三长两短，生逢乱世，他们的家就塌了。\r\n\n    可尽管如此，都不能改变张荼那双手所沾染的鲜血，尤其是听邻里说的张荼行为的暴虐，让人不禁闻之心惊，对于生命的敬畏，让谢晓晓在事后有些不忍。\r\n\n    “嗯。”\r\n\n    张荼接过吃食，面无表情，口中仍是淡淡的嗯了一声。\r\n\n    “谢谢啊。”', '--json']' timed out after 120 seconds
  ⚠️ API error (attempt 2): Command '['openclaw', 'infer', 'model', 'run', '--model', 'qclaw/pool-deepseek-v4-pro', '--prompt', 'Translate the following Chinese novel chapter content to English. Return ONLY the translation, no explanation, no notes, no Chinese text:\n\n灯火星星，人声杳杳，歌不尽乱世烽火。\r\n\n    乌云蔽月，人迹纷纷，说不出如斯慌乱。\r\n\n    生逢乱世，总有一群人会用他们自己的嶙峋傲骨支撑起了全社会的人格坐标，因此乱世也就获得了一种精神引渡。\r\n\n    但是此时匆匆而散的众人已被眼前这乱世的初露狰狞和血腥麻痹了心灵，马力和刘三的死亡好像一条虫子撞在一张蛛网上，激不起半点涟漪。\r\n\n    恍惚间，盛世歌舞还未停歇，乱世的马蹄也尚未踏响，却已经有人被鲜血逼迫长大。\r\n\n    张纯钧的落脚地显得甚是潦草，只有幼儿玩闹的小帐篷，只有幼儿在其中遮蔽夜间的寒气，而大人们则是围绕在四周看护，如今纵然是乱世，家中的幼儿仍是一家人的心头肉，容不得半点闪失。\r\n\n    纯钧之妻谢晓晓遥遥的看见纯钧回来，看到其狼狈的模样，以及惊骇的眼神，心中担心不已，可是看到张纯钧身旁的身影却是愣住了，半晌才道：“荼子？”\r\n\n    张荼点点头，但是心中却是颇为无奈，父母自是可以全然接受自己的异变，可是对于旁人来说，却是不亚于一场脱胎换骨，那本该模糊在记忆中的容颜，可是在十年后又清晰地呈现在众人面前，也难怪如此。\r\n\n    “嗯，是我。”张荼点点头，说道：“你们就住在这里？”\r\n\n    张纯钧这才从张荼方才暴虐的神态中缓过神来，说道：“不住在，住哪里？先住在这里，等待救援呗。”\r\n\n    在一阵寒暄中做落下，谢晓晓知道此时张荼来找纯钧，必定有事儿，所以接过奶粉后便是去安抚自己嗷嗷待哺的幼儿。\r\n\n    张荼开门见山地直接道：“要不要跟我走？”\r\n\n    叼着烟的张纯钧有些吊儿郎当，毫不在意地说道：“去哪？我家就在这，我还能去哪？”\r\n\n    “你车在哪呢？”张荼问道。\r\n\n    张纯钧说道：“在里面呢，别想了，出不来了，被堵死了。”指了指周围的人群说道：“你以为这些人为什么会留在这里呢？被那个狗屁东西所欺压，不过你也是真的狠，又没伤到我……”\r\n\n    张荼看着不沾丝毫血迹的双手，唯有衣袖上那星星点点的血迹，一时间无言，而就在这时，谢晓晓从张纯钧带回来的东西中，找出来一些简易的吃食，拿了过来。\r\n\n    “荼子？”谢晓晓喊道。\r\n\n    “嗯？”\r\n\n    咬了咬嘴唇，谢晓晓依旧说道：“我听他们说，方才纯钧跟那伙人起了争执，然后……你……杀人了？”\r\n\n    语气中充满了不敢置信，可是从邻居绘声绘色的讲述中，谢晓晓又一阵万幸，万幸张荼的到来，要知道张纯钧可是他们家中的顶梁柱，是她娘俩的依靠，若是有个什么三长两短，生逢乱世，他们的家就塌了。\r\n\n    可尽管如此，都不能改变张荼那双手所沾染的鲜血，尤其是听邻里说的张荼行为的暴虐，让人不禁闻之心惊，对于生命的敬畏，让谢晓晓在事后有些不忍。\r\n\n    “嗯。”\r\n\n    张荼接过吃食，面无表情，口中仍是淡淡的嗯了一声。\r\n\n    “谢谢啊。”', '--json']' timed out after 120 seconds
   ⚠️ Translation failed or still Chinese, skipped

📖 [987/1372] 开局一座城/ch-0025.json
   Title: 26章：骑荼过河心月归
  ⚠️ API error (attempt 1): Command '['openclaw', 'infer', 'model', 'run', '--model', 'qclaw/pool-deepseek-v4-pro', '--prompt', 'Translate this Chinese chapter title to English. Return ONLY the English title, no quotes, no explanation, no other text:\n\n26章：骑荼过河心月归', '--json']' timed out after 120 seconds
  ⚠️ API error (attempt 2): Command '['openclaw', 'infer', 'model', 'run', '--model', 'qclaw/pool-deepseek-v4-pro', '--prompt', 'Translate this Chinese chapter title to English. Return ONLY the English title, no quotes, no explanation, no other text:\n\n26章：骑荼过河心月归', '--json']' timed out after 120 seconds
  ⚠️ API error (attempt 1): Command '['openclaw', 'infer', 'model', 'run', '--model', 'qclaw/pool-deepseek-v4-pro', '--prompt', 'Translate the following Chinese novel chapter content to English. Return ONLY the translation, no explanation, no notes, no Chinese text:\n\n车行夷水边，往日的河堤已是碧波荡漾、平湖鳞影、波光闪闪、岸芷汀兰、郁郁青青，何来乱世景象，好一幅长河画卷\r\n\n    看着眼前的滚滚波涛，张纯钧等人皆是颇为诧异，这滚滚碧波，一望无尽的辽阔，当真还是那一条养育了百万人的母亲河水么。\r\n\n    可也正是夷水的波澜壮阔，让张纯钧等人对于眼前这个世界的变化，有了更深的了解和明晰。\r\n\n    而此时河畔之上，聚集着六七台车，这些人又该如何度过着滚滚夷水。\r\n\n    张纯钧一家五口，其中包含着一个幼儿。\r\n\n    吴白游一家五口，包含着一个幼儿。\r\n\n    张承影一家四口，包含着一个幼儿。\r\n\n    刘真刚一家四口，包含着一个三百七十二个月的幼儿。\r\n\n    张含光一家三口，包含着一个三百六十个月的幼儿。\r\n\n    如此一来，算上张荼在内的，大大小小二十二个人，如何渡河明显是一个难事儿，可是场中的众人却是没有一人为这件事操心。\r\n\n    在他们看来，时缝大变，张荼既然有底气把他们聚集在一起，那自然是有办法，所以众人除了逗弄幼儿或者感慨眼前盛景，其余正是一言不发，十分默契地等待着张荼的发话。\r\n\n    “啊喂，你们就不问一下，我们该怎么过河么？你们这样，我很没存在感啊。”\r\n\n    张荼有些不满地嘟囔着，声音虽小，在惊涛拍岸的声音中若隐若现，可是在场众人都是提起耳朵等待着张荼的话语，可是这埋怨之声，长辈听到后，皆是笑而不语。\r\n\n    张承影抱着幼女走了过来，说道：“你把我们都搞了过来，背井离乡的，你要是连这个都安顿不好，要你有什么用？”\r\n\n    吴白游远远地接话道：“就是就是，快说，怎么弄，风挺大的，我家姑娘有点受不了了。”\r\n\n    刘真刚说道：“赶紧的吧，折腾了半夜，天都亮了，还没有正式上路，困死我了快。”\r\n\n    一顿絮叨和埋怨，可是听在张荼的耳中却是那般的顺耳，没有因为自己的异变导致关系的变质，这是张荼最想看到也是最笃定的答案。\r\n\n    看了一眼车的排序，张荼大手一挥，说道：“当然是一副蛮力，霸王扛鼎了，来刚子，带着妹妹以及伯父伯母，上车！”\r\n\n    刘真刚一脸雾水，虽然迷惑不解，但是也听从张荼的安排，这滚滚夷水，总不能让自己开过去吧。\r\n\n    可这正是张荼心中的想法，来前就已经试验过了，要不然也不会是耽误到天彻底黑了才开始出发去寻找张纯钧等人。\r\n\n    张荼的想法便是，背过去。\r\n\n    “坐稳了，捆好安全带哦。”\r\n\n    张荼站在车尾，对着后视镜促狭的一笑，随后便是消失在了刘真刚的视线之中。\r\n\n    而就在这时，刘真刚试着车体一阵晃动，连忙捆好安全带，可就在这时，他才骤然发现，自己的车子，好像是升了起来。\r\n\n    在纯钧等人诧异惊骇的目光中，张荼稳稳地站在碧波之上，大步流星，向着河的彼岸飞速而去，转眼间变化做一个小点。\r\n\n    “畜生！”\r\n\n    “艹！”\r\n\n    “非人类！”\r\n\n    “奥特曼～”', '--json']' timed out after 120 seconds
  ⚠️ API error (attempt 2): Command '['openclaw', 'infer', 'model', 'run', '--model', 'qclaw/pool-deepseek-v4-pro', '--prompt', 'Translate the following Chinese novel chapter content to English. Return ONLY the translation, no explanation, no notes, no Chinese text:\n\n车行夷水边，往日的河堤已是碧波荡漾、平湖鳞影、波光闪闪、岸芷汀兰、郁郁青青，何来乱世景象，好一幅长河画卷\r\n\n    看着眼前的滚滚波涛，张纯钧等人皆是颇为诧异，这滚滚碧波，一望无尽的辽阔，当真还是那一条养育了百万人的母亲河水么。\r\n\n    可也正是夷水的波澜壮阔，让张纯钧等人对于眼前这个世界的变化，有了更深的了解和明晰。\r\n\n    而此时河畔之上，聚集着六七台车，这些人又该如何度过着滚滚夷水。\r\n\n    张纯钧一家五口，其中包含着一个幼儿。\r\n\n    吴白游一家五口，包含着一个幼儿。\r\n\n    张承影一家四口，包含着一个幼儿。\r\n\n    刘真刚一家四口，包含着一个三百七十二个月的幼儿。\r\n\n    张含光一家三口，包含着一个三百六十个月的幼儿。\r\n\n    如此一来，算上张荼在内的，大大小小二十二个人，如何渡河明显是一个难事儿，可是场中的众人却是没有一人为这件事操心。\r\n\n    在他们看来，时缝大变，张荼既然有底气把他们聚集在一起，那自然是有办法，所以众人除了逗弄幼儿或者感慨眼前盛景，其余正是一言不发，十分默契地等待着张荼的发话。\r\n\n    “啊喂，你们就不问一下，我们该怎么过河么？你们这样，我很没存在感啊。”\r\n\n    张荼有些不满地嘟囔着，声音虽小，在惊涛拍岸的声音中若隐若现，可是在场众人都是提起耳朵等待着张荼的话语，可是这埋怨之声，长辈听到后，皆是笑而不语。\r\n\n    张承影抱着幼女走了过来，说道：“你把我们都搞了过来，背井离乡的，你要是连这个都安顿不好，要你有什么用？”\r\n\n    吴白游远远地接话道：“就是就是，快说，怎么弄，风挺大的，我家姑娘有点受不了了。”\r\n\n    刘真刚说道：“赶紧的吧，折腾了半夜，天都亮了，还没有正式上路，困死我了快。”\r\n\n    一顿絮叨和埋怨，可是听在张荼的耳中却是那般的顺耳，没有因为自己的异变导致关系的变质，这是张荼最想看到也是最笃定的答案。\r\n\n    看了一眼车的排序，张荼大手一挥，说道：“当然是一副蛮力，霸王扛鼎了，来刚子，带着妹妹以及伯父伯母，上车！”\r\n\n    刘真刚一脸雾水，虽然迷惑不解，但是也听从张荼的安排，这滚滚夷水，总不能让自己开过去吧。\r\n\n    可这正是张荼心中的想法，来前就已经试验过了，要不然也不会是耽误到天彻底黑了才开始出发去寻找张纯钧等人。\r\n\n    张荼的想法便是，背过去。\r\n\n    “坐稳了，捆好安全带哦。”\r\n\n    张荼站在车尾，对着后视镜促狭的一笑，随后便是消失在了刘真刚的视线之中。\r\n\n    而就在这时，刘真刚试着车体一阵晃动，连忙捆好安全带，可就在这时，他才骤然发现，自己的车子，好像是升了起来。\r\n\n    在纯钧等人诧异惊骇的目光中，张荼稳稳地站在碧波之上，大步流星，向着河的彼岸飞速而去，转眼间变化做一个小点。\r\n\n    “畜生！”\r\n\n    “艹！”\r\n\n    “非人类！”\r\n\n    “奥特曼～”', '--json']' timed out after 120 seconds
   ⚠️ Translation failed or still Chinese, skipped

📖 [988/1372] 开局一座城/ch-0026.json
   Title: 27章：心月云裳四连跳
  ⚠️ API error (attempt 1): Command '['openclaw', 'infer', 'model', 'run', '--model', 'qclaw/pool-deepseek-v4-pro', '--prompt', 'Translate this Chinese chapter title to English. Return ONLY the English title, no quotes, no explanation, no other text:\n\n27章：心月云裳四连跳', '--json']' timed out after 120 seconds
  ⚠️ API error (attempt 2): Command '['openclaw', 'infer', 'model', 'run', '--model', 'qclaw/pool-deepseek-v4-pro', '--prompt', 'Translate this Chinese chapter title to English. Return ONLY the English title, no quotes, no explanation, no other text:\n\n27章：心月云裳四连跳', '--json']' timed out after 120 seconds
  ⚠️ API error (attempt 1): Command '['openclaw', 'infer', 'model', 'run', '--model', 'qclaw/pool-deepseek-v4-pro', '--prompt', 'Translate the following Chinese novel chapter content to English. Return ONLY the translation, no explanation, no notes, no Chinese text:\n\n在梦境中，云裳就像是经历了一场真实的人生，风和雨的十二年，那切肤的感触，那从未有过的物质或精神的欢愉与疼痛。\r\n\n    但是梦境又为何一比往常更真切，更朦胧的镜像，缘何栩栩如生地演绎着？\r\n\n    若上个世纪的无声黑白电影，以定格或跳跃的形式放映，琐碎，松散却不时萦绕低回与记忆中，宛若隐匿在思想角落的忍者，来去无踪却无所不在。\r\n\n    就像是那些故事真切地发生过，但是却是与自己的人生隔了一层结实而透明的保护膜，在梦的彼岸真真切切无所顾忌无所代价的尽情体会，彼岸的嬉笑怒骂悲欢离合。\r\n\n    而此时徘徊在梦境中的女孩儿突然皱起眉毛，她的周围开始出现轻微的晃动，不知哪里来的微风，轻轻吹响了头顶上的风铃。\r\n\n    在梦境中，她看到了不一样的自己，看到了不一样的张荼。\r\n\n    在梦境中，雄关漫道真如铁，那是血流漂卤的战争时代，云裳不知道是为了什么而厮杀，她只知道，她要紧紧的跟随者身前的身影，他会带领着她奔赴光明，在黑暗中披荆斩棘，只为筑堤民族宏图梦。\r\n\n    可是，为什么厮杀呢？\r\n\n    云裳不知道，但是她知道的是，那伟岸的身影，必定是知道的。\r\n\n    他说，长风破浪会有时，他们所为的不过是一个繁荣辉煌的时代，九州儿女平安喜乐的未来。\r\n\n    正所谓，星河无你皆黯淡，只要是他的话，云裳就信。\r\n\n    梦境中，依旧有着汹涌的人群，他们也不是孤军奋战，可是每一次相见，都是涌动着难名的敌意和隔阂。可尽管如此，每一次与他们擦肩而过，散发的余香是难以释怀的激励与感悟。\r\n\n    他们就像是抱着同一个目标，但是选择了不同的道路。就像是一条历史长河一般，不同年代的人都是摸着石子过河，成功了便辉煌一个时代，失败了便迎接另一个新时代，但在交替中有一个信仰是永恒不变的，那便是几千年来的民族梦——民族团结、民生安泰。\r\n\n    梦境中的众人就像是接力一般，一天一天地厮杀，一路一路地拼搏，一次一次的大捷，最终，他们终于驱逐了那片土地上所有的敌人。\r\n\n    可就在大捷的这一天，云裳终于看明白了因果，就像是明悟了前世今生一般。\r\n\n    原来所谓的情不知所起，一往而深，不过是注定的宿愿。\r\n\n    他们都是被先贤所选召的人，背井离乡自九州来到异域厮杀，他们如同繁星一般，洒落在异域的各个角落。\r\n\n    哪怕是识海中有着一位漂亮的大姐姐在教导自己，小云裳依旧对着陌生的世界有着天然的畏惧。\r\n\n    就在小云裳茫然不知所措的时候，张荼的出现，带给了她那懵懂的温暖，似是而非，像是家人一般的温暖，又不同于家人的温暖。\r\n\n    从那天起，云裳的世界有了指引，那个就像永远不会被压垮的背影，就是她前进的目标，她不需要去追赶，不用去担忧，因为他永远会在她的身前。\r\n\n    随着云裳长大之后，这莫名的情愫也开始了变化，可是那个背影，却是始终难能回首，就像是她永远只能看着她的背影一般。\r\n\n    在他们消散的最后一天，所有人都被动的被剥夺了厮杀十二载的记忆，唯有，唯有张荼选择自我斩碎了记忆。\r\n\n    他不记得她了，可是他还记得她。\r\n\n    他们都曾被选召，去参与一场关乎族运的角逐，而那些敌我难明的人，同样是被选召的人，但是他们选择了他们不同的道路。\r\n\n    云裳等人选择听从内心的召唤，选择屠戮。\r\n\n    而他们，则是尊重生命，怜悯世人，选择了教化。说不上孰对孰错，最终终归是殊途同归。', '--json']' timed out after 120 seconds
  ⚠️ API error (attempt 2): Command '['openclaw', 'infer', 'model', 'run', '--model', 'qclaw/pool-deepseek-v4-pro', '--prompt', 'Translate the following Chinese novel chapter content to English. Return ONLY the translation, no explanation, no notes, no Chinese text:\n\n在梦境中，云裳就像是经历了一场真实的人生，风和雨的十二年，那切肤的感触，那从未有过的物质或精神的欢愉与疼痛。\r\n\n    但是梦境又为何一比往常更真切，更朦胧的镜像，缘何栩栩如生地演绎着？\r\n\n    若上个世纪的无声黑白电影，以定格或跳跃的形式放映，琐碎，松散却不时萦绕低回与记忆中，宛若隐匿在思想角落的忍者，来去无踪却无所不在。\r\n\n    就像是那些故事真切地发生过，但是却是与自己的人生隔了一层结实而透明的保护膜，在梦的彼岸真真切切无所顾忌无所代价的尽情体会，彼岸的嬉笑怒骂悲欢离合。\r\n\n    而此时徘徊在梦境中的女孩儿突然皱起眉毛，她的周围开始出现轻微的晃动，不知哪里来的微风，轻轻吹响了头顶上的风铃。\r\n\n    在梦境中，她看到了不一样的自己，看到了不一样的张荼。\r\n\n    在梦境中，雄关漫道真如铁，那是血流漂卤的战争时代，云裳不知道是为了什么而厮杀，她只知道，她要紧紧的跟随者身前的身影，他会带领着她奔赴光明，在黑暗中披荆斩棘，只为筑堤民族宏图梦。\r\n\n    可是，为什么厮杀呢？\r\n\n    云裳不知道，但是她知道的是，那伟岸的身影，必定是知道的。\r\n\n    他说，长风破浪会有时，他们所为的不过是一个繁荣辉煌的时代，九州儿女平安喜乐的未来。\r\n\n    正所谓，星河无你皆黯淡，只要是他的话，云裳就信。\r\n\n    梦境中，依旧有着汹涌的人群，他们也不是孤军奋战，可是每一次相见，都是涌动着难名的敌意和隔阂。可尽管如此，每一次与他们擦肩而过，散发的余香是难以释怀的激励与感悟。\r\n\n    他们就像是抱着同一个目标，但是选择了不同的道路。就像是一条历史长河一般，不同年代的人都是摸着石子过河，成功了便辉煌一个时代，失败了便迎接另一个新时代，但在交替中有一个信仰是永恒不变的，那便是几千年来的民族梦——民族团结、民生安泰。\r\n\n    梦境中的众人就像是接力一般，一天一天地厮杀，一路一路地拼搏，一次一次的大捷，最终，他们终于驱逐了那片土地上所有的敌人。\r\n\n    可就在大捷的这一天，云裳终于看明白了因果，就像是明悟了前世今生一般。\r\n\n    原来所谓的情不知所起，一往而深，不过是注定的宿愿。\r\n\n    他们都是被先贤所选召的人，背井离乡自九州来到异域厮杀，他们如同繁星一般，洒落在异域的各个角落。\r\n\n    哪怕是识海中有着一位漂亮的大姐姐在教导自己，小云裳依旧对着陌生的世界有着天然的畏惧。\r\n\n    就在小云裳茫然不知所措的时候，张荼的出现，带给了她那懵懂的温暖，似是而非，像是家人一般的温暖，又不同于家人的温暖。\r\n\n    从那天起，云裳的世界有了指引，那个就像永远不会被压垮的背影，就是她前进的目标，她不需要去追赶，不用去担忧，因为他永远会在她的身前。\r\n\n    随着云裳长大之后，这莫名的情愫也开始了变化，可是那个背影，却是始终难能回首，就像是她永远只能看着她的背影一般。\r\n\n    在他们消散的最后一天，所有人都被动的被剥夺了厮杀十二载的记忆，唯有，唯有张荼选择自我斩碎了记忆。\r\n\n    他不记得她了，可是他还记得她。\r\n\n    他们都曾被选召，去参与一场关乎族运的角逐，而那些敌我难明的人，同样是被选召的人，但是他们选择了他们不同的道路。\r\n\n    云裳等人选择听从内心的召唤，选择屠戮。\r\n\n    而他们，则是尊重生命，怜悯世人，选择了教化。说不上孰对孰错，最终终归是殊途同归。', '--json']' timed out after 120 seconds
   ⚠️ Translation failed or still Chinese, skipped

📖 [989/1372] 开局一座城/ch-0027.json
   Title: 28章：天下第八妖祸出
  ⚠️ API error (attempt 1): Command '['openclaw', 'infer', 'model', 'run', '--model', 'qclaw/pool-deepseek-v4-pro', '--prompt', 'Translate this Chinese chapter title to English. Return ONLY the English title, no quotes, no explanation, no other text:\n\n28章：天下第八妖祸出', '--json']' timed out after 120 seconds
  ⚠️ API error (attempt 2): Command '['openclaw', 'infer', 'model', 'run', '--model', 'qclaw/pool-deepseek-v4-pro', '--prompt', 'Translate this Chinese chapter title to English. Return ONLY the English title, no quotes, no explanation, no other text:\n\n28章：天下第八妖祸出', '--json']' timed out after 120 seconds
  ⚠️ API error (attempt 1): Command '['openclaw', 'infer', 'model', 'run', '--model', 'qclaw/pool-deepseek-v4-pro', '--prompt', 'Translate the following Chinese novel chapter content to English. Return ONLY the translation, no explanation, no notes, no Chinese text:\n\n张荼就坐在那里，清澈的大眼睛里带着点茫然。\r\n\n    正是因为边关月的一句话，“那日，你所斩杀的那个野猪，很不幸，蕴含着一丝麒麟血。”\r\n\n    有诗云：“麒麟踏祥云，人间百难消。”那丑陋不堪的野猪，竟是蕴含了一丝麒麟血脉，着实有点崩碎张荼对于麒麟等神兽的幻想。\r\n\n    看到张荼的茫然和不解，边关月悠然说道：“天地五灵，麒麟，青龙，白虎，朱雀，玄武，对应五行，土，木，金，火，水。”\r\n\n    “虽有天生五灵，但天道轮回，并未断绝所有晋升之路，亦是给予了万灵得以进境的可能，若是因天赐，是有机会由后天生灵不断进化为传说之中的先天之属。”\r\n\n    “而那孽畜，则是在天地大变之中，得到一丝神佑，天赐激活了不属于它的血脉，而又丧命你手……是它的劫难，也是你的造化。”\r\n\n    张荼幽幽道来：“这不就是人人成龙嘛？可是这跟我有什么关系？对了，断它天赐，会有什么影响么？”\r\n\n    正所谓，曾有大贤希望这世间，再无压迫束缚，凡生于世，都能有活着的权力，有自由的权利，亦有幸福的权力。愿终有一日人人生而平等，在无贵贱之分，守护生命，追求光明……生而平等，人人成龙。\r\n\n    这终归是一种美好的梦幻吧，可是在无情的天道面前，却是蕴含着人人如龙的希望，这如何不让张荼对这天道既敬且畏。\r\n\n    而如今，张荼所拥有的一切，称之为天赐，也自无不可。\r\n\n    边关月悠然道：“物竞天择，乃是造化之道，懂么？”\r\n\n    “问题自然就是出在这里，原本升级，不过是慢慢进阶，夯实基础，直到第五次晋级的时候，才会圆满五行，可是你第一次所献祭，便是蕴含着麒麟真血……”\r\n\n    顿了顿，边关月才继续说道，其实他的内心也是懵逼的，我随手指的练手之物，竟是蕴含着麒麟血的神物，暴殄天物啊。\r\n\n    “也正是因为你第一次献祭的是蕴含着麒麟真血，且中麒麟之说你可曾听过？五行之中的土属又有根基一说，这才给了你连蹦四级的可能。”\r\n\n    听这边关月的诉说，张荼大概知道了什么原因，换成游戏的说法就是，完成了隐藏的面板潜藏任务呗，这个张荼理解，毕竟自己拿到了bug，有点加成也是理解的。\r\n\n    可是借贷是什么鬼？\r\n\n    这个才是张荼所在意的。\r\n\n    可是这个魂淡啊，从头到尾都不提这个。\r\n\n    张荼无奈开口道：“这些叫事儿么？我是问你借贷什么鬼？王城升级已经够离谱的了，你还给我搞一个借贷系统？资本的力量？达瓦里氏的燎原烈火在哪里！”\r\n\n    看着有些气急败坏的张荼，边关月有些好笑，当真是一朝被蛇咬十年怕井绳，如今的他，尤其是那些所谓的黑暗森林可以禁锢的？\r\n\n    “你莫慌，我说的借贷，和你所知的借贷，并不一样。”边关月的声音悠悠，平缓而安定：“我说的借贷，是以麒麟血为根基，以第八纪元为引子，强行为你凝聚王城五行之根基，但这属于逆天而行，若是不成，终归是如同青春里一段凛冽刻骨的浮光掠影罢了，但若是你能够在有效时间内彻底锻造而成，那绝对可以让你****。”', '--json']' timed out after 120 seconds
  ⚠️ API error (attempt 2): Command '['openclaw', 'infer', 'model', 'run', '--model', 'qclaw/pool-deepseek-v4-pro', '--prompt', 'Translate the following Chinese novel chapter content to English. Return ONLY the translation, no explanation, no notes, no Chinese text:\n\n张荼就坐在那里，清澈的大眼睛里带着点茫然。\r\n\n    正是因为边关月的一句话，“那日，你所斩杀的那个野猪，很不幸，蕴含着一丝麒麟血。”\r\n\n    有诗云：“麒麟踏祥云，人间百难消。”那丑陋不堪的野猪，竟是蕴含了一丝麒麟血脉，着实有点崩碎张荼对于麒麟等神兽的幻想。\r\n\n    看到张荼的茫然和不解，边关月悠然说道：“天地五灵，麒麟，青龙，白虎，朱雀，玄武，对应五行，土，木，金，火，水。”\r\n\n    “虽有天生五灵，但天道轮回，并未断绝所有晋升之路，亦是给予了万灵得以进境的可能，若是因天赐，是有机会由后天生灵不断进化为传说之中的先天之属。”\r\n\n    “而那孽畜，则是在天地大变之中，得到一丝神佑，天赐激活了不属于它的血脉，而又丧命你手……是它的劫难，也是你的造化。”\r\n\n    张荼幽幽道来：“这不就是人人成龙嘛？可是这跟我有什么关系？对了，断它天赐，会有什么影响么？”\r\n\n    正所谓，曾有大贤希望这世间，再无压迫束缚，凡生于世，都能有活着的权力，有自由的权利，亦有幸福的权力。愿终有一日人人生而平等，在无贵贱之分，守护生命，追求光明……生而平等，人人成龙。\r\n\n    这终归是一种美好的梦幻吧，可是在无情的天道面前，却是蕴含着人人如龙的希望，这如何不让张荼对这天道既敬且畏。\r\n\n    而如今，张荼所拥有的一切，称之为天赐，也自无不可。\r\n\n    边关月悠然道：“物竞天择，乃是造化之道，懂么？”\r\n\n    “问题自然就是出在这里，原本升级，不过是慢慢进阶，夯实基础，直到第五次晋级的时候，才会圆满五行，可是你第一次所献祭，便是蕴含着麒麟真血……”\r\n\n    顿了顿，边关月才继续说道，其实他的内心也是懵逼的，我随手指的练手之物，竟是蕴含着麒麟血的神物，暴殄天物啊。\r\n\n    “也正是因为你第一次献祭的是蕴含着麒麟真血，且中麒麟之说你可曾听过？五行之中的土属又有根基一说，这才给了你连蹦四级的可能。”\r\n\n    听这边关月的诉说，张荼大概知道了什么原因，换成游戏的说法就是，完成了隐藏的面板潜藏任务呗，这个张荼理解，毕竟自己拿到了bug，有点加成也是理解的。\r\n\n    可是借贷是什么鬼？\r\n\n    这个才是张荼所在意的。\r\n\n    可是这个魂淡啊，从头到尾都不提这个。\r\n\n    张荼无奈开口道：“这些叫事儿么？我是问你借贷什么鬼？王城升级已经够离谱的了，你还给我搞一个借贷系统？资本的力量？达瓦里氏的燎原烈火在哪里！”\r\n\n    看着有些气急败坏的张荼，边关月有些好笑，当真是一朝被蛇咬十年怕井绳，如今的他，尤其是那些所谓的黑暗森林可以禁锢的？\r\n\n    “你莫慌，我说的借贷，和你所知的借贷，并不一样。”边关月的声音悠悠，平缓而安定：“我说的借贷，是以麒麟血为根基，以第八纪元为引子，强行为你凝聚王城五行之根基，但这属于逆天而行，若是不成，终归是如同青春里一段凛冽刻骨的浮光掠影罢了，但若是你能够在有效时间内彻底锻造而成，那绝对可以让你****。”', '--json']' timed out after 120 seconds
   ⚠️ Translation failed or still Chinese, skipped

📖 [990/1372] 开局一座城/ch-0028.json
   Title: 29章：妖祸如潮古城出
  ⚠️ API error (attempt 1): Command '['openclaw', 'infer', 'model', 'run', '--model', 'qclaw/pool-deepseek-v4-pro', '--prompt', 'Translate this Chinese chapter title to English. Return ONLY the English title, no quotes, no explanation, no other text:\n\n29章：妖祸如潮古城出', '--json']' timed out after 120 seconds
  ⚠️ API error (attempt 2): Command '['openclaw', 'infer', 'model', 'run', '--model', 'qclaw/pool-deepseek-v4-pro', '--prompt', 'Translate this Chinese chapter title to English. Return ONLY the English title, no quotes, no explanation, no other text:\n\n29章：妖祸如潮古城出', '--json']' timed out after 120 seconds
  ⚠️ API error (attempt 1): Command '['openclaw', 'infer', 'model', 'run', '--model', 'qclaw/pool-deepseek-v4-pro', '--prompt', 'Translate the following Chinese novel chapter content to English. Return ONLY the translation, no explanation, no notes, no Chinese text:\n\n还有一点，是边关月没有告诉张荼的。\r\n\n    那便是妖族的来历，天地阴阳之归属。人世间是为阳间，那么妖域自然为阴间。所以阴阳相互融合之时，天地才会骤然扩大，妖域多为虚境，受到阳间的影响，大部分化作了实体，可是仍有广袤的地域化作云烟。\r\n\n    阴阳相融，对于人世间是一场大劫，可是对于妖域又何尝不是，如今一体两面的两个世界融合在即，人世间不断地扩大，妖域却是不断地缩小，甚至有着大片的疆域径直消失。\r\n\n    而随着天空之中的黑云愈加的凝实，地星之上却是亮起了星星点点的光芒。\r\n\n    西亳、雍城、大兴、长安、京城、平遥、金陵、殷墟、襄阳、锦州、冀州、蓟州、徽州、大同、建水……\r\n\n    马丘比丘、奇琴伊察、玛拉蒂卡尔、梅萨维德、吴哥、克泰西封、佩特拉、巴布韦、巴格尔核、阿尼城、波利斯、帕伦克……\r\n\n    一座座曾经因为各种各样的原因消散于历史长河，抑或者在现在又迸发出别样光辉的城池，在这一日，在这在一天天变之时，再一次的绽放出超乎世人想象的力量。\r\n\n    例如西亳，商三亳之一。\r\n\n    西亳为五帝时期帝喾的都城 ，商朝的立国之都。在推翻夏后氏的统治之后，成汤在夏都斟鄩附近另建新都，称西亳。\r\n\n    商代中期，商王盘庚亦是迁殷前曾“从先王居”定都西亳。\r\n\n    这本已经化作了一捧废墟的城池，却是从岁月中径直走出，绽放着悠悠光华，吸引着流离失所的众人前来避难，那悠悠光华，不仅隔绝了黑暗，亦是带来了生存的希望，带来了家的安定。\r\n\n    在历史长河的画卷之中，有着太多的辉煌，可是这些辉煌，都在岁月力量面前所有所暗淡，但是这些，是一种无形的存在，虽然我们看不到历史中的辉煌，但他们都的的确确存在过，所以才有了我们，我们要带着这种力量来生活。\r\n\n    而那千百年的源源不断的祭祀，看似是我们在祭祀祖先，其实是我们去寻求遗失在历史长河中的力量。\r\n\n    每一次祭祀，都会带给我们所祭祀之人或物一份力量，而今天的异变，正是反哺之时，这世界，从来没有一个独立的人，因为任何一个人都是有根的，哪怕你看不到，这个根也依旧存在。\r\n\n    或许以往不信，但是看到那一座座无中生有荧荧城池，没有人会选择不相信。\r\n\n    而也正是在这一日，阴阳两面正式看是交错，就像是两本相合的书籍，有着太多的交集点，而这些交集点，则是化作了一个个的空间溶洞，从中所涌出的，是无尽的天地灵力，以及那数量足以触目惊心的妖族。\r\n\n    这波澜壮阔的大世，张荼无力也无心去庇护太多人，在天变伊始，张荼便是带着一干人等加快了众人入驻的速度。\r\n\n    而当城门缓缓闭合之时，便是有一个虚幻的虫洞出现在了王庄上空，站在城楼上遥遥望去，就像是一个怪异的嘴巴，开合之间，便是吐出数十头妖兽。\r\n\n    而今妖祸，更胜以往的天灾，新时代的安定生活，早已经弱化了齐国人骨子里的求生本能，护国军无微不至的呵护，使得他们放弃了关于生存的担忧，而这一切，在太平盛世之中是那么的理所当然，可是这乱世之中，太多的人，为了这种懈怠付出了惨重的代价。', '--json']' timed out after 120 seconds
  ⚠️ API error (attempt 2): Command '['openclaw', 'infer', 'model', 'run', '--model', 'qclaw/pool-deepseek-v4-pro', '--prompt', 'Translate the following Chinese novel chapter content to English. Return ONLY the translation, no explanation, no notes, no Chinese text:\n\n还有一点，是边关月没有告诉张荼的。\r\n\n    那便是妖族的来历，天地阴阳之归属。人世间是为阳间，那么妖域自然为阴间。所以阴阳相互融合之时，天地才会骤然扩大，妖域多为虚境，受到阳间的影响，大部分化作了实体，可是仍有广袤的地域化作云烟。\r\n\n    阴阳相融，对于人世间是一场大劫，可是对于妖域又何尝不是，如今一体两面的两个世界融合在即，人世间不断地扩大，妖域却是不断地缩小，甚至有着大片的疆域径直消失。\r\n\n    而随着天空之中的黑云愈加的凝实，地星之上却是亮起了星星点点的光芒。\r\n\n    西亳、雍城、大兴、长安、京城、平遥、金陵、殷墟、襄阳、锦州、冀州、蓟州、徽州、大同、建水……\r\n\n    马丘比丘、奇琴伊察、玛拉蒂卡尔、梅萨维德、吴哥、克泰西封、佩特拉、巴布韦、巴格尔核、阿尼城、波利斯、帕伦克……\r\n\n    一座座曾经因为各种各样的原因消散于历史长河，抑或者在现在又迸发出别样光辉的城池，在这一日，在这在一天天变之时，再一次的绽放出超乎世人想象的力量。\r\n\n    例如西亳，商三亳之一。\r\n\n    西亳为五帝时期帝喾的都城 ，商朝的立国之都。在推翻夏后氏的统治之后，成汤在夏都斟鄩附近另建新都，称西亳。\r\n\n    商代中期，商王盘庚亦是迁殷前曾“从先王居”定都西亳。\r\n\n    这本已经化作了一捧废墟的城池，却是从岁月中径直走出，绽放着悠悠光华，吸引着流离失所的众人前来避难，那悠悠光华，不仅隔绝了黑暗，亦是带来了生存的希望，带来了家的安定。\r\n\n    在历史长河的画卷之中，有着太多的辉煌，可是这些辉煌，都在岁月力量面前所有所暗淡，但是这些，是一种无形的存在，虽然我们看不到历史中的辉煌，但他们都的的确确存在过，所以才有了我们，我们要带着这种力量来生活。\r\n\n    而那千百年的源源不断的祭祀，看似是我们在祭祀祖先，其实是我们去寻求遗失在历史长河中的力量。\r\n\n    每一次祭祀，都会带给我们所祭祀之人或物一份力量，而今天的异变，正是反哺之时，这世界，从来没有一个独立的人，因为任何一个人都是有根的，哪怕你看不到，这个根也依旧存在。\r\n\n    或许以往不信，但是看到那一座座无中生有荧荧城池，没有人会选择不相信。\r\n\n    而也正是在这一日，阴阳两面正式看是交错，就像是两本相合的书籍，有着太多的交集点，而这些交集点，则是化作了一个个的空间溶洞，从中所涌出的，是无尽的天地灵力，以及那数量足以触目惊心的妖族。\r\n\n    这波澜壮阔的大世，张荼无力也无心去庇护太多人，在天变伊始，张荼便是带着一干人等加快了众人入驻的速度。\r\n\n    而当城门缓缓闭合之时，便是有一个虚幻的虫洞出现在了王庄上空，站在城楼上遥遥望去，就像是一个怪异的嘴巴，开合之间，便是吐出数十头妖兽。\r\n\n    而今妖祸，更胜以往的天灾，新时代的安定生活，早已经弱化了齐国人骨子里的求生本能，护国军无微不至的呵护，使得他们放弃了关于生存的担忧，而这一切，在太平盛世之中是那么的理所当然，可是这乱世之中，太多的人，为了这种懈怠付出了惨重的代价。', '--json']' timed out after 120 seconds
   ⚠️ Translation failed or still Chinese, skipped

📖 [991/1372] 开局一座城/ch-0029.json
   Title: 30章：王村遭难羊头伏
  ⚠️ API error (attempt 1): Command '['openclaw', 'infer', 'model', 'run', '--model', 'qclaw/pool-deepseek-v4-pro', '--prompt', 'Translate this Chinese chapter title to English. Return ONLY the English title, no quotes, no explanation, no other text:\n\n30章：王村遭难羊头伏', '--json']' timed out after 120 seconds
  ⚠️ API error (attempt 2): Command '['openclaw', 'infer', 'model', 'run', '--model', 'qclaw/pool-deepseek-v4-pro', '--prompt', 'Translate this Chinese chapter title to English. Return ONLY the English title, no quotes, no explanation, no other text:\n\n30章：王村遭难羊头伏', '--json']' timed out after 120 seconds
  ⚠️ API error (attempt 1): Command '['openclaw', 'infer', 'model', 'run', '--model', 'qclaw/pool-deepseek-v4-pro', '--prompt', 'Translate the following Chinese novel chapter content to English. Return ONLY the translation, no explanation, no notes, no Chinese text:\n\n待到张荼赶到之时，这片生养了他们的土地，已经被热血灌溉成了黑子，庄稼地已经被破坏得不成样子，原本阡陌纵横的整齐村落，此时已经是废墟遍地。\r\n\n    天空中那恍若大嘴的口子，已经渐渐地消弭，天空中厚重的黑云，也在渐渐地消退，烈阳伴随着黑云的逝去，最开始是一轮镰刀似的烈阳，在黑云的烘托下，慢慢露出了全貌，不可房屋，虚虚渺渺的像是带来了希望。\r\n\n    可是光明再临之时，真的可以带来希望么？\r\n\n    王庄之中已经有不少人陆续逃出了村落，可是又能如何呢？\r\n\n    短短的数分钟之间，那虚空溶洞至少吞吐了数百的妖兽，如今的王庄不过是一个饕餮场罢了。\r\n\n    可是生死间，谁又会心甘情愿地做他人口中血食？\r\n\n    氤氲漫天，猎猎的风声夹着血腥呼呼的来，也又呼呼的去，天地也为之黯然。 血迹斑斑的大地上，惨不忍睹的尸体，七零八落的躺在冰冷的地面上，有些尸体里的鲜血还没有完全的干涸，一滴一滴慢慢的渗透着，浸满了土层，远处火光肆虐不断，杀戮的声音依稀可辨。\r\n\n    王时看着眼前的怪异人物，心中惊骇非常，就是游戏里的NPC出现在了现实之中，羊头人身，手中拿着不知从何处搞到的巨大的叉子，那口中不断垂涎的口水，竟然拉丝，第一次，王时感受到了恐惧。\r\n\n    怪物一步步地向着王时走来，王时能够跑出村口，无非是因为家住的就离村口比较近，而天变之时，正带着自己年幼的弟弟在村口玩，所以可以第一时间逃离已经沦为修罗场的王庄。\r\n\n    可是此时此刻，他们兄弟二人，依旧是被这羊头怪所盯上，那垂涎的口水，毫不掩饰地将羊头怪得意图暴露无遗。\r\n\n    王时试图拉着弟弟向着更远处跑去，可是谁料那羊头怪竟是一个跳跃，横跨几十米，来到了王时的面前。\r\n\n    王时不过十一二岁，看到那羊头怪眼中的嗜血和戏谑，顿时鬼叫一声，下意识地后撤，可是他却是忘记了弟弟还在身后。\r\n\n    结果兄弟俩一起滚倒倒在地。\r\n\n    被吓到的王传嗷嗷哭出了声，但是又不知道如何，只能瘪着小嘴，紧紧拉着兄长的衣衫，此时王时已经丧失逃跑的欲望，看着逼近的羊头怪，死心一般地将弟弟紧紧的盖在身下，闭目等死。\r\n\n    可是等了许久，却是不见羊头怪有所行动，反而凌厉的破风声不绝于耳。\r\n\n    “咩～不可能！这不可能！你是何人？”羊头怪竟是可以口吐人言。\r\n\n    张荼看着这怪异的半人半妖，眉头紧紧蹙在一起，成为一个川字，可是手中却是没有丝毫的松懈，眼前的这个怪物，虽然要弱一些，可是对自己不自信的张荼，仍旧是小心翼翼地对敌。\r\n\n    看到身后的一大一小两个娃娃无恙，张荼摆摆手示意他们二人先走，并开口说道：“你们先走，去河堰，张庄那边有人接应你们。”\r\n\n    王时显然是认出来了，正是前两天在村口悍然击杀王茂的张荼，年少的他有些迷惘，张荼，不是自己的敌人么。\r\n\n    可是出于对生的渴望，王时仍旧是听从了张荼的安排，抱起无力奔走的小弟，一步一步踉踉跄跄的向着河堰的方向跑去。\r\n\n    这是，张荼才有全部的心思看着眼前的羊头怪，开口说道：“你竟然会口吐人言？”\r\n\n    别说张荼诧异，羊头怪此时也是被吓得不轻，据他所知，此地并没有修士，可是眼前之人，全身法力流转，明显已是登堂入室之境，不过是实战略微有些生疏。\r\n\n    当然，羊头怪担心的从来都不是张荼，而是张荼背后的人物，据他所知，上古时期人族乃是天地间一时的主角，而他们的传承向来是以宗门为依托。\r\n\n    若非是因为昔年乱战，致使人族大能陨落不知凡几，妖域又如何能够妖族做主？人族，又如何能够被妖族所圈养，化作血食。\r\n\n    如今，初临传说中的母星，传说中已经没落的祖庭，却是骤然发现了一名登堂入室的修士，他如何能够不慌。', '--json']' timed out after 120 seconds
  ⚠️ API error (attempt 2): Command '['openclaw', 'infer', 'model', 'run', '--model', 'qclaw/pool-deepseek-v4-pro', '--prompt', 'Translate the following Chinese novel chapter content to English. Return ONLY the translation, no explanation, no notes, no Chinese text:\n\n待到张荼赶到之时，这片生养了他们的土地，已经被热血灌溉成了黑子，庄稼地已经被破坏得不成样子，原本阡陌纵横的整齐村落，此时已经是废墟遍地。\r\n\n    天空中那恍若大嘴的口子，已经渐渐地消弭，天空中厚重的黑云，也在渐渐地消退，烈阳伴随着黑云的逝去，最开始是一轮镰刀似的烈阳，在黑云的烘托下，慢慢露出了全貌，不可房屋，虚虚渺渺的像是带来了希望。\r\n\n    可是光明再临之时，真的可以带来希望么？\r\n\n    王庄之中已经有不少人陆续逃出了村落，可是又能如何呢？\r\n\n    短短的数分钟之间，那虚空溶洞至少吞吐了数百的妖兽，如今的王庄不过是一个饕餮场罢了。\r\n\n    可是生死间，谁又会心甘情愿地做他人口中血食？\r\n\n    氤氲漫天，猎猎的风声夹着血腥呼呼的来，也又呼呼的去，天地也为之黯然。 血迹斑斑的大地上，惨不忍睹的尸体，七零八落的躺在冰冷的地面上，有些尸体里的鲜血还没有完全的干涸，一滴一滴慢慢的渗透着，浸满了土层，远处火光肆虐不断，杀戮的声音依稀可辨。\r\n\n    王时看着眼前的怪异人物，心中惊骇非常，就是游戏里的NPC出现在了现实之中，羊头人身，手中拿着不知从何处搞到的巨大的叉子，那口中不断垂涎的口水，竟然拉丝，第一次，王时感受到了恐惧。\r\n\n    怪物一步步地向着王时走来，王时能够跑出村口，无非是因为家住的就离村口比较近，而天变之时，正带着自己年幼的弟弟在村口玩，所以可以第一时间逃离已经沦为修罗场的王庄。\r\n\n    可是此时此刻，他们兄弟二人，依旧是被这羊头怪所盯上，那垂涎的口水，毫不掩饰地将羊头怪得意图暴露无遗。\r\n\n    王时试图拉着弟弟向着更远处跑去，可是谁料那羊头怪竟是一个跳跃，横跨几十米，来到了王时的面前。\r\n\n    王时不过十一二岁，看到那羊头怪眼中的嗜血和戏谑，顿时鬼叫一声，下意识地后撤，可是他却是忘记了弟弟还在身后。\r\n\n    结果兄弟俩一起滚倒倒在地。\r\n\n    被吓到的王传嗷嗷哭出了声，但是又不知道如何，只能瘪着小嘴，紧紧拉着兄长的衣衫，此时王时已经丧失逃跑的欲望，看着逼近的羊头怪，死心一般地将弟弟紧紧的盖在身下，闭目等死。\r\n\n    可是等了许久，却是不见羊头怪有所行动，反而凌厉的破风声不绝于耳。\r\n\n    “咩～不可能！这不可能！你是何人？”羊头怪竟是可以口吐人言。\r\n\n    张荼看着这怪异的半人半妖，眉头紧紧蹙在一起，成为一个川字，可是手中却是没有丝毫的松懈，眼前的这个怪物，虽然要弱一些，可是对自己不自信的张荼，仍旧是小心翼翼地对敌。\r\n\n    看到身后的一大一小两个娃娃无恙，张荼摆摆手示意他们二人先走，并开口说道：“你们先走，去河堰，张庄那边有人接应你们。”\r\n\n    王时显然是认出来了，正是前两天在村口悍然击杀王茂的张荼，年少的他有些迷惘，张荼，不是自己的敌人么。\r\n\n    可是出于对生的渴望，王时仍旧是听从了张荼的安排，抱起无力奔走的小弟，一步一步踉踉跄跄的向着河堰的方向跑去。\r\n\n    这是，张荼才有全部的心思看着眼前的羊头怪，开口说道：“你竟然会口吐人言？”\r\n\n    别说张荼诧异，羊头怪此时也是被吓得不轻，据他所知，此地并没有修士，可是眼前之人，全身法力流转，明显已是登堂入室之境，不过是实战略微有些生疏。\r\n\n    当然，羊头怪担心的从来都不是张荼，而是张荼背后的人物，据他所知，上古时期人族乃是天地间一时的主角，而他们的传承向来是以宗门为依托。\r\n\n    若非是因为昔年乱战，致使人族大能陨落不知凡几，妖域又如何能够妖族做主？人族，又如何能够被妖族所圈养，化作血食。\r\n\n    如今，初临传说中的母星，传说中已经没落的祖庭，却是骤然发现了一名登堂入室的修士，他如何能够不慌。', '--json']' timed out after 120 seconds
   ⚠️ Translation failed or still Chinese, skipped

📖 [992/1372] 开局自曝系统_家族助我娶妻成仙/ch-0001.json
   Title: 第一卷 第1章 系统绑定，多子多福！
  ⚠️ API error (attempt 1): Command '['openclaw', 'infer', 'model', 'run', '--model', 'qclaw/pool-deepseek-v4-pro', '--prompt', 'Translate this Chinese chapter title to English. Return ONLY the English title, no quotes, no explanation, no other text:\n\n第一卷 第1章 系统绑定，多子多福！', '--json']' timed out after 120 seconds
  ⚠️ API error (attempt 2): Command '['openclaw', 'infer', 'model', 'run', '--model', 'qclaw/pool-deepseek-v4-pro', '--prompt', 'Translate this Chinese chapter title to English. Return ONLY the English title, no quotes, no explanation, no other text:\n\n第一卷 第1章 系统绑定，多子多福！', '--json']' timed out after 120 seconds
  ⚠️ API error (attempt 1): Command '['openclaw', 'infer', 'model', 'run', '--model', 'qclaw/pool-deepseek-v4-pro', '--prompt', 'Translate the following Chinese novel chapter content to English. Return ONLY the translation, no explanation, no notes, no Chinese text:\n\n“姜无痕，你一个无法修炼的废物，有什么资格迎娶我？”\r\n\n    “我林晶晶，就算是死，也不会嫁给你这个姜家纨绔！”\r\n\n    劈头盖脸的骂声在耳畔响彻，姜无痕眸光微动，眼神中恢复了一丝清澈。\r\n\n    他环顾四周，帝子殿外，处处张灯结彩，宾客满座。\r\n\n    而在这喜庆的氛围下，面前的少女一把扯下红盖头，美眸中满是蔑视与冷漠。\r\n\n    姜无痕心头一惊，这是……穿越了？\r\n\n    下一刻，大量本不属于他的记忆涌入脑海——\r\n\n    阎浮大世界，不朽帝族，姜家帝子……\r\n\n    这是个以武为尊的大千世界，强者可破碎虚空，毁天灭地！\r\n\n    姜无痕，出身帝族姜家，有大帝坐镇的人族巅峰势力之一。\r\n\n    父亲是当世大帝，母亲是准帝巅峰，身份何其尊贵！\r\n\n    然而，作为他们的唯一子嗣，姜无痕却是个不折不扣的修炼废柴。\r\n\n    任凭姜家在他倾注无数心血，都无法改变他无法修炼的事实。\r\n\n    姜族帝子，是个凡人！\r\n\n    不仅如此，姜无痕不求上进，倾心于林家这个没落世家的嫡女——林晶晶，为爱甘做舔狗。\r\n\n    三年以来，追求林晶晶送上的资源，生生将林家从三流势力堆成了一流世家。\r\n\n    今日，便是在双方长辈的施压下，举办的成亲大典！\r\n\n    姜无痕消化着脑海中的记忆，看着面前当众羞辱自己的少女，脸色阴沉下来。\r\n\n    这身份，这背景，去当舔狗？\r\n\n    花三亿灵石去泡一个没落世家的妞，还泡不到！\r\n\n    同时，姜无痕心底升起一股无力感。\r\n\n    在这遍地强者的世界，自己一个无法修炼的凡人，就算娶到天骄圣女，都不一定破的了人家的防！\r\n\n    除了弄人家一身口水，还能干什么？\r\n\n    就在姜无痕心灰意冷之际，一道机械的电子音在他耳畔响起——\r\n\n    【叮咚，检测到宿主已穿越，多子多福系统绑定成功！】\r\n\n    【本系统致力于帮助宿主广结良缘，繁育子嗣，为家族开枝散叶！】\r\n\n    【宿主与拥有特殊体质，且评分在90分以上的女修结合，诞下天赋强悍的后代，皆可获得丰厚奖励，包括但不限于：无上修为、超绝天赋、造化仙丹、极道帝兵、仙阶功法等。】\r\n\n    【新手大礼包发放，是否打开？】\r\n\n    一瞬间，姜无痕眼前一亮。\r\n\n    就仿佛无能的丈夫，在绝望中看到了一碗鹿血！\r\n\n    “打开！”\r\n\n    【恭喜宿主获得万道欲仙圣体，玉髓化龙丹，《阴阳补天术》】\r\n\n    【万道欲仙圣体：极品圣体，虽无战力加成，却能极大提升某方面的能力，并增加与异性诞下后代的几率，强化后代体质！】\r\n\n    【玉髓化龙丹：造化仙丹，凡人服用，亦可拥有盖世天资！】\r\n\n    【阴阳补天术：仙阶功法，阴阳同补，双修时，双方皆可获得莫大好处！】\r\n\n    这时，林晶晶见姜无痕不语，当即呵斥道：“姜无痕，我在跟你说话，你没听到吗？”\r\n\n    “闭嘴，婊/子！”\r\n\n    姜无痕冷声怒斥，同时目光从她身上扫过，一道信息面板浮现——', '--json']' timed out after 120 seconds
  ⚠️ API error (attempt 2): Command '['openclaw', 'infer', 'model', 'run', '--model', 'qclaw/pool-deepseek-v4-pro', '--prompt', 'Translate the following Chinese novel chapter content to English. Return ONLY the translation, no explanation, no notes, no Chinese text:\n\n“姜无痕，你一个无法修炼的废物，有什么资格迎娶我？”\r\n\n    “我林晶晶，就算是死，也不会嫁给你这个姜家纨绔！”\r\n\n    劈头盖脸的骂声在耳畔响彻，姜无痕眸光微动，眼神中恢复了一丝清澈。\r\n\n    他环顾四周，帝子殿外，处处张灯结彩，宾客满座。\r\n\n    而在这喜庆的氛围下，面前的少女一把扯下红盖头，美眸中满是蔑视与冷漠。\r\n\n    姜无痕心头一惊，这是……穿越了？\r\n\n    下一刻，大量本不属于他的记忆涌入脑海——\r\n\n    阎浮大世界，不朽帝族，姜家帝子……\r\n\n    这是个以武为尊的大千世界，强者可破碎虚空，毁天灭地！\r\n\n    姜无痕，出身帝族姜家，有大帝坐镇的人族巅峰势力之一。\r\n\n    父亲是当世大帝，母亲是准帝巅峰，身份何其尊贵！\r\n\n    然而，作为他们的唯一子嗣，姜无痕却是个不折不扣的修炼废柴。\r\n\n    任凭姜家在他倾注无数心血，都无法改变他无法修炼的事实。\r\n\n    姜族帝子，是个凡人！\r\n\n    不仅如此，姜无痕不求上进，倾心于林家这个没落世家的嫡女——林晶晶，为爱甘做舔狗。\r\n\n    三年以来，追求林晶晶送上的资源，生生将林家从三流势力堆成了一流世家。\r\n\n    今日，便是在双方长辈的施压下，举办的成亲大典！\r\n\n    姜无痕消化着脑海中的记忆，看着面前当众羞辱自己的少女，脸色阴沉下来。\r\n\n    这身份，这背景，去当舔狗？\r\n\n    花三亿灵石去泡一个没落世家的妞，还泡不到！\r\n\n    同时，姜无痕心底升起一股无力感。\r\n\n    在这遍地强者的世界，自己一个无法修炼的凡人，就算娶到天骄圣女，都不一定破的了人家的防！\r\n\n    除了弄人家一身口水，还能干什么？\r\n\n    就在姜无痕心灰意冷之际，一道机械的电子音在他耳畔响起——\r\n\n    【叮咚，检测到宿主已穿越，多子多福系统绑定成功！】\r\n\n    【本系统致力于帮助宿主广结良缘，繁育子嗣，为家族开枝散叶！】\r\n\n    【宿主与拥有特殊体质，且评分在90分以上的女修结合，诞下天赋强悍的后代，皆可获得丰厚奖励，包括但不限于：无上修为、超绝天赋、造化仙丹、极道帝兵、仙阶功法等。】\r\n\n    【新手大礼包发放，是否打开？】\r\n\n    一瞬间，姜无痕眼前一亮。\r\n\n    就仿佛无能的丈夫，在绝望中看到了一碗鹿血！\r\n\n    “打开！”\r\n\n    【恭喜宿主获得万道欲仙圣体，玉髓化龙丹，《阴阳补天术》】\r\n\n    【万道欲仙圣体：极品圣体，虽无战力加成，却能极大提升某方面的能力，并增加与异性诞下后代的几率，强化后代体质！】\r\n\n    【玉髓化龙丹：造化仙丹，凡人服用，亦可拥有盖世天资！】\r\n\n    【阴阳补天术：仙阶功法，阴阳同补，双修时，双方皆可获得莫大好处！】\r\n\n    这时，林晶晶见姜无痕不语，当即呵斥道：“姜无痕，我在跟你说话，你没听到吗？”\r\n\n    “闭嘴，婊/子！”\r\n\n    姜无痕冷声怒斥，同时目光从她身上扫过，一道信息面板浮现——', '--json']' timed out after 120 seconds
   ⚠️ Translation failed or still Chinese, skipped

📖 [993/1372] 开局自曝系统_家族助我娶妻成仙/ch-0002.json
   Title: 第一卷 第2章 他的刀不够快，更不够狠！
  ⚠️ API error (attempt 1): Command '['openclaw', 'infer', 'model', 'run', '--model', 'qclaw/pool-deepseek-v4-pro', '--prompt', 'Translate this Chinese chapter title to English. Return ONLY the English title, no quotes, no explanation, no other text:\n\n第一卷 第2章 他的刀不够快，更不够狠！', '--json']' timed out after 120 seconds
  ⚠️ API error (attempt 2): Command '['openclaw', 'infer', 'model', 'run', '--model', 'qclaw/pool-deepseek-v4-pro', '--prompt', 'Translate this Chinese chapter title to English. Return ONLY the English title, no quotes, no explanation, no other text:\n\n第一卷 第2章 他的刀不够快，更不够狠！', '--json']' timed out after 120 seconds
  ⚠️ API error (attempt 1): Command '['openclaw', 'infer', 'model', 'run', '--model', 'qclaw/pool-deepseek-v4-pro', '--prompt', 'Translate the following Chinese novel chapter content to English. Return ONLY the translation, no explanation, no notes, no Chinese text:\n\n林清雅！\r\n\n    姜无痕对她有点印象，是林家旁支的庶女，因长相出众，平日里没少被林晶晶的针对。\r\n\n    这次，她更是被当做陪嫁丫鬟送了过来。\r\n\n    一身红衣，在人群中格外显眼。\r\n\n    姜无痕刚才的话，虽然声音不大，却如同五雷轰顶，让林家众人愣在原地。\r\n\n    “逆女，你怎敢如此不知廉耻，私下与陆家奸贼苟合，做出这种败坏门风的事！”林家老祖林苍天咬牙切齿，厉声怒斥，“你这么做，对得起家族，对得起帝子吗？”\r\n\n    林晶晶脸色难看，擦去嘴角的血迹，沉声道：“我就是不喜欢姜无痕这种不求上进的废物，我有什么错？”\r\n\n    “还有，你有什么资格指责我，你生了我爷爷，不代表你就是我老祖。抛开血缘关系不谈，你对我来说，也只是个毫无关系的糟老头子！”\r\n\n    这几年，她被姜无痕高高捧起，就连林苍天都不放在眼里。\r\n\n    她看向姜无痕，冷声道：“姜无痕，我念你这些年的付出，原本还想着……即便与陆哥哥在一起，也会给你一个追求我的机会。但现在，你我恩断义绝！”\r\n\n    “无论你找来怎样的天材地宝，为我重塑修为，我都不会再原谅你……”\r\n\n    林晶晶贝齿紧咬，仿佛她才是那个遭到了背叛的人。\r\n\n    “煞笔！”\r\n\n    姜无痕冷哼，连看都没看一眼，走向林家众人。\r\n\n    林苍天神情惶恐，连忙祈求道：“帝子息怒，林家愿奉上一切，向帝子道歉，只求能给林家留一线生机……”\r\n\n    他仿佛看到，九族在天上失禁的看着他！\r\n\n    然而，姜无痕并未在意他的话，径直走向林清雅。\r\n\n    这位红衣少女缩在角落，仿佛预见了林家灭门的下场，面如死灰。\r\n\n    直到——\r\n\n    “你愿不愿……做我的帝子妃？”\r\n\n    姜无痕的声音响起，林清雅缓缓抬头，左右看了看，美眸中浮现出了一抹疑惑。\r\n\n    “帝子，您是在跟我说话？”\r\n\n    林清雅微微蹙眉，怯生生的问道。\r\n\n    “就是你！”姜无痕点头，坦言道，“你若嫁给我，不仅能保住林家，之前赠予林家的资源和聘礼，也无需退还。”\r\n\n    这一刻，林家众人期许的目光，纷纷落在了林清雅的身上。\r\n\n    林清雅望着姜无痕，脑海中思绪万千。\r\n\n    诚然，姜无痕非良人，但她只是毫无地位的陪嫁丫鬟。\r\n\n    如今，家族兴灭又全在她一念之间。\r\n\n    林清雅根本没有选择的余地！\r\n\n    “我愿意！”林清雅眉头舒展，脸上强颜欢笑，“能侍奉帝子，是我的荣幸！”\r\n\n    姜无痕点点头，嘴角勾起一抹笑意：“很好，去换衣服，准备拜堂成亲吧！”\r\n\n    说完，他走向帝子殿，只留下目瞪口呆的众人。\r\n\n    “无痕他究竟在做什么？放着追求了三年的林家嫡女不娶，反倒要娶一个陪嫁丫鬟？”\r\n\n    一位姜家族老疑惑道。\r\n\n    姜家家主姜临天望着姜无痕的背影，目光深邃，淡然道：“对于姜家而言，林家的嫡女和庶女……没什么区别，都是蝼蚁罢了。只要无痕喜欢，就算他想娶不朽皇朝的皇女，我等也应当满足他！”\r\n\n    言语间，他忍不住轻叹一声，道：“大帝与帝后镇守生命禁区，无痕作为他们唯一的血脉，自襁褓中托付我等。可我们却无法将他培育成才，愧对大帝和帝后……”\r\n\n    一众姜家族老闻言，不约而同的叹了口气，眼里满是愧疚。', '--json']' timed out after 120 seconds
  ⚠️ API error (attempt 2): Command '['openclaw', 'infer', 'model', 'run', '--model', 'qclaw/pool-deepseek-v4-pro', '--prompt', 'Translate the following Chinese novel chapter content to English. Return ONLY the translation, no explanation, no notes, no Chinese text:\n\n林清雅！\r\n\n    姜无痕对她有点印象，是林家旁支的庶女，因长相出众，平日里没少被林晶晶的针对。\r\n\n    这次，她更是被当做陪嫁丫鬟送了过来。\r\n\n    一身红衣，在人群中格外显眼。\r\n\n    姜无痕刚才的话，虽然声音不大，却如同五雷轰顶，让林家众人愣在原地。\r\n\n    “逆女，你怎敢如此不知廉耻，私下与陆家奸贼苟合，做出这种败坏门风的事！”林家老祖林苍天咬牙切齿，厉声怒斥，“你这么做，对得起家族，对得起帝子吗？”\r\n\n    林晶晶脸色难看，擦去嘴角的血迹，沉声道：“我就是不喜欢姜无痕这种不求上进的废物，我有什么错？”\r\n\n    “还有，你有什么资格指责我，你生了我爷爷，不代表你就是我老祖。抛开血缘关系不谈，你对我来说，也只是个毫无关系的糟老头子！”\r\n\n    这几年，她被姜无痕高高捧起，就连林苍天都不放在眼里。\r\n\n    她看向姜无痕，冷声道：“姜无痕，我念你这些年的付出，原本还想着……即便与陆哥哥在一起，也会给你一个追求我的机会。但现在，你我恩断义绝！”\r\n\n    “无论你找来怎样的天材地宝，为我重塑修为，我都不会再原谅你……”\r\n\n    林晶晶贝齿紧咬，仿佛她才是那个遭到了背叛的人。\r\n\n    “煞笔！”\r\n\n    姜无痕冷哼，连看都没看一眼，走向林家众人。\r\n\n    林苍天神情惶恐，连忙祈求道：“帝子息怒，林家愿奉上一切，向帝子道歉，只求能给林家留一线生机……”\r\n\n    他仿佛看到，九族在天上失禁的看着他！\r\n\n    然而，姜无痕并未在意他的话，径直走向林清雅。\r\n\n    这位红衣少女缩在角落，仿佛预见了林家灭门的下场，面如死灰。\r\n\n    直到——\r\n\n    “你愿不愿……做我的帝子妃？”\r\n\n    姜无痕的声音响起，林清雅缓缓抬头，左右看了看，美眸中浮现出了一抹疑惑。\r\n\n    “帝子，您是在跟我说话？”\r\n\n    林清雅微微蹙眉，怯生生的问道。\r\n\n    “就是你！”姜无痕点头，坦言道，“你若嫁给我，不仅能保住林家，之前赠予林家的资源和聘礼，也无需退还。”\r\n\n    这一刻，林家众人期许的目光，纷纷落在了林清雅的身上。\r\n\n    林清雅望着姜无痕，脑海中思绪万千。\r\n\n    诚然，姜无痕非良人，但她只是毫无地位的陪嫁丫鬟。\r\n\n    如今，家族兴灭又全在她一念之间。\r\n\n    林清雅根本没有选择的余地！\r\n\n    “我愿意！”林清雅眉头舒展，脸上强颜欢笑，“能侍奉帝子，是我的荣幸！”\r\n\n    姜无痕点点头，嘴角勾起一抹笑意：“很好，去换衣服，准备拜堂成亲吧！”\r\n\n    说完，他走向帝子殿，只留下目瞪口呆的众人。\r\n\n    “无痕他究竟在做什么？放着追求了三年的林家嫡女不娶，反倒要娶一个陪嫁丫鬟？”\r\n\n    一位姜家族老疑惑道。\r\n\n    姜家家主姜临天望着姜无痕的背影，目光深邃，淡然道：“对于姜家而言，林家的嫡女和庶女……没什么区别，都是蝼蚁罢了。只要无痕喜欢，就算他想娶不朽皇朝的皇女，我等也应当满足他！”\r\n\n    言语间，他忍不住轻叹一声，道：“大帝与帝后镇守生命禁区，无痕作为他们唯一的血脉，自襁褓中托付我等。可我们却无法将他培育成才，愧对大帝和帝后……”\r\n\n    一众姜家族老闻言，不约而同的叹了口气，眼里满是愧疚。', '--json']' timed out after 120 seconds
   ⚠️ Translation failed or still Chinese, skipped

📖 [994/1372] 开局自曝系统_家族助我娶妻成仙/ch-0003.json
   Title: 第一卷 第3章 背后有帝族，何必靠自己？
  ⚠️ API error (attempt 1): Command '['openclaw', 'infer', 'model', 'run', '--model', 'qclaw/pool-deepseek-v4-pro', '--prompt', 'Translate this Chinese chapter title to English. Return ONLY the English title, no quotes, no explanation, no other text:\n\n第一卷 第3章 背后有帝族，何必靠自己？', '--json']' timed out after 120 seconds
  ⚠️ API error (attempt 2): Command '['openclaw', 'infer', 'model', 'run', '--model', 'qclaw/pool-deepseek-v4-pro', '--prompt', 'Translate this Chinese chapter title to English. Return ONLY the English title, no quotes, no explanation, no other text:\n\n第一卷 第3章 背后有帝族，何必靠自己？', '--json']' timed out after 120 seconds
  ⚠️ API error (attempt 1): Command '['openclaw', 'infer', 'model', 'run', '--model', 'qclaw/pool-deepseek-v4-pro', '--prompt', 'Translate the following Chinese novel chapter content to English. Return ONLY the translation, no explanation, no notes, no Chinese text:\n\n【叮咚，恭喜宿主与道侣林清雅（评分95）完成圆房，奖励结算中……】\r\n\n    【获得奖励：大品仙王诀（仙阶功法）、乾坤熔炉（极道帝兵）、天圣丹（造化仙丹，体质升华）*2、修为灌顶（天武巅峰）】\r\n\n    奖励到账，姜无痕顿时面露狂喜之色。\r\n\n    仙阶功法！\r\n\n    而且还是完整的！\r\n\n    即便是帝族姜家，也只有一部仙阶功法的残篇，族中历代先祖东拼西凑，将自己对道法的感悟加了进去，勉强能修炼。\r\n\n    但比起帝阶功法，实则强不了多少。\r\n\n    有了这部完整的《大品仙王诀》，自己的大帝老爹绝对可以在有生之年，突破到更高的境界！\r\n\n    相比之下，极道帝兵的价值就低了许多。\r\n\n    毕竟，姜家是有大帝坐镇的，也曾诞生过不止一尊大帝，族中不缺极道帝兵。\r\n\n    但，谁又会嫌自家极道帝兵多呢？\r\n\n    而天圣丹，作为超越帝阶宝丹的造化仙丹，居然能令体质升华！\r\n\n    修仙界特殊体质虽种类繁多，品阶划分却并不复杂，由低到高分别为：凡体、灵体、王体、神体、圣体、道体！\r\n\n    圣体大成，可叫板大帝！\r\n\n    至于道体，传说与天地大道亲和，只要不陨落，必定能证道成帝！\r\n\n    一枚天圣丹，足以让特殊体质提升一阶！\r\n\n    而修为灌顶……\r\n\n    阎浮大世界修炼境界，由低到高可划分为：淬体境、炼气境、命宫境、天武境、洞天境、化龙境、阴阳境、神武境、轮回劫境、涅槃圣境、准帝境、帝境！\r\n\n    从淬体境到天武境，称作武者四境，乃是修炼的基础。\r\n\n    洞天境到神武境，称作生死四境，是修炼者超脱生死，命格升华的过程。\r\n\n    从轮回劫境开始，便要与天争寿，每次突破都要渡劫。\r\n\n    这也是强者的开端，劫境强者被成为尊者！\r\n\n    涅槃圣境，看似是一个境界，其实是三个境界的统称，分别是——圣人，圣人王，大圣！\r\n\n    而准帝与帝境，则是当世巅峰！\r\n\n    【是否接受修为灌顶？】\r\n\n    系统提示，随之而来。\r\n\n    “接受！”\r\n\n    音落的刹那，一股暖流自姜无痕体内催生，多年无法破开的桎梏，在此刻顿开。\r\n\n    伴随着阵阵舒爽，姜无痕忍不住发出低吟，气息以肉眼可见的速度攀升着！\r\n\n    淬体境第一重！\r\n\n    淬体境第二重！\r\n\n    ……\r\n\n    淬体境第九重！\r\n\n    突破！\r\n\n    炼气境第一重！\r\n\n    ……\r\n\n    命宫境第九重！\r\n\n    ……\r\n\n    只在短短数息之间，天武境九重巅峰，水到渠成！\r\n\n    这样的境界，放眼帝族姜家，或许连一些刚出生的孩子都不如。\r\n\n    一些准帝或大圣的子嗣，天生命格强悍，出生就有洞天境，甚至化龙境的修为，这并不奇怪。', '--json']' timed out after 120 seconds
  ⚠️ API error (attempt 2): Command '['openclaw', 'infer', 'model', 'run', '--model', 'qclaw/pool-deepseek-v4-pro', '--prompt', 'Translate the following Chinese novel chapter content to English. Return ONLY the translation, no explanation, no notes, no Chinese text:\n\n【叮咚，恭喜宿主与道侣林清雅（评分95）完成圆房，奖励结算中……】\r\n\n    【获得奖励：大品仙王诀（仙阶功法）、乾坤熔炉（极道帝兵）、天圣丹（造化仙丹，体质升华）*2、修为灌顶（天武巅峰）】\r\n\n    奖励到账，姜无痕顿时面露狂喜之色。\r\n\n    仙阶功法！\r\n\n    而且还是完整的！\r\n\n    即便是帝族姜家，也只有一部仙阶功法的残篇，族中历代先祖东拼西凑，将自己对道法的感悟加了进去，勉强能修炼。\r\n\n    但比起帝阶功法，实则强不了多少。\r\n\n    有了这部完整的《大品仙王诀》，自己的大帝老爹绝对可以在有生之年，突破到更高的境界！\r\n\n    相比之下，极道帝兵的价值就低了许多。\r\n\n    毕竟，姜家是有大帝坐镇的，也曾诞生过不止一尊大帝，族中不缺极道帝兵。\r\n\n    但，谁又会嫌自家极道帝兵多呢？\r\n\n    而天圣丹，作为超越帝阶宝丹的造化仙丹，居然能令体质升华！\r\n\n    修仙界特殊体质虽种类繁多，品阶划分却并不复杂，由低到高分别为：凡体、灵体、王体、神体、圣体、道体！\r\n\n    圣体大成，可叫板大帝！\r\n\n    至于道体，传说与天地大道亲和，只要不陨落，必定能证道成帝！\r\n\n    一枚天圣丹，足以让特殊体质提升一阶！\r\n\n    而修为灌顶……\r\n\n    阎浮大世界修炼境界，由低到高可划分为：淬体境、炼气境、命宫境、天武境、洞天境、化龙境、阴阳境、神武境、轮回劫境、涅槃圣境、准帝境、帝境！\r\n\n    从淬体境到天武境，称作武者四境，乃是修炼的基础。\r\n\n    洞天境到神武境，称作生死四境，是修炼者超脱生死，命格升华的过程。\r\n\n    从轮回劫境开始，便要与天争寿，每次突破都要渡劫。\r\n\n    这也是强者的开端，劫境强者被成为尊者！\r\n\n    涅槃圣境，看似是一个境界，其实是三个境界的统称，分别是——圣人，圣人王，大圣！\r\n\n    而准帝与帝境，则是当世巅峰！\r\n\n    【是否接受修为灌顶？】\r\n\n    系统提示，随之而来。\r\n\n    “接受！”\r\n\n    音落的刹那，一股暖流自姜无痕体内催生，多年无法破开的桎梏，在此刻顿开。\r\n\n    伴随着阵阵舒爽，姜无痕忍不住发出低吟，气息以肉眼可见的速度攀升着！\r\n\n    淬体境第一重！\r\n\n    淬体境第二重！\r\n\n    ……\r\n\n    淬体境第九重！\r\n\n    突破！\r\n\n    炼气境第一重！\r\n\n    ……\r\n\n    命宫境第九重！\r\n\n    ……\r\n\n    只在短短数息之间，天武境九重巅峰，水到渠成！\r\n\n    这样的境界，放眼帝族姜家，或许连一些刚出生的孩子都不如。\r\n\n    一些准帝或大圣的子嗣，天生命格强悍，出生就有洞天境，甚至化龙境的修为，这并不奇怪。', '--json']' timed out after 120 seconds
   ⚠️ Translation failed or still Chinese, skipped

📖 [995/1372] 开局自曝系统_家族助我娶妻成仙/ch-0004.json
   Title: 第一卷 第4章 清月，烈阳，血脉升华！
  ⚠️ API error (attempt 1): Command '['openclaw', 'infer', 'model', 'run', '--model', 'qclaw/pool-deepseek-v4-pro', '--prompt', 'Translate this Chinese chapter title to English. Return ONLY the English title, no quotes, no explanation, no other text:\n\n第一卷 第4章 清月，烈阳，血脉升华！', '--json']' timed out after 120 seconds
  ⚠️ API error (attempt 2): Command '['openclaw', 'infer', 'model', 'run', '--model', 'qclaw/pool-deepseek-v4-pro', '--prompt', 'Translate this Chinese chapter title to English. Return ONLY the English title, no quotes, no explanation, no other text:\n\n第一卷 第4章 清月，烈阳，血脉升华！', '--json']' timed out after 120 seconds
  ⚠️ API error (attempt 1): Command '['openclaw', 'infer', 'model', 'run', '--model', 'qclaw/pool-deepseek-v4-pro', '--prompt', 'Translate the following Chinese novel chapter content to English. Return ONLY the translation, no explanation, no notes, no Chinese text:\n\n天武境第九重巅峰！\r\n\n    这样的境界，在姜临天等人面前，无异于蝼蚁！\r\n\n    若是在外面遇到这种境界的修士，他们连看都懒得看一眼。\r\n\n    可如今，却一个个神情震撼，瞠目结舌。\r\n\n    “我不是在做梦吧，小无痕居然拥有了天武境的修为？”\r\n\n    “凡体，居然也能修炼！”\r\n\n    “小无痕，这到底怎么回事？”\r\n\n    一时间，众人纷纷围了上来，七嘴八舌询问。\r\n\n    “行了！”\r\n\n    姜临天开口，再次压过了众人。\r\n\n    他看着姜无痕，强压内心的激动，淡然道：“都别急，让无痕慢慢说！”\r\n\n    看着家族长辈们迫切的眼神，姜无痕轻笑道：“家主，各位长老，我现在已经不是凡体，而是圣体——”\r\n\n    “万道欲仙圣体！”\r\n\n    此话一出，众人不由得愣了一下。\r\n\n    他们也算是见多识广，对诸天万界的特殊体质颇为了解。\r\n\n    可这万道欲仙圣体，却是头一回听说？\r\n\n    “《万族体质录》当中，有这种圣体吗？”\r\n\n    “既然是圣体，有何过人之处？”\r\n\n    “这圣体，是何时觉醒，又是如何觉醒的？”\r\n\n    众人的问题像是连珠炮似的，一个接一个的追问。\r\n\n    随即，姜无痕把万道欲仙圣体的作用，以及系统的存在，一五一十的告诉了在场众人。\r\n\n    一时间，全场死寂！\r\n\n    系统的存在，即便对于这群准帝、大圣级别的强者来说，也是有些匪夷所思。\r\n\n    见姜临天等人面面相觑，表情疑惑的模样，姜无痕直接从系统空间内，取出了《大品仙王诀》和乾坤熔炉！\r\n\n    “家主，长老，这《大品仙王诀》乃是一部完整的仙阶功法，刚猛霸道，正适合我族强者修炼。”姜无痕目光灼灼，望着众人，“还有这件极道帝兵，亦是至刚至阳的神兵利刃，与我族契合！”\r\n\n    众人见状，眼里顿时迸发出狂喜之色。\r\n\n    仙阶功法，极道帝兵！\r\n\n    这可都是能够提升家族底蕴的战略级资源！\r\n\n    “无痕，这些……难道都是那所谓的‘系统’给你的？”\r\n\n    姜临天眼神炽热，激动问道。\r\n\n    “是，而且，还有——”姜无痕又取出两枚天圣丹，侃侃而谈，“这是天圣丹，属于造化仙丹。其功效，是能让特殊体质进行升华！”\r\n\n    轰！\r\n\n    又是一个重磅消息！\r\n\n    修炼者所拥有的体质是先天决定的，除非拥有大造化，否则不会改变。\r\n\n    倘若姜家早有此物，给姜无痕服用后，让他从凡体晋升为灵体，能够正常修炼，后续拿资源堆，也能给他堆到圣人！\r\n\n    可若是让神体天骄服用，那将直接晋升圣体！\r\n\n    这可是妥妥的大帝苗子，万年难遇！\r\n\n    即便成不了大帝，大成圣体也可叫板大帝，比肩准圣巅峰！\r\n\n    这一刻，就连姜临天都忍不住疯狂了。', '--json']' timed out after 120 seconds
  ⚠️ API error (attempt 2): Command '['openclaw', 'infer', 'model', 'run', '--model', 'qclaw/pool-deepseek-v4-pro', '--prompt', 'Translate the following Chinese novel chapter content to English. Return ONLY the translation, no explanation, no notes, no Chinese text:\n\n天武境第九重巅峰！\r\n\n    这样的境界，在姜临天等人面前，无异于蝼蚁！\r\n\n    若是在外面遇到这种境界的修士，他们连看都懒得看一眼。\r\n\n    可如今，却一个个神情震撼，瞠目结舌。\r\n\n    “我不是在做梦吧，小无痕居然拥有了天武境的修为？”\r\n\n    “凡体，居然也能修炼！”\r\n\n    “小无痕，这到底怎么回事？”\r\n\n    一时间，众人纷纷围了上来，七嘴八舌询问。\r\n\n    “行了！”\r\n\n    姜临天开口，再次压过了众人。\r\n\n    他看着姜无痕，强压内心的激动，淡然道：“都别急，让无痕慢慢说！”\r\n\n    看着家族长辈们迫切的眼神，姜无痕轻笑道：“家主，各位长老，我现在已经不是凡体，而是圣体——”\r\n\n    “万道欲仙圣体！”\r\n\n    此话一出，众人不由得愣了一下。\r\n\n    他们也算是见多识广，对诸天万界的特殊体质颇为了解。\r\n\n    可这万道欲仙圣体，却是头一回听说？\r\n\n    “《万族体质录》当中，有这种圣体吗？”\r\n\n    “既然是圣体，有何过人之处？”\r\n\n    “这圣体，是何时觉醒，又是如何觉醒的？”\r\n\n    众人的问题像是连珠炮似的，一个接一个的追问。\r\n\n    随即，姜无痕把万道欲仙圣体的作用，以及系统的存在，一五一十的告诉了在场众人。\r\n\n    一时间，全场死寂！\r\n\n    系统的存在，即便对于这群准帝、大圣级别的强者来说，也是有些匪夷所思。\r\n\n    见姜临天等人面面相觑，表情疑惑的模样，姜无痕直接从系统空间内，取出了《大品仙王诀》和乾坤熔炉！\r\n\n    “家主，长老，这《大品仙王诀》乃是一部完整的仙阶功法，刚猛霸道，正适合我族强者修炼。”姜无痕目光灼灼，望着众人，“还有这件极道帝兵，亦是至刚至阳的神兵利刃，与我族契合！”\r\n\n    众人见状，眼里顿时迸发出狂喜之色。\r\n\n    仙阶功法，极道帝兵！\r\n\n    这可都是能够提升家族底蕴的战略级资源！\r\n\n    “无痕，这些……难道都是那所谓的‘系统’给你的？”\r\n\n    姜临天眼神炽热，激动问道。\r\n\n    “是，而且，还有——”姜无痕又取出两枚天圣丹，侃侃而谈，“这是天圣丹，属于造化仙丹。其功效，是能让特殊体质进行升华！”\r\n\n    轰！\r\n\n    又是一个重磅消息！\r\n\n    修炼者所拥有的体质是先天决定的，除非拥有大造化，否则不会改变。\r\n\n    倘若姜家早有此物，给姜无痕服用后，让他从凡体晋升为灵体，能够正常修炼，后续拿资源堆，也能给他堆到圣人！\r\n\n    可若是让神体天骄服用，那将直接晋升圣体！\r\n\n    这可是妥妥的大帝苗子，万年难遇！\r\n\n    即便成不了大帝，大成圣体也可叫板大帝，比肩准圣巅峰！\r\n\n    这一刻，就连姜临天都忍不住疯狂了。', '--json']' timed out after 120 seconds
   ⚠️ Translation failed or still Chinese, skipped

📖 [996/1372] 开局自曝系统_家族助我娶妻成仙/ch-0005.json
   Title: 第一卷 第5章 人如其名，命里缺日！
  ⚠️ API error (attempt 1): Command '['openclaw', 'infer', 'model', 'run', '--model', 'qclaw/pool-deepseek-v4-pro', '--prompt', 'Translate this Chinese chapter title to English. Return ONLY the English title, no quotes, no explanation, no other text:\n\n第一卷 第5章 人如其名，命里缺日！', '--json']' timed out after 120 seconds
  ⚠️ API error (attempt 2): Command '['openclaw', 'infer', 'model', 'run', '--model', 'qclaw/pool-deepseek-v4-pro', '--prompt', 'Translate this Chinese chapter title to English. Return ONLY the English title, no quotes, no explanation, no other text:\n\n第一卷 第5章 人如其名，命里缺日！', '--json']' timed out after 120 seconds
  ⚠️ API error (attempt 1): Command '['openclaw', 'infer', 'model', 'run', '--model', 'qclaw/pool-deepseek-v4-pro', '--prompt', 'Translate the following Chinese novel chapter content to English. Return ONLY the translation, no explanation, no notes, no Chinese text:\n\n姜家主殿内，姜临天和一众族老彻底疯狂！\r\n\n    他们眼里没有半点私心，只有对姜家崛起的渴求！\r\n\n    甚至，脾气火爆的二长老，已经打算去抢亲了！\r\n\n    姜无痕见状，忍不住劝道：“家主，各位长老，咱们先冷静些……”\r\n\n    “那些个天之骄女，哪个不是各大势力的掌上明珠？若是同时向她们提出联姻，甚至去抢婚，无异于向各大势力宣战。我们姜家，或许会成为众矢之的……”\r\n\n    即便姜家作为不朽帝族，族内有大帝坐镇，也经不起这么折腾！\r\n\n    到时候，天之骄女没娶回来，先把人给得罪遍了，就得不偿失了！\r\n\n    “小无痕说的有道理，要不……先娶一个？”\r\n\n    有人提议道。\r\n\n    此话一出，顿时遭到了众人的反对。\r\n\n    “娶一个？让其他不朽世家看到，还以为我们姜家娶不起帝子妃呢！”\r\n\n    “娶十个，一天十个！”\r\n\n    “说得对！准备好聘礼，让所有势力知道，能够嫁给姜家帝子，是他们的荣幸！”\r\n\n    “安静！”\r\n\n    姜临天制止众人，淡然道：“诸位长老的心思，我能理解。但这种事，却不可太过激进。”\r\n\n    “就算姜家扛得住，无痕的身体也扛不住……”\r\n\n    他说这话的时候，众人不约而同的看了姜无痕一眼，眼神中满怀深意。\r\n\n    “家主，你的意思是……”\r\n\n    姜临战问道。\r\n\n    “封锁消息，今日在主殿内发生的一切，列为家族最高机密，任何人不得泄露！”姜临天神色凝重，吩咐道，“不仅要搜集阎浮大世界的天之骄女信息，姜家所辖下界各方中千世界、小千世界的天之骄女，也要尽快搜集。”\r\n\n    “我们要为无尘，从诸天万界……挑选最好的道侣！”\r\n\n    姜临天抬手搭在姜无痕的肩膀上，嘱咐道：“无痕，这些琐事你就不用管了，现在你要做的，就是调理好身体，为我们姜家开枝散叶！”\r\n\n    “我会为你准备最好的修炼资源，若有什么其他需要，也可随时来找我！”\r\n\n    姜临天目光灼灼，其他族老也纷纷点头，眼里满是情真意切。\r\n\n    姜无痕点头，心生感动。\r\n\n    家族这些长辈，对他的关心从未变过。\r\n\n    他离开姜家主殿，接下来要做的，只需要耐心等待。\r\n\n    这时，殿外两道身影迎了上来！\r\n\n    “帝子！”\r\n\n    姜凡、姜怜兄妹，不约而同的跪在了姜无痕面前。\r\n\n    “帝子对我兄妹二人恩同再造，今后我二人愿为帝子上刀山，下火海。但凡帝子有所需要，我们定当万死不辞！”\r\n\n    二人抬头，眼神中满是崇拜与狂热。\r\n\n    姜无痕见状，内心颇为欣慰。\r\n\n    两尊圣体！\r\n\n    都是好苗子！\r\n\n    若是好好培养，将来必定都是能够独当一面的强者。\r\n\n    同时，姜无痕下意识的用系统探查了姜怜一番——\r\n\n    【姜怜】\r\n\n    【评分：89】', '--json']' timed out after 120 seconds
  ⚠️ API error (attempt 2): Command '['openclaw', 'infer', 'model', 'run', '--model', 'qclaw/pool-deepseek-v4-pro', '--prompt', 'Translate the following Chinese novel chapter content to English. Return ONLY the translation, no explanation, no notes, no Chinese text:\n\n姜家主殿内，姜临天和一众族老彻底疯狂！\r\n\n    他们眼里没有半点私心，只有对姜家崛起的渴求！\r\n\n    甚至，脾气火爆的二长老，已经打算去抢亲了！\r\n\n    姜无痕见状，忍不住劝道：“家主，各位长老，咱们先冷静些……”\r\n\n    “那些个天之骄女，哪个不是各大势力的掌上明珠？若是同时向她们提出联姻，甚至去抢婚，无异于向各大势力宣战。我们姜家，或许会成为众矢之的……”\r\n\n    即便姜家作为不朽帝族，族内有大帝坐镇，也经不起这么折腾！\r\n\n    到时候，天之骄女没娶回来，先把人给得罪遍了，就得不偿失了！\r\n\n    “小无痕说的有道理，要不……先娶一个？”\r\n\n    有人提议道。\r\n\n    此话一出，顿时遭到了众人的反对。\r\n\n    “娶一个？让其他不朽世家看到，还以为我们姜家娶不起帝子妃呢！”\r\n\n    “娶十个，一天十个！”\r\n\n    “说得对！准备好聘礼，让所有势力知道，能够嫁给姜家帝子，是他们的荣幸！”\r\n\n    “安静！”\r\n\n    姜临天制止众人，淡然道：“诸位长老的心思，我能理解。但这种事，却不可太过激进。”\r\n\n    “就算姜家扛得住，无痕的身体也扛不住……”\r\n\n    他说这话的时候，众人不约而同的看了姜无痕一眼，眼神中满怀深意。\r\n\n    “家主，你的意思是……”\r\n\n    姜临战问道。\r\n\n    “封锁消息，今日在主殿内发生的一切，列为家族最高机密，任何人不得泄露！”姜临天神色凝重，吩咐道，“不仅要搜集阎浮大世界的天之骄女信息，姜家所辖下界各方中千世界、小千世界的天之骄女，也要尽快搜集。”\r\n\n    “我们要为无尘，从诸天万界……挑选最好的道侣！”\r\n\n    姜临天抬手搭在姜无痕的肩膀上，嘱咐道：“无痕，这些琐事你就不用管了，现在你要做的，就是调理好身体，为我们姜家开枝散叶！”\r\n\n    “我会为你准备最好的修炼资源，若有什么其他需要，也可随时来找我！”\r\n\n    姜临天目光灼灼，其他族老也纷纷点头，眼里满是情真意切。\r\n\n    姜无痕点头，心生感动。\r\n\n    家族这些长辈，对他的关心从未变过。\r\n\n    他离开姜家主殿，接下来要做的，只需要耐心等待。\r\n\n    这时，殿外两道身影迎了上来！\r\n\n    “帝子！”\r\n\n    姜凡、姜怜兄妹，不约而同的跪在了姜无痕面前。\r\n\n    “帝子对我兄妹二人恩同再造，今后我二人愿为帝子上刀山，下火海。但凡帝子有所需要，我们定当万死不辞！”\r\n\n    二人抬头，眼神中满是崇拜与狂热。\r\n\n    姜无痕见状，内心颇为欣慰。\r\n\n    两尊圣体！\r\n\n    都是好苗子！\r\n\n    若是好好培养，将来必定都是能够独当一面的强者。\r\n\n    同时，姜无痕下意识的用系统探查了姜怜一番——\r\n\n    【姜怜】\r\n\n    【评分：89】', '--json']' timed out after 120 seconds
   ⚠️ Translation failed or still Chinese, skipped

📖 [997/1372] 开局自曝系统_家族助我娶妻成仙/ch-0006.json
   Title: 第一卷 第6章 觉醒圣体，生命的律动！
  ⚠️ API error (attempt 1): Command '['openclaw', 'infer', 'model', 'run', '--model', 'qclaw/pool-deepseek-v4-pro', '--prompt', 'Translate this Chinese chapter title to English. Return ONLY the English title, no quotes, no explanation, no other text:\n\n第一卷 第6章 觉醒圣体，生命的律动！', '--json']' timed out after 120 seconds
  ⚠️ API error (attempt 2): Command '['openclaw', 'infer', 'model', 'run', '--model', 'qclaw/pool-deepseek-v4-pro', '--prompt', 'Translate this Chinese chapter title to English. Return ONLY the English title, no quotes, no explanation, no other text:\n\n第一卷 第6章 觉醒圣体，生命的律动！', '--json']' timed out after 120 seconds
  ⚠️ API error (attempt 1): Command '['openclaw', 'infer', 'model', 'run', '--model', 'qclaw/pool-deepseek-v4-pro', '--prompt', 'Translate the following Chinese novel chapter content to English. Return ONLY the translation, no explanation, no notes, no Chinese text:\n\n帝子殿之上，清冷的月轮高挂。\r\n\n    水雾弥漫，纵横万里！\r\n\n    天地之间，朦胧未分，在皎洁月色之下，仿若一条银白色的天河高挂。\r\n\n    髣髴兮若轻云之蔽月，飘摇兮若流风之回雪！\r\n\n    林清雅的洛天圣体，觉醒了！\r\n\n    这天地异象，像是一记响亮的耳光，抽在了林晶晶的脸上。\r\n\n    她自傲的洛水灵体，在洛天圣体面前，犹如渣滓！\r\n\n    “这股气息……是林清雅？”林晶晶呢喃自语，却又连忙摇头，“不，不可能，她只是林家旁支的一个小杂种，从小就被我踩在脚下，她怎么可能拥有如此强悍的体质？”\r\n\n    “我不信，我不相信！”\r\n\n    林晶晶扑向姜无痕，神色恍惚道：“姜无痕，这都是你搞出来的障眼法，是用来骗我的对不对？”\r\n\n    “我错了，我向你道歉，你别再吓唬我了好不好？”她抓着姜无痕的胳膊，声音颤抖，“我们就当昨天的事情都没发生过，回到以前那样……好不好？”\r\n\n    “只要你休了林清雅那个小贱人，我就同意嫁给你，谁都不能拆散我们……”\r\n\n    话音未落，姜无痕一脚将她踹开。\r\n\n    “你踏马倒是一点儿亏都不吃，还想让老子继续给你当舔狗？”姜无痕一脸厌恶，不屑道，“就你这幅德行，连我帝子殿里的侍女都比不上！”\r\n\n    “我当初是瞎了眼，居然舔你这样的破鞋！”\r\n\n    姜无痕看向林晶晶的眼神中，充满了厌恶。\r\n\n    “不，不是的……”林晶晶挣扎着爬起来，匆忙解释道，“都是陆晨花言巧语欺骗我，我也只是犯了一个所有年轻女孩都会犯的错误而已，又没干别的什么，你为什么就不能原谅我呢？”\r\n\n    “而且，你怎么知道……我跟陆晨睡的时候，心里想的不是你？”\r\n\n    话音未落，一股强大的威压降下，赫然锁定了林晶晶。\r\n\n    她并未接触到姜无痕，身体仿佛被定格般，再难动弹分毫。\r\n\n    不远处，一位身材丰腴，成熟知性的美妇人缓步而来，看向林晶晶的眼神中，满是冰冷与阴沉。\r\n\n    “雪姨？”姜无痕认出了对方，问道，“你怎么来了？”\r\n\n    被称作‘雪姨’的女人，是自幼跟随姜临天的侍女，在一些场合上，她的言行都能直接代表姜临天。\r\n\n    除此之外，她还是一位圣人王！\r\n\n    “小无痕，我奉家主之命而来，对你贴身保护！”雪姨解释，随即看向林晶晶，“小无痕，我不知道你是怎么想的，但这样一个水性杨花，又蠢又坏的女人，不值得你在她身上浪费时间。”\r\n\n    “你有更重要的事情要去做！”\r\n\n    她作为姜临天的心腹，显然是知道系统的。\r\n\n    “雪姨，你说得对，这个人就交给你了。”姜无痕点头，沉声道，“我不想再见到她，你知道该怎么做。”\r\n\n    说完，他转身回了帝子殿。\r\n\n    雪姨见状，顿感意外。\r\n\n    这孩子，怎么变得这么听话了？\r\n\n    反观林晶晶，顿时脸色苍白，不断呼喊着姜无痕的名字。', '--json']' timed out after 120 seconds
  ⚠️ API error (attempt 2): Command '['openclaw', 'infer', 'model', 'run', '--model', 'qclaw/pool-deepseek-v4-pro', '--prompt', 'Translate the following Chinese novel chapter content to English. Return ONLY the translation, no explanation, no notes, no Chinese text:\n\n帝子殿之上，清冷的月轮高挂。\r\n\n    水雾弥漫，纵横万里！\r\n\n    天地之间，朦胧未分，在皎洁月色之下，仿若一条银白色的天河高挂。\r\n\n    髣髴兮若轻云之蔽月，飘摇兮若流风之回雪！\r\n\n    林清雅的洛天圣体，觉醒了！\r\n\n    这天地异象，像是一记响亮的耳光，抽在了林晶晶的脸上。\r\n\n    她自傲的洛水灵体，在洛天圣体面前，犹如渣滓！\r\n\n    “这股气息……是林清雅？”林晶晶呢喃自语，却又连忙摇头，“不，不可能，她只是林家旁支的一个小杂种，从小就被我踩在脚下，她怎么可能拥有如此强悍的体质？”\r\n\n    “我不信，我不相信！”\r\n\n    林晶晶扑向姜无痕，神色恍惚道：“姜无痕，这都是你搞出来的障眼法，是用来骗我的对不对？”\r\n\n    “我错了，我向你道歉，你别再吓唬我了好不好？”她抓着姜无痕的胳膊，声音颤抖，“我们就当昨天的事情都没发生过，回到以前那样……好不好？”\r\n\n    “只要你休了林清雅那个小贱人，我就同意嫁给你，谁都不能拆散我们……”\r\n\n    话音未落，姜无痕一脚将她踹开。\r\n\n    “你踏马倒是一点儿亏都不吃，还想让老子继续给你当舔狗？”姜无痕一脸厌恶，不屑道，“就你这幅德行，连我帝子殿里的侍女都比不上！”\r\n\n    “我当初是瞎了眼，居然舔你这样的破鞋！”\r\n\n    姜无痕看向林晶晶的眼神中，充满了厌恶。\r\n\n    “不，不是的……”林晶晶挣扎着爬起来，匆忙解释道，“都是陆晨花言巧语欺骗我，我也只是犯了一个所有年轻女孩都会犯的错误而已，又没干别的什么，你为什么就不能原谅我呢？”\r\n\n    “而且，你怎么知道……我跟陆晨睡的时候，心里想的不是你？”\r\n\n    话音未落，一股强大的威压降下，赫然锁定了林晶晶。\r\n\n    她并未接触到姜无痕，身体仿佛被定格般，再难动弹分毫。\r\n\n    不远处，一位身材丰腴，成熟知性的美妇人缓步而来，看向林晶晶的眼神中，满是冰冷与阴沉。\r\n\n    “雪姨？”姜无痕认出了对方，问道，“你怎么来了？”\r\n\n    被称作‘雪姨’的女人，是自幼跟随姜临天的侍女，在一些场合上，她的言行都能直接代表姜临天。\r\n\n    除此之外，她还是一位圣人王！\r\n\n    “小无痕，我奉家主之命而来，对你贴身保护！”雪姨解释，随即看向林晶晶，“小无痕，我不知道你是怎么想的，但这样一个水性杨花，又蠢又坏的女人，不值得你在她身上浪费时间。”\r\n\n    “你有更重要的事情要去做！”\r\n\n    她作为姜临天的心腹，显然是知道系统的。\r\n\n    “雪姨，你说得对，这个人就交给你了。”姜无痕点头，沉声道，“我不想再见到她，你知道该怎么做。”\r\n\n    说完，他转身回了帝子殿。\r\n\n    雪姨见状，顿感意外。\r\n\n    这孩子，怎么变得这么听话了？\r\n\n    反观林晶晶，顿时脸色苍白，不断呼喊着姜无痕的名字。', '--json']' timed out after 120 seconds
   ⚠️ Translation failed or still Chinese, skipped

📖 [998/1372] 开局自曝系统_家族助我娶妻成仙/ch-0007.json
   Title: 第一卷 第7章 下一个目标！
  ⚠️ API error (attempt 1): Command '['openclaw', 'infer', 'model', 'run', '--model', 'qclaw/pool-deepseek-v4-pro', '--prompt', 'Translate this Chinese chapter title to English. Return ONLY the English title, no quotes, no explanation, no other text:\n\n第一卷 第7章 下一个目标！', '--json']' timed out after 120 seconds
  ⚠️ API error (attempt 2): Command '['openclaw', 'infer', 'model', 'run', '--model', 'qclaw/pool-deepseek-v4-pro', '--prompt', 'Translate this Chinese chapter title to English. Return ONLY the English title, no quotes, no explanation, no other text:\n\n第一卷 第7章 下一个目标！', '--json']' timed out after 120 seconds
  ⚠️ API error (attempt 1): Command '['openclaw', 'infer', 'model', 'run', '--model', 'qclaw/pool-deepseek-v4-pro', '--prompt', 'Translate the following Chinese novel chapter content to English. Return ONLY the translation, no explanation, no notes, no Chinese text:\n\n接下来的三天时间，姜无痕和林清雅几乎没出门。\r\n\n    每天日日夜夜、日以继夜，为怀上双胞胎而努力耕耘。\r\n\n    直到帝子殿的核心阵法传来波动，那是殿外有人求见的信号。\r\n\n    姜无痕结束之后，这才穿上衣服，神清气爽的走出了帝子殿。\r\n\n    一出门，姜无痕看到殿前跪着一群人。\r\n\n    有曾经帝子殿的侍女和仆从，也有不少新面孔，少说得有上百人！\r\n\n    这些应该都是姜临天为帝子殿新增的人手，专门伺候帝子和帝子妃的起居。\r\n\n    这时，以雪姨为首，带着十几位圣人级别的护道者，各自端着一只托盘走了过来。\r\n\n    “小无痕，家主说……你这几日辛苦了，特意命我等为你送来这十全大补汤！”\r\n\n    “除此之外，这里还有大长老让我送来的‘破天丹’，说是……以备不时之需。”\r\n\n    雪姨说着，递来一枚玉瓶。\r\n\n    姜无痕看着这场面，忍不住嘴角抽搐。\r\n\n    十全大补汤就算了，破天丹又是几个意思？\r\n\n    这不是让那些不行的人，短暂成为真男人的虎狼之药吗？\r\n\n    自己龙精虎猛，一夜一次，一次一夜，哪里需要这种东西？\r\n\n    “十全大补汤放在殿内，这破天丹送还给大长老，让他自己留着用吧！”\r\n\n    姜无痕摆手道。\r\n\n    雪姨轻笑，微微点头。\r\n\n    “对了，小无痕，这几天，家族帮你物色了不少人选，如今正在主殿议事。”雪姨开口，解释道，“家主说，你如果休息好了，就过去看一下……”\r\n\n    “这么快就把阎浮大世界和下界的天之骄女筛了一遍？”姜无痕有些惊喜，忍不住笑道，“家主他们这效率，够快的！”\r\n\n    如今，林清雅已经怀上。\r\n\n    折腾了三天，也没有双胞胎的迹象，多半是够呛了！\r\n\n    为了安全起见，在诞下孩子之前，最好还是不要再碰她了。\r\n\n    纳妾之事，就要步入正轨！\r\n\n    “走吧，雪姨，咱们现在就去！”\r\n\n    姜无痕点头，走向主殿。\r\n\n    雪姨望着姜无痕的背影，不由得感慨道：“小无痕明明刚成亲不久，时刻不忘辛勤耕耘。如今，为了家族，却又要继续纳妾。”\r\n\n    “真是苦了这孩子了……”\r\n\n    ……\r\n\n    姜家主殿。\r\n\n    姜临天和一众族老围坐在一条巨大的长桌旁，看着上方以灵力投影出的各方天之骄女画像，争论不休。\r\n\n    “太凰仙朝的长公主，沐云溪，乃是仙心玉体，这是世之罕见的双修神体，与小无痕正好相配！”\r\n\n    “老大，你安的什么心？沐云溪比小无痕大几十岁，连女儿都有了。难不成，你想让小无痕娶这个不守妇道的残花败柳？”\r\n\n    “别把话说的这么难听，什么残花败柳？据我所知，沐云溪从来没有过男人。凝薇郡主是她十几年前收养的，并非亲女儿……”\r\n\n    “那还不如娶沐凝薇，虽不是双修神体，却是有名的先天战体。在神体之中，排名极高！”\r\n\n    “小孩子才做选择，全都要不好吗？”\r\n\n    “太凰仙朝内部势力错综复杂，最好别让小无痕蹚这趟浑水。瑶池圣女，齐梦瑶，先天道胎。况且，我姜家曾与瑶池圣地有些渊源……”\r\n\n    “还有太玄仙门的苏清玥，听说是剑仙转世，拥有清净琉璃剑心！”\r\n\n    “这些个大势力，没一个是省油的灯，无痕名声在外，如今又刚成亲不久。你让他们把人嫁过来做妾，十有八九不会同意。”\r\n\n    “格局打开，不是还有下界天骄吗？”\r\n\n    就在众人争执之际，姜无痕到来。\r\n\n    姜临天见状，连忙把他叫到身边，摁着他坐在了家主才有资格坐的上首宝座上。', '--json']' timed out after 120 seconds
  ⚠️ API error (attempt 2): Command '['openclaw', 'infer', 'model', 'run', '--model', 'qclaw/pool-deepseek-v4-pro', '--prompt', 'Translate the following Chinese novel chapter content to English. Return ONLY the translation, no explanation, no notes, no Chinese text:\n\n接下来的三天时间，姜无痕和林清雅几乎没出门。\r\n\n    每天日日夜夜、日以继夜，为怀上双胞胎而努力耕耘。\r\n\n    直到帝子殿的核心阵法传来波动，那是殿外有人求见的信号。\r\n\n    姜无痕结束之后，这才穿上衣服，神清气爽的走出了帝子殿。\r\n\n    一出门，姜无痕看到殿前跪着一群人。\r\n\n    有曾经帝子殿的侍女和仆从，也有不少新面孔，少说得有上百人！\r\n\n    这些应该都是姜临天为帝子殿新增的人手，专门伺候帝子和帝子妃的起居。\r\n\n    这时，以雪姨为首，带着十几位圣人级别的护道者，各自端着一只托盘走了过来。\r\n\n    “小无痕，家主说……你这几日辛苦了，特意命我等为你送来这十全大补汤！”\r\n\n    “除此之外，这里还有大长老让我送来的‘破天丹’，说是……以备不时之需。”\r\n\n    雪姨说着，递来一枚玉瓶。\r\n\n    姜无痕看着这场面，忍不住嘴角抽搐。\r\n\n    十全大补汤就算了，破天丹又是几个意思？\r\n\n    这不是让那些不行的人，短暂成为真男人的虎狼之药吗？\r\n\n    自己龙精虎猛，一夜一次，一次一夜，哪里需要这种东西？\r\n\n    “十全大补汤放在殿内，这破天丹送还给大长老，让他自己留着用吧！”\r\n\n    姜无痕摆手道。\r\n\n    雪姨轻笑，微微点头。\r\n\n    “对了，小无痕，这几天，家族帮你物色了不少人选，如今正在主殿议事。”雪姨开口，解释道，“家主说，你如果休息好了，就过去看一下……”\r\n\n    “这么快就把阎浮大世界和下界的天之骄女筛了一遍？”姜无痕有些惊喜，忍不住笑道，“家主他们这效率，够快的！”\r\n\n    如今，林清雅已经怀上。\r\n\n    折腾了三天，也没有双胞胎的迹象，多半是够呛了！\r\n\n    为了安全起见，在诞下孩子之前，最好还是不要再碰她了。\r\n\n    纳妾之事，就要步入正轨！\r\n\n    “走吧，雪姨，咱们现在就去！”\r\n\n    姜无痕点头，走向主殿。\r\n\n    雪姨望着姜无痕的背影，不由得感慨道：“小无痕明明刚成亲不久，时刻不忘辛勤耕耘。如今，为了家族，却又要继续纳妾。”\r\n\n    “真是苦了这孩子了……”\r\n\n    ……\r\n\n    姜家主殿。\r\n\n    姜临天和一众族老围坐在一条巨大的长桌旁，看着上方以灵力投影出的各方天之骄女画像，争论不休。\r\n\n    “太凰仙朝的长公主，沐云溪，乃是仙心玉体，这是世之罕见的双修神体，与小无痕正好相配！”\r\n\n    “老大，你安的什么心？沐云溪比小无痕大几十岁，连女儿都有了。难不成，你想让小无痕娶这个不守妇道的残花败柳？”\r\n\n    “别把话说的这么难听，什么残花败柳？据我所知，沐云溪从来没有过男人。凝薇郡主是她十几年前收养的，并非亲女儿……”\r\n\n    “那还不如娶沐凝薇，虽不是双修神体，却是有名的先天战体。在神体之中，排名极高！”\r\n\n    “小孩子才做选择，全都要不好吗？”\r\n\n    “太凰仙朝内部势力错综复杂，最好别让小无痕蹚这趟浑水。瑶池圣女，齐梦瑶，先天道胎。况且，我姜家曾与瑶池圣地有些渊源……”\r\n\n    “还有太玄仙门的苏清玥，听说是剑仙转世，拥有清净琉璃剑心！”\r\n\n    “这些个大势力，没一个是省油的灯，无痕名声在外，如今又刚成亲不久。你让他们把人嫁过来做妾，十有八九不会同意。”\r\n\n    “格局打开，不是还有下界天骄吗？”\r\n\n    就在众人争执之际，姜无痕到来。\r\n\n    姜临天见状，连忙把他叫到身边，摁着他坐在了家主才有资格坐的上首宝座上。', '--json']' timed out after 120 seconds
   ⚠️ Translation failed or still Chinese, skipped

📖 [999/1372] 开局自曝系统_家族助我娶妻成仙/ch-0008.json
   Title: 第一卷 第8章 姜家废物，也配娶我？
  ⚠️ API error (attempt 1): Command '['openclaw', 'infer', 'model', 'run', '--model', 'qclaw/pool-deepseek-v4-pro', '--prompt', 'Translate this Chinese chapter title to English. Return ONLY the English title, no quotes, no explanation, no other text:\n\n第一卷 第8章 姜家废物，也配娶我？', '--json']' timed out after 120 seconds
  ⚠️ API error (attempt 2): Command '['openclaw', 'infer', 'model', 'run', '--model', 'qclaw/pool-deepseek-v4-pro', '--prompt', 'Translate this Chinese chapter title to English. Return ONLY the English title, no quotes, no explanation, no other text:\n\n第一卷 第8章 姜家废物，也配娶我？', '--json']' timed out after 120 seconds
  ⚠️ API error (attempt 1): Command '['openclaw', 'infer', 'model', 'run', '--model', 'qclaw/pool-deepseek-v4-pro', '--prompt', 'Translate the following Chinese novel chapter content to English. Return ONLY the translation, no explanation, no notes, no Chinese text:\n\n姜家主殿内，众长老目光灼灼，眼神火热！\r\n\n    姜临天看向姜无痕，见后者冲他点头，眼神骤然变得坚定。\r\n\n    “好！”\r\n\n    “传令，备齐聘礼，将‘那件东西’也带上！”\r\n\n    “我会将此事告知大帝，请下大帝法旨。待到明日，二长老与我通往太凰仙朝，向长公主沐云溪……提亲！”\r\n\n    姜临天气势如虹，霸道的声音在殿内回荡。\r\n\n    姜无痕看着沐云溪的画像投影，嘴角勾起一抹笑意。\r\n\n    “时隔十几年，长公主……不知是否还记得，当初的约定？”\r\n\n    而远在太凰仙朝的沐云溪，没来由的背后一凉。\r\n\n    殊不知，她已经被人给盯上了……\r\n\n    ……\r\n\n    帝子殿，寝宫内。\r\n\n    姜无痕回来的时候，已经临近傍晚。\r\n\n    林清雅换上了一袭青色衣裙，恢复了往昔的淡雅。\r\n\n    见姜无痕回来，她温柔唤了声‘夫君’，并下意识的想要褪去衣衫。\r\n\n    姜无痕见状，却摆手制止了她。\r\n\n    “夫人，你既有了身孕，前三个月……我们还是注意些，以免动了胎气。”\r\n\n    听闻此话，林清雅不由得愣了一下。\r\n\n    今天这是太阳打西边出来了？\r\n\n    自从成亲到现在，但凡姜无痕在帝子殿，自己都没下过床……\r\n\n    事出无常必有妖！\r\n\n    “夫君，不执着于双胞胎了？”\r\n\n    林清雅语气轻松，带着几分调笑。\r\n\n    “如果可以，我当然想要……”姜无痕将她揽入怀中，无奈苦笑道，“可我更在意你和孩子的安全……”\r\n\n    林清雅闻言，心里淌过一阵暖流。\r\n\n    她轻抿粉唇，在姜无痕的耳畔小声呢喃道：“夫君放心，我能感受到……它很稳定！”\r\n\n    此话一出，连她自己都愣了一下。\r\n\n    为什么要说出这种话？\r\n\n    搞得很像是自己在主动索取一样！\r\n\n    二人虽是夫妻，但林清雅并不觉得自己会在这么短的时间内，对姜无痕这个陌生男人产生欲求不满的爱意。\r\n\n    而且，说出这种不检点的话，会不会让夫君以为自己是那种随便的女人？\r\n\n    “夫君，我不是那个意思……”\r\n\n    可她的话还没说完，却对上了姜无痕那邪魅的笑意。\r\n\n    “既然这样，那就在我临走之前，咱们再努力一次！”\r\n\n    ……\r\n\n    结束时，已经是后半夜了。\r\n\n    姜无痕神清气爽的躺在床上，林清雅面露醉人的酡红，柔弱无力的依偎在姜无痕的怀里，享受着温存。\r\n\n    “夫君，你要出远门了吗？”\r\n\n    林清雅声音透露着虚弱，美眸流转，柔情似水。\r\n\n    “明天动身，去一趟太凰仙朝，给你找两个姐妹……”', '--json']' timed out after 120 seconds
  ⚠️ API error (attempt 2): Command '['openclaw', 'infer', 'model', 'run', '--model', 'qclaw/pool-deepseek-v4-pro', '--prompt', 'Translate the following Chinese novel chapter content to English. Return ONLY the translation, no explanation, no notes, no Chinese text:\n\n姜家主殿内，众长老目光灼灼，眼神火热！\r\n\n    姜临天看向姜无痕，见后者冲他点头，眼神骤然变得坚定。\r\n\n    “好！”\r\n\n    “传令，备齐聘礼，将‘那件东西’也带上！”\r\n\n    “我会将此事告知大帝，请下大帝法旨。待到明日，二长老与我通往太凰仙朝，向长公主沐云溪……提亲！”\r\n\n    姜临天气势如虹，霸道的声音在殿内回荡。\r\n\n    姜无痕看着沐云溪的画像投影，嘴角勾起一抹笑意。\r\n\n    “时隔十几年，长公主……不知是否还记得，当初的约定？”\r\n\n    而远在太凰仙朝的沐云溪，没来由的背后一凉。\r\n\n    殊不知，她已经被人给盯上了……\r\n\n    ……\r\n\n    帝子殿，寝宫内。\r\n\n    姜无痕回来的时候，已经临近傍晚。\r\n\n    林清雅换上了一袭青色衣裙，恢复了往昔的淡雅。\r\n\n    见姜无痕回来，她温柔唤了声‘夫君’，并下意识的想要褪去衣衫。\r\n\n    姜无痕见状，却摆手制止了她。\r\n\n    “夫人，你既有了身孕，前三个月……我们还是注意些，以免动了胎气。”\r\n\n    听闻此话，林清雅不由得愣了一下。\r\n\n    今天这是太阳打西边出来了？\r\n\n    自从成亲到现在，但凡姜无痕在帝子殿，自己都没下过床……\r\n\n    事出无常必有妖！\r\n\n    “夫君，不执着于双胞胎了？”\r\n\n    林清雅语气轻松，带着几分调笑。\r\n\n    “如果可以，我当然想要……”姜无痕将她揽入怀中，无奈苦笑道，“可我更在意你和孩子的安全……”\r\n\n    林清雅闻言，心里淌过一阵暖流。\r\n\n    她轻抿粉唇，在姜无痕的耳畔小声呢喃道：“夫君放心，我能感受到……它很稳定！”\r\n\n    此话一出，连她自己都愣了一下。\r\n\n    为什么要说出这种话？\r\n\n    搞得很像是自己在主动索取一样！\r\n\n    二人虽是夫妻，但林清雅并不觉得自己会在这么短的时间内，对姜无痕这个陌生男人产生欲求不满的爱意。\r\n\n    而且，说出这种不检点的话，会不会让夫君以为自己是那种随便的女人？\r\n\n    “夫君，我不是那个意思……”\r\n\n    可她的话还没说完，却对上了姜无痕那邪魅的笑意。\r\n\n    “既然这样，那就在我临走之前，咱们再努力一次！”\r\n\n    ……\r\n\n    结束时，已经是后半夜了。\r\n\n    姜无痕神清气爽的躺在床上，林清雅面露醉人的酡红，柔弱无力的依偎在姜无痕的怀里，享受着温存。\r\n\n    “夫君，你要出远门了吗？”\r\n\n    林清雅声音透露着虚弱，美眸流转，柔情似水。\r\n\n    “明天动身，去一趟太凰仙朝，给你找两个姐妹……”', '--json']' timed out after 120 seconds
   ⚠️ Translation failed or still Chinese, skipped

📖 [1000/1372] 开局自曝系统_家族助我娶妻成仙/ch-0009.json
   Title: 第一卷 第9章 82分的废物，也配我家帝子？
  ⚠️ API error (attempt 1): Command '['openclaw', 'infer', 'model', 'run', '--model', 'qclaw/pool-deepseek-v4-pro', '--prompt', 'Translate this Chinese chapter title to English. Return ONLY the English title, no quotes, no explanation, no other text:\n\n第一卷 第9章 82分的废物，也配我家帝子？', '--json']' timed out after 120 seconds
  ⚠️ API error (attempt 2): Command '['openclaw', 'infer', 'model', 'run', '--model', 'qclaw/pool-deepseek-v4-pro', '--prompt', 'Translate this Chinese chapter title to English. Return ONLY the English title, no quotes, no explanation, no other text:\n\n第一卷 第9章 82分的废物，也配我家帝子？', '--json']' timed out after 120 seconds
  ⚠️ API error (attempt 1): Command '['openclaw', 'infer', 'model', 'run', '--model', 'qclaw/pool-deepseek-v4-pro', '--prompt', 'Translate the following Chinese novel chapter content to English. Return ONLY the translation, no explanation, no notes, no Chinese text:\n\n太凰仙朝虽是人族势力，却与太古神凰一族渊源颇深。\r\n\n    皇族天骄血脉强悍，既拥有人族的根脚与悟性，又拥有不输太古异种的肉身强度！\r\n\n    沐风凰作为仙朝帝君和帝后的掌上明珠，天生拥有‘凰极涅槃神体’，出生时引发天地异象。更有老祖断言，此女乃是太凰仙朝十万年以来，资质最高的存在，有大帝之姿！\r\n\n    因此，这些年来，面对各方天骄的追求示好，她都嗤之以鼻。\r\n\n    “我沐风凰将来必定证道成帝，要嫁也只嫁大帝！”沐风凰眼神坚定，沉声道，“即便是足以叫板大帝的大成圣体，也配不上我！”\r\n\n    “更何况，他只是一个无法修炼的废物……”\r\n\n    说完，沐风凰推开侍女，朝着殿外走去。\r\n\n    侍女见状，连忙问道：“公主，您要去哪？”\r\n\n    “太凰殿！”\r\n\n    沐风凰贝齿紧咬，一脸厌恶：“我要当着姜家和仙朝强者的面，狠狠地拒绝姜无痕这个废物。我要让姜家知道，不是什么狗尾巴草，都能染指我沐风凰的！”\r\n\n    音落，她不顾众人劝阻，毅然决然的走出了青凰殿。\r\n\n    ……\r\n\n    帝都，太凰殿。\r\n\n    作为太凰仙朝权力巅峰的象征，这座极尽豪华的大殿，占地足有数千丈。\r\n\n    极品灵石铺就的玉阶，圣阶宝药交错的花圃，就连殿里的柱子，用的都是铸造准帝兵的材料。\r\n\n    道纹繁复，处处相连，仿佛浑然一体。\r\n\n    姜无痕在姜临天、姜临渊等人的簇拥下，见到了太凰仙朝的帝君沐乾钊和帝后苏灵熙。\r\n\n    靠山王沐启凌和一众皇族强者作陪，整个太凰殿内，座无虚席！\r\n\n    “姜家主，方才在仙舟之上，你说……是来替你家帝子提亲的？”\r\n\n    沐乾钊端坐龙椅之上，眼神不善。\r\n\n    “没错！”\r\n\n    姜临天点头道。\r\n\n    “哼！”\r\n\n    一旁的沐启凌冷哼一声，眼神中满是不屑。\r\n\n    其他皇族强者同样表情阴沉，对姜家众人充满了敌意。\r\n\n    但他们并未开口，只是在等沐乾钊表态。\r\n\n    这时，一旁沉默许久的帝后苏灵熙忽然开口：“姜家主，别怪本宫心直口快。你们姜家帝子无论资质还是前途，与其父亲完全没有可比性。这样一个无法修炼的凡人，也妄想娶我皇族天骄，是否有些自不量力？”\r\n\n    苏灵熙不仅是太凰仙朝的帝后，还曾是太玄仙门的神女。\r\n\n    一身强悍修为，达到了准帝第八重。\r\n\n    放眼阎浮大世界，也是排的上号的强者！\r\n\n    只是这般生硬的语气，顿时惹得姜家众人不满。\r\n\n    姜临渊脸色阴沉，正要怒斥反驳，却被姜临天制止。\r\n\n    “帝后岂不知，士别三日，当刮目相看！”姜临天轻笑，解释道，“无痕乃我族大帝唯一血脉，又怎会是泛泛之辈？是因为他的体质特殊，不同于寻常圣体……”\r\n\n    话音未落，却被沐启凌冷笑打断：“体质特殊？”\r\n\n    “姜家主，你这是将我们都当成了傻子，觉得我们好糊弄是吗？”\r\n\n    “凡人就是凡人，说破大天都改变不了他无法修炼的事实。让一个凡人娶走帝君和帝后的掌上明珠，你觉得……这件事可能吗？”', '--json']' timed out after 120 seconds
  ⚠️ API error (attempt 2): Command '['openclaw', 'infer', 'model', 'run', '--model', 'qclaw/pool-deepseek-v4-pro', '--prompt', 'Translate the following Chinese novel chapter content to English. Return ONLY the translation, no explanation, no notes, no Chinese text:\n\n太凰仙朝虽是人族势力，却与太古神凰一族渊源颇深。\r\n\n    皇族天骄血脉强悍，既拥有人族的根脚与悟性，又拥有不输太古异种的肉身强度！\r\n\n    沐风凰作为仙朝帝君和帝后的掌上明珠，天生拥有‘凰极涅槃神体’，出生时引发天地异象。更有老祖断言，此女乃是太凰仙朝十万年以来，资质最高的存在，有大帝之姿！\r\n\n    因此，这些年来，面对各方天骄的追求示好，她都嗤之以鼻。\r\n\n    “我沐风凰将来必定证道成帝，要嫁也只嫁大帝！”沐风凰眼神坚定，沉声道，“即便是足以叫板大帝的大成圣体，也配不上我！”\r\n\n    “更何况，他只是一个无法修炼的废物……”\r\n\n    说完，沐风凰推开侍女，朝着殿外走去。\r\n\n    侍女见状，连忙问道：“公主，您要去哪？”\r\n\n    “太凰殿！”\r\n\n    沐风凰贝齿紧咬，一脸厌恶：“我要当着姜家和仙朝强者的面，狠狠地拒绝姜无痕这个废物。我要让姜家知道，不是什么狗尾巴草，都能染指我沐风凰的！”\r\n\n    音落，她不顾众人劝阻，毅然决然的走出了青凰殿。\r\n\n    ……\r\n\n    帝都，太凰殿。\r\n\n    作为太凰仙朝权力巅峰的象征，这座极尽豪华的大殿，占地足有数千丈。\r\n\n    极品灵石铺就的玉阶，圣阶宝药交错的花圃，就连殿里的柱子，用的都是铸造准帝兵的材料。\r\n\n    道纹繁复，处处相连，仿佛浑然一体。\r\n\n    姜无痕在姜临天、姜临渊等人的簇拥下，见到了太凰仙朝的帝君沐乾钊和帝后苏灵熙。\r\n\n    靠山王沐启凌和一众皇族强者作陪，整个太凰殿内，座无虚席！\r\n\n    “姜家主，方才在仙舟之上，你说……是来替你家帝子提亲的？”\r\n\n    沐乾钊端坐龙椅之上，眼神不善。\r\n\n    “没错！”\r\n\n    姜临天点头道。\r\n\n    “哼！”\r\n\n    一旁的沐启凌冷哼一声，眼神中满是不屑。\r\n\n    其他皇族强者同样表情阴沉，对姜家众人充满了敌意。\r\n\n    但他们并未开口，只是在等沐乾钊表态。\r\n\n    这时，一旁沉默许久的帝后苏灵熙忽然开口：“姜家主，别怪本宫心直口快。你们姜家帝子无论资质还是前途，与其父亲完全没有可比性。这样一个无法修炼的凡人，也妄想娶我皇族天骄，是否有些自不量力？”\r\n\n    苏灵熙不仅是太凰仙朝的帝后，还曾是太玄仙门的神女。\r\n\n    一身强悍修为，达到了准帝第八重。\r\n\n    放眼阎浮大世界，也是排的上号的强者！\r\n\n    只是这般生硬的语气，顿时惹得姜家众人不满。\r\n\n    姜临渊脸色阴沉，正要怒斥反驳，却被姜临天制止。\r\n\n    “帝后岂不知，士别三日，当刮目相看！”姜临天轻笑，解释道，“无痕乃我族大帝唯一血脉，又怎会是泛泛之辈？是因为他的体质特殊，不同于寻常圣体……”\r\n\n    话音未落，却被沐启凌冷笑打断：“体质特殊？”\r\n\n    “姜家主，你这是将我们都当成了傻子，觉得我们好糊弄是吗？”\r\n\n    “凡人就是凡人，说破大天都改变不了他无法修炼的事实。让一个凡人娶走帝君和帝后的掌上明珠，你觉得……这件事可能吗？”', '--json']' timed out after 120 seconds
   ⚠️ Translation failed or still Chinese, skipped

📖 [1001/1372] 开局自曝系统_家族助我娶妻成仙/ch-0010.json
   Title: 第一卷 第10章 极道帝兵，万欲神炉！
  ⚠️ API error (attempt 1): Command '['openclaw', 'infer', 'model', 'run', '--model', 'qclaw/pool-deepseek-v4-pro', '--prompt', 'Translate this Chinese chapter title to English. Return ONLY the English title, no quotes, no explanation, no other text:\n\n第一卷 第10章 极道帝兵，万欲神炉！', '--json']' timed out after 120 seconds
  ⚠️ API error (attempt 2): Command '['openclaw', 'infer', 'model', 'run', '--model', 'qclaw/pool-deepseek-v4-pro', '--prompt', 'Translate this Chinese chapter title to English. Return ONLY the English title, no quotes, no explanation, no other text:\n\n第一卷 第10章 极道帝兵，万欲神炉！', '--json']' timed out after 120 seconds
  ⚠️ API error (attempt 1): Command '['openclaw', 'infer', 'model', 'run', '--model', 'qclaw/pool-deepseek-v4-pro', '--prompt', 'Translate the following Chinese novel chapter content to English. Return ONLY the translation, no explanation, no notes, no Chinese text:\n\n姜临渊本就是姜家族老中，脾气最为火爆的一个。\r\n\n    从踏入帝都的那一刻起，他就憋了一肚子火！\r\n\n    太凰仙朝这些人平日里高高在上，作威作福的惯了，面对姜家的提亲，居然也敢摆谱，言辞之中满是对帝子的蔑视与嘲讽。\r\n\n    若不是姜临天多次制止，他早就动手，把太凰殿都给掀了！\r\n\n    可如今，一个乳臭未干的臭丫头，居然三番两次的找茬，分明就是不把姜家放在眼里。\r\n\n    这还忍个屁啊！\r\n\n    “一个小小的皇族公主，怎敢一而再，再而三的藐视姜家帝威，真当帝族姜家好欺负吗？”\r\n\n    “我告诉你，帝子乃大帝唯一血脉，身份何其尊贵？别说你只是神体，就算是圣体天骄，想嫁给帝子为妾，也得看我们帝子点不点头！”\r\n\n    “你既存心找茬，自当惩戒！”\r\n\n    说完，姜临渊以指代剑，朝着沐风凰打去。\r\n\n    一瞬间，殿内皇族众人脸色大变。\r\n\n    “姜临渊，你敢！”\r\n\n    “狂妄！”\r\n\n    “阻止他！”\r\n\n    暴喝声中，沐乾钊众人几乎同时出手。\r\n\n    姜临天见状，当即大手一挥，祭出了一方神炉！\r\n\n    极道帝兵，万欲神炉！\r\n\n    姜无痕的父亲名为姜临御，被世人称作恒御大帝。\r\n\n    这万欲神炉，便是他当初的证道帝兵之一！\r\n\n    当然，这是姜家辛秘，只有家族的高层核心知晓。\r\n\n    万欲神炉一出，顷刻间风云骤起，天地变色。\r\n\n    皇族众强者纷纷受欲火焚身，一些圣人王、大圣强者无法抵抗，当即喷出一口鲜血，昏死过去。\r\n\n    沐乾钊和苏灵熙夫妇硬抗极道帝兵威压，为沐启凌争得一线机会，护在了沐风凰身前。\r\n\n    可即便如此，还是慢了一瞬。\r\n\n    对于姜临渊这位准帝第八重的强者而言，沐风凰实在太过脆弱。\r\n\n    仅仅是一缕余威，都足以将其重创。\r\n\n    刹那间，沐风凰面容扭曲，口中喷出一串血花，连同丹田破碎。\r\n\n    她在极致的震撼与惊恐中，直接昏死过去。\r\n\n    沐启凌护住了她的残躯，修为却在不断流失……\r\n\n    她的境界，彻底崩碎！\r\n\n    这一刻，沐启凌目眦俱裂，咬牙切齿道：“姜临渊，你放肆！”\r\n\n    “这里是太凰仙朝，还轮不到你在此无法无天！”\r\n\n    “你敢废我族天骄，老夫就让你命丧帝都！”\r\n\n    说罢，沐启凌挥手祭出一面古朴铜镜，散发出准帝兵的威压。\r\n\n    “就凭你？”', '--json']' timed out after 120 seconds
  ⚠️ API error (attempt 2): Command '['openclaw', 'infer', 'model', 'run', '--model', 'qclaw/pool-deepseek-v4-pro', '--prompt', 'Translate the following Chinese novel chapter content to English. Return ONLY the translation, no explanation, no notes, no Chinese text:\n\n姜临渊本就是姜家族老中，脾气最为火爆的一个。\r\n\n    从踏入帝都的那一刻起，他就憋了一肚子火！\r\n\n    太凰仙朝这些人平日里高高在上，作威作福的惯了，面对姜家的提亲，居然也敢摆谱，言辞之中满是对帝子的蔑视与嘲讽。\r\n\n    若不是姜临天多次制止，他早就动手，把太凰殿都给掀了！\r\n\n    可如今，一个乳臭未干的臭丫头，居然三番两次的找茬，分明就是不把姜家放在眼里。\r\n\n    这还忍个屁啊！\r\n\n    “一个小小的皇族公主，怎敢一而再，再而三的藐视姜家帝威，真当帝族姜家好欺负吗？”\r\n\n    “我告诉你，帝子乃大帝唯一血脉，身份何其尊贵？别说你只是神体，就算是圣体天骄，想嫁给帝子为妾，也得看我们帝子点不点头！”\r\n\n    “你既存心找茬，自当惩戒！”\r\n\n    说完，姜临渊以指代剑，朝着沐风凰打去。\r\n\n    一瞬间，殿内皇族众人脸色大变。\r\n\n    “姜临渊，你敢！”\r\n\n    “狂妄！”\r\n\n    “阻止他！”\r\n\n    暴喝声中，沐乾钊众人几乎同时出手。\r\n\n    姜临天见状，当即大手一挥，祭出了一方神炉！\r\n\n    极道帝兵，万欲神炉！\r\n\n    姜无痕的父亲名为姜临御，被世人称作恒御大帝。\r\n\n    这万欲神炉，便是他当初的证道帝兵之一！\r\n\n    当然，这是姜家辛秘，只有家族的高层核心知晓。\r\n\n    万欲神炉一出，顷刻间风云骤起，天地变色。\r\n\n    皇族众强者纷纷受欲火焚身，一些圣人王、大圣强者无法抵抗，当即喷出一口鲜血，昏死过去。\r\n\n    沐乾钊和苏灵熙夫妇硬抗极道帝兵威压，为沐启凌争得一线机会，护在了沐风凰身前。\r\n\n    可即便如此，还是慢了一瞬。\r\n\n    对于姜临渊这位准帝第八重的强者而言，沐风凰实在太过脆弱。\r\n\n    仅仅是一缕余威，都足以将其重创。\r\n\n    刹那间，沐风凰面容扭曲，口中喷出一串血花，连同丹田破碎。\r\n\n    她在极致的震撼与惊恐中，直接昏死过去。\r\n\n    沐启凌护住了她的残躯，修为却在不断流失……\r\n\n    她的境界，彻底崩碎！\r\n\n    这一刻，沐启凌目眦俱裂，咬牙切齿道：“姜临渊，你放肆！”\r\n\n    “这里是太凰仙朝，还轮不到你在此无法无天！”\r\n\n    “你敢废我族天骄，老夫就让你命丧帝都！”\r\n\n    说罢，沐启凌挥手祭出一面古朴铜镜，散发出准帝兵的威压。\r\n\n    “就凭你？”', '--json']' timed out after 120 seconds
   ⚠️ Translation failed or still Chinese, skipped

📖 [1002/1372] 开局自曝系统_家族助我娶妻成仙/ch-0011.json
   Title: 第一卷 第11章 帝子，还请自重！
  ⚠️ API error (attempt 1): Command '['openclaw', 'infer', 'model', 'run', '--model', 'qclaw/pool-deepseek-v4-pro', '--prompt', 'Translate this Chinese chapter title to English. Return ONLY the English title, no quotes, no explanation, no other text:\n\n第一卷 第11章 帝子，还请自重！', '--json']' timed out after 120 seconds
  ⚠️ API error (attempt 2): Command '['openclaw', 'infer', 'model', 'run', '--model', 'qclaw/pool-deepseek-v4-pro', '--prompt', 'Translate this Chinese chapter title to English. Return ONLY the English title, no quotes, no explanation, no other text:\n\n第一卷 第11章 帝子，还请自重！', '--json']' timed out after 120 seconds
  ⚠️ API error (attempt 1): Command '['openclaw', 'infer', 'model', 'run', '--model', 'qclaw/pool-deepseek-v4-pro', '--prompt', 'Translate the following Chinese novel chapter content to English. Return ONLY the translation, no explanation, no notes, no Chinese text:\n\n就在这电光火石之间，一道剑芒自沐青枫身旁斩过，将他的手臂连同虚空斩碎。\r\n\n    沐凝薇挣脱束缚，她还没反应过怎么回事，几乎是下意识的扑向了沐云溪。\r\n\n    与此同时，镇压在沐云溪身上的威压散尽，她一把抱住沐凝薇，生怕她被欺负。\r\n\n    反观沐青枫，一条手臂在剑芒下化作血雾，发出了撕心裂肺的惨叫。\r\n\n    几位侍从当即上前，为他送上丹药，止血、疗伤。\r\n\n    沐青枫咬牙切齿，双目泛红：“我乃靠山王嫡孙，谁敢坏我好事？”\r\n\n    话音未落，姜无痕在姜临天、姜临渊等一众强者的簇拥下，走进了溪凝苑。\r\n\n    同时，沐乾钊和苏灵熙同行，他们看向沐青枫的眼神中，满是阴沉。\r\n\n    “帝君，我……”\r\n\n    沐青枫什么时候见过这种场面，顿时吓得脸色惨白，整个人僵在了原地。\r\n\n    “丢人现眼的东西，还不快滚！”\r\n\n    沐乾钊怒斥道。\r\n\n    沐青枫如蒙大赦，匆忙离开。\r\n\n    然而，当他经过姜无痕身边时，后者看了姜临渊一眼。\r\n\n    下一刻，剑气裹挟着杀意，赫然降临。\r\n\n    “住手……”\r\n\n    沐乾钊察觉到时，为时已晚。\r\n\n    只见姜临渊手中长剑出鞘，一剑将沐青枫和他身边的侍从，尽皆斩杀。\r\n\n    “姓姜的，你做什么！”苏灵熙不悦，当即质问道，“他做错了事，仙朝律法自会惩戒他，用不着你们狗拿耗子，多管闲事！”\r\n\n    “仙朝律法？呵，倘若律法严明，他又怎敢光天化日之下，做出这种事？”姜无痕不屑，嗤笑道，“连长公主和郡主的安全都得不到保障，所谓律法……虽不说是形同虚设，却也强不到哪去！”\r\n\n    “就算如此，那也是太凰仙朝的事情，跟你们有什么关系？”\r\n\n    苏灵熙沉声道。\r\n\n    不等姜无痕开口，姜临渊当即反驳道：“怎么没关系？那个畜生要动的……是我们帝子的女人！”\r\n\n    这时，姜无痕走向沐云溪，脸上露出了令人如沐春风般的微笑：“长公主，还记得我吗？”\r\n\n    “你是……恒御大帝之子，姜家帝子——姜无痕？”沐云溪打量着他，露出一抹苦笑，“我这般狼狈的模样，让帝子见笑了……”\r\n\n    姜无痕摇头，伸手握住了沐云溪的小手，后者娇躯一颤，连忙抽回。\r\n\n    沐凝薇察觉到了他的动作，小脸气鼓鼓的，护在沐云溪身前，眼神警惕。', '--json']' timed out after 120 seconds
  ⚠️ API error (attempt 2): Command '['openclaw', 'infer', 'model', 'run', '--model', 'qclaw/pool-deepseek-v4-pro', '--prompt', 'Translate the following Chinese novel chapter content to English. Return ONLY the translation, no explanation, no notes, no Chinese text:\n\n就在这电光火石之间，一道剑芒自沐青枫身旁斩过，将他的手臂连同虚空斩碎。\r\n\n    沐凝薇挣脱束缚，她还没反应过怎么回事，几乎是下意识的扑向了沐云溪。\r\n\n    与此同时，镇压在沐云溪身上的威压散尽，她一把抱住沐凝薇，生怕她被欺负。\r\n\n    反观沐青枫，一条手臂在剑芒下化作血雾，发出了撕心裂肺的惨叫。\r\n\n    几位侍从当即上前，为他送上丹药，止血、疗伤。\r\n\n    沐青枫咬牙切齿，双目泛红：“我乃靠山王嫡孙，谁敢坏我好事？”\r\n\n    话音未落，姜无痕在姜临天、姜临渊等一众强者的簇拥下，走进了溪凝苑。\r\n\n    同时，沐乾钊和苏灵熙同行，他们看向沐青枫的眼神中，满是阴沉。\r\n\n    “帝君，我……”\r\n\n    沐青枫什么时候见过这种场面，顿时吓得脸色惨白，整个人僵在了原地。\r\n\n    “丢人现眼的东西，还不快滚！”\r\n\n    沐乾钊怒斥道。\r\n\n    沐青枫如蒙大赦，匆忙离开。\r\n\n    然而，当他经过姜无痕身边时，后者看了姜临渊一眼。\r\n\n    下一刻，剑气裹挟着杀意，赫然降临。\r\n\n    “住手……”\r\n\n    沐乾钊察觉到时，为时已晚。\r\n\n    只见姜临渊手中长剑出鞘，一剑将沐青枫和他身边的侍从，尽皆斩杀。\r\n\n    “姓姜的，你做什么！”苏灵熙不悦，当即质问道，“他做错了事，仙朝律法自会惩戒他，用不着你们狗拿耗子，多管闲事！”\r\n\n    “仙朝律法？呵，倘若律法严明，他又怎敢光天化日之下，做出这种事？”姜无痕不屑，嗤笑道，“连长公主和郡主的安全都得不到保障，所谓律法……虽不说是形同虚设，却也强不到哪去！”\r\n\n    “就算如此，那也是太凰仙朝的事情，跟你们有什么关系？”\r\n\n    苏灵熙沉声道。\r\n\n    不等姜无痕开口，姜临渊当即反驳道：“怎么没关系？那个畜生要动的……是我们帝子的女人！”\r\n\n    这时，姜无痕走向沐云溪，脸上露出了令人如沐春风般的微笑：“长公主，还记得我吗？”\r\n\n    “你是……恒御大帝之子，姜家帝子——姜无痕？”沐云溪打量着他，露出一抹苦笑，“我这般狼狈的模样，让帝子见笑了……”\r\n\n    姜无痕摇头，伸手握住了沐云溪的小手，后者娇躯一颤，连忙抽回。\r\n\n    沐凝薇察觉到了他的动作，小脸气鼓鼓的，护在沐云溪身前，眼神警惕。', '--json']' timed out after 120 seconds
   ⚠️ Translation failed or still Chinese, skipped

📖 [1003/1372] 开局自曝系统_家族助我娶妻成仙/ch-0012.json
   Title: 第一卷 第12章 丰厚聘礼，神凰精血！
  ⚠️ API error (attempt 1): Command '['openclaw', 'infer', 'model', 'run', '--model', 'qclaw/pool-deepseek-v4-pro', '--prompt', 'Translate this Chinese chapter title to English. Return ONLY the English title, no quotes, no explanation, no other text:\n\n第一卷 第12章 丰厚聘礼，神凰精血！', '--json']' timed out after 120 seconds
  ⚠️ API error (attempt 2): Command '['openclaw', 'infer', 'model', 'run', '--model', 'qclaw/pool-deepseek-v4-pro', '--prompt', 'Translate this Chinese chapter title to English. Return ONLY the English title, no quotes, no explanation, no other text:\n\n第一卷 第12章 丰厚聘礼，神凰精血！', '--json']' timed out after 120 seconds
  ⚠️ API error (attempt 1): Command '['openclaw', 'infer', 'model', 'run', '--model', 'qclaw/pool-deepseek-v4-pro', '--prompt', 'Translate the following Chinese novel chapter content to English. Return ONLY the translation, no explanation, no notes, no Chinese text:\n\n这一枚圣兵级别的乾坤戒内，自成一方小千世界！\r\n\n    内部空间极其浩瀚，神念投入其中，最先看到的，是堆成山的极品灵石。\r\n\n    如此浓郁滂沱的灵气，是沐云溪这辈子都没见过的场面！\r\n\n    而这仅仅只是最基础的！\r\n\n    她玉手轻挥，放在里面的各种珍宝，接连取出——\r\n\n    帝阶功法、准帝级神通、圣阶武技、各种圣阶宝丹，甚至还有一件准帝兵，三件圣兵……\r\n\n    更让她震撼的，是一滴金色血液！\r\n\n    凝而不散，散发出如烈阳般炽热的气息。\r\n\n    隐隐之间，有神凰虚影浮现！\r\n\n    精血气息逸散的瞬间，溪凝苑的大门轰然打开。\r\n\n    沐乾钊不顾一切的闯了进来，双目泛红，死死的盯着那一枚精血。\r\n\n    “那，那是……一枚太古神凰的本源精血！”\r\n\n    沐乾钊心生震撼，下意识的想要伸手触碰。\r\n\n    却见沐云溪反应迅速，当即将一众珍宝收入乾坤戒内。\r\n\n    这一刻，沐乾钊反应过来，目光落在姜无痕和沐云溪身上。\r\n\n    “云溪，你这是……答应姜家帝子的提亲了？”\r\n\n    他表面和颜悦色，内心却掀起了狂涛骇浪。\r\n\n    那一枚造成姜家和太凰仙朝宿怨的精血，居然被当成了提亲的聘礼！\r\n\n    姜家这次，当真是好大的手笔！\r\n\n    当初创立太凰仙朝的‘太凰大帝’便是炼化了一枚太古神凰的本源精血，可这么多年下来，遗传血脉日渐稀薄。\r\n\n    倘若能再拥有一枚本源精血，不仅能培养出一位大帝，更能重塑太凰仙朝曾经的辉煌！\r\n\n    “皇兄，你似乎很久没用这样温柔的语气，跟我说过话了……”\r\n\n    沐云溪望着他，似笑非笑。\r\n\n    这时，苏灵熙和姜家众人也走进了溪凝苑。\r\n\n    “云溪，这些年……你受委屈了。”苏灵熙上前挽住她的胳膊，莞尔笑道，“今后嫁给姜家帝子，也算是苦尽甘来，本宫和你皇兄，都替你感到高兴……”\r\n\n    “你高兴的太早了！”姜无痕打断了她的话，从沐云溪手中拿回乾坤戒，“这聘礼，按理说是该给太凰仙朝。可这些年，你们这么欺负云溪，又有什么脸面收她的聘礼？”\r\n\n    “这些东西，全都由云溪自己支配。若有人想强抢，便是与我姜家为敌！”\r\n\n    音落，姜临天和姜临渊已经站在了姜无痕的身后。\r\n\n    这一刻，沐乾钊和苏灵熙心生悔意。\r\n\n    早知道姜家的聘礼如此丰厚，就算是姜无痕想娶沐风凰，也不是不能考虑！\r\n\n    现在倒好，闹成这样，人财两空！\r\n\n    “云溪，这些年……皇兄对你的确有些苛刻，但这也是没办法的事情！”沐乾钊轻叹，满脸无奈，“你当年的所做所为，不仅丢尽了皇族的颜面，更是得罪了太玄仙门！”\r\n\n    “你与太玄神子既有婚约在身，却又跟其他男人私奔，甚至有了身孕。若不对你加以惩戒，仙朝势必与太玄仙门结怨……”\r\n\n    话还没说完，就被沐云溪打断。\r\n\n    “说得好听！从小到大，无论做什么，你都说是为了我好。可你真正关心的，只有你自己的利益！”', '--json']' timed out after 120 seconds
  ⚠️ API error (attempt 2): Command '['openclaw', 'infer', 'model', 'run', '--model', 'qclaw/pool-deepseek-v4-pro', '--prompt', 'Translate the following Chinese novel chapter content to English. Return ONLY the translation, no explanation, no notes, no Chinese text:\n\n这一枚圣兵级别的乾坤戒内，自成一方小千世界！\r\n\n    内部空间极其浩瀚，神念投入其中，最先看到的，是堆成山的极品灵石。\r\n\n    如此浓郁滂沱的灵气，是沐云溪这辈子都没见过的场面！\r\n\n    而这仅仅只是最基础的！\r\n\n    她玉手轻挥，放在里面的各种珍宝，接连取出——\r\n\n    帝阶功法、准帝级神通、圣阶武技、各种圣阶宝丹，甚至还有一件准帝兵，三件圣兵……\r\n\n    更让她震撼的，是一滴金色血液！\r\n\n    凝而不散，散发出如烈阳般炽热的气息。\r\n\n    隐隐之间，有神凰虚影浮现！\r\n\n    精血气息逸散的瞬间，溪凝苑的大门轰然打开。\r\n\n    沐乾钊不顾一切的闯了进来，双目泛红，死死的盯着那一枚精血。\r\n\n    “那，那是……一枚太古神凰的本源精血！”\r\n\n    沐乾钊心生震撼，下意识的想要伸手触碰。\r\n\n    却见沐云溪反应迅速，当即将一众珍宝收入乾坤戒内。\r\n\n    这一刻，沐乾钊反应过来，目光落在姜无痕和沐云溪身上。\r\n\n    “云溪，你这是……答应姜家帝子的提亲了？”\r\n\n    他表面和颜悦色，内心却掀起了狂涛骇浪。\r\n\n    那一枚造成姜家和太凰仙朝宿怨的精血，居然被当成了提亲的聘礼！\r\n\n    姜家这次，当真是好大的手笔！\r\n\n    当初创立太凰仙朝的‘太凰大帝’便是炼化了一枚太古神凰的本源精血，可这么多年下来，遗传血脉日渐稀薄。\r\n\n    倘若能再拥有一枚本源精血，不仅能培养出一位大帝，更能重塑太凰仙朝曾经的辉煌！\r\n\n    “皇兄，你似乎很久没用这样温柔的语气，跟我说过话了……”\r\n\n    沐云溪望着他，似笑非笑。\r\n\n    这时，苏灵熙和姜家众人也走进了溪凝苑。\r\n\n    “云溪，这些年……你受委屈了。”苏灵熙上前挽住她的胳膊，莞尔笑道，“今后嫁给姜家帝子，也算是苦尽甘来，本宫和你皇兄，都替你感到高兴……”\r\n\n    “你高兴的太早了！”姜无痕打断了她的话，从沐云溪手中拿回乾坤戒，“这聘礼，按理说是该给太凰仙朝。可这些年，你们这么欺负云溪，又有什么脸面收她的聘礼？”\r\n\n    “这些东西，全都由云溪自己支配。若有人想强抢，便是与我姜家为敌！”\r\n\n    音落，姜临天和姜临渊已经站在了姜无痕的身后。\r\n\n    这一刻，沐乾钊和苏灵熙心生悔意。\r\n\n    早知道姜家的聘礼如此丰厚，就算是姜无痕想娶沐风凰，也不是不能考虑！\r\n\n    现在倒好，闹成这样，人财两空！\r\n\n    “云溪，这些年……皇兄对你的确有些苛刻，但这也是没办法的事情！”沐乾钊轻叹，满脸无奈，“你当年的所做所为，不仅丢尽了皇族的颜面，更是得罪了太玄仙门！”\r\n\n    “你与太玄神子既有婚约在身，却又跟其他男人私奔，甚至有了身孕。若不对你加以惩戒，仙朝势必与太玄仙门结怨……”\r\n\n    话还没说完，就被沐云溪打断。\r\n\n    “说得好听！从小到大，无论做什么，你都说是为了我好。可你真正关心的，只有你自己的利益！”', '--json']' timed out after 120 seconds
   ⚠️ Translation failed or still Chinese, skipped

📖 [1004/1372] 开局自曝系统_家族助我娶妻成仙/ch-0013.json
   Title: 第一卷 第13章 需要关注的对手，又增加了！
  ⚠️ API error (attempt 1): Command '['openclaw', 'infer', 'model', 'run', '--model', 'qclaw/pool-deepseek-v4-pro', '--prompt', 'Translate this Chinese chapter title to English. Return ONLY the English title, no quotes, no explanation, no other text:\n\n第一卷 第13章 需要关注的对手，又增加了！', '--json']' timed out after 120 seconds
  ⚠️ API error (attempt 2): Command '['openclaw', 'infer', 'model', 'run', '--model', 'qclaw/pool-deepseek-v4-pro', '--prompt', 'Translate this Chinese chapter title to English. Return ONLY the English title, no quotes, no explanation, no other text:\n\n第一卷 第13章 需要关注的对手，又增加了！', '--json']' timed out after 120 seconds
  ⚠️ API error (attempt 1): Command '['openclaw', 'infer', 'model', 'run', '--model', 'qclaw/pool-deepseek-v4-pro', '--prompt', 'Translate the following Chinese novel chapter content to English. Return ONLY the translation, no explanation, no notes, no Chinese text:\n\n相较于太凰仙朝的苦大仇深，炎阳仙舟之上，却是另一派光景。\r\n\n    沐凝薇紧靠在沐云溪身边，怯生生的看着仙舟内部如宫殿般奢华的装饰。\r\n\n    她虽然背负着郡主的身份，却自幼跟随沐云溪住在朴素的溪凝苑内，处于半囚禁状态。\r\n\n    就算她并未被禁足，但由于身份敏感，一般也不会去太远的地方，以免碰上麻烦。\r\n\n    如今跟着姜无痕，稀里糊涂的上了‘贼船’，她就像是个好奇宝宝，看到什么都感到新奇。\r\n\n    “娘亲，我们这是要去什么地方？”\r\n\n    沐凝薇轻声询问，目光却被面前桌案上的奇珍异果牢牢吸引住。\r\n\n    沐云溪将她揽入怀中，轻声劝慰道：“我们要去一个没人欺负我们的地方，从此以后，我们也有依靠了……”\r\n\n    “依靠……”沐凝薇似懂非懂，仰起小脸问道，“是那个在溪凝苑，一直占娘亲便宜的家伙吗？”\r\n\n    “不许这样说，以后……她就是你爹爹了……”\r\n\n    沐云溪纠正道。\r\n\n    “爹爹……”\r\n\n    沐凝薇呢喃着这两个字，心里隐隐有种异样的感觉。\r\n\n    却在这时，一只大手落在她头顶，轻轻抚摸着她的小脑袋。\r\n\n    “乖女儿，真懂事，再叫一声听听？”\r\n\n    姜无痕的声音，随之响起。\r\n\n    沐凝薇身子一僵，下意识的想要躲开，却见姜无痕已经坐在了她身边。\r\n\n    “帝子，凝薇还需要一段时间的适应，才能接受这个称呼……”\r\n\n    沐云溪巧笑嫣然，解释道。\r\n\n    “那你呢？”姜无痕看着她，饶有兴致的道，“方才在溪凝苑，喊‘夫君’不是喊得挺顺口的吗？现在怎么又变回‘帝子’了？”\r\n\n    沐云溪俏脸一红，脸上露出少女般的娇羞：“那是为了气沐乾钊他们，‘夫君’这个称呼，还是要成亲之后才能喊……”\r\n\n    “早晚的事！”姜无痕从桌上拿起一枚仙果，放在沐云溪唇边，轻笑道，“来，张嘴，夫君喂给你。”\r\n\n    “我自己来……”\r\n\n    她面露娇羞，但姜无痕的霸道，又容不得她拒绝。\r\n\n    无奈之下，沐云溪闭上眼睛，红着脸吃下了那枚仙果。\r\n\n    柔软的唇舌触碰到姜无痕的指尖，心中升起一股异样的感觉。\r\n\n    “好吃吗？”', '--json']' timed out after 120 seconds
  ⚠️ API error (attempt 2): Command '['openclaw', 'infer', 'model', 'run', '--model', 'qclaw/pool-deepseek-v4-pro', '--prompt', 'Translate the following Chinese novel chapter content to English. Return ONLY the translation, no explanation, no notes, no Chinese text:\n\n相较于太凰仙朝的苦大仇深，炎阳仙舟之上，却是另一派光景。\r\n\n    沐凝薇紧靠在沐云溪身边，怯生生的看着仙舟内部如宫殿般奢华的装饰。\r\n\n    她虽然背负着郡主的身份，却自幼跟随沐云溪住在朴素的溪凝苑内，处于半囚禁状态。\r\n\n    就算她并未被禁足，但由于身份敏感，一般也不会去太远的地方，以免碰上麻烦。\r\n\n    如今跟着姜无痕，稀里糊涂的上了‘贼船’，她就像是个好奇宝宝，看到什么都感到新奇。\r\n\n    “娘亲，我们这是要去什么地方？”\r\n\n    沐凝薇轻声询问，目光却被面前桌案上的奇珍异果牢牢吸引住。\r\n\n    沐云溪将她揽入怀中，轻声劝慰道：“我们要去一个没人欺负我们的地方，从此以后，我们也有依靠了……”\r\n\n    “依靠……”沐凝薇似懂非懂，仰起小脸问道，“是那个在溪凝苑，一直占娘亲便宜的家伙吗？”\r\n\n    “不许这样说，以后……她就是你爹爹了……”\r\n\n    沐云溪纠正道。\r\n\n    “爹爹……”\r\n\n    沐凝薇呢喃着这两个字，心里隐隐有种异样的感觉。\r\n\n    却在这时，一只大手落在她头顶，轻轻抚摸着她的小脑袋。\r\n\n    “乖女儿，真懂事，再叫一声听听？”\r\n\n    姜无痕的声音，随之响起。\r\n\n    沐凝薇身子一僵，下意识的想要躲开，却见姜无痕已经坐在了她身边。\r\n\n    “帝子，凝薇还需要一段时间的适应，才能接受这个称呼……”\r\n\n    沐云溪巧笑嫣然，解释道。\r\n\n    “那你呢？”姜无痕看着她，饶有兴致的道，“方才在溪凝苑，喊‘夫君’不是喊得挺顺口的吗？现在怎么又变回‘帝子’了？”\r\n\n    沐云溪俏脸一红，脸上露出少女般的娇羞：“那是为了气沐乾钊他们，‘夫君’这个称呼，还是要成亲之后才能喊……”\r\n\n    “早晚的事！”姜无痕从桌上拿起一枚仙果，放在沐云溪唇边，轻笑道，“来，张嘴，夫君喂给你。”\r\n\n    “我自己来……”\r\n\n    她面露娇羞，但姜无痕的霸道，又容不得她拒绝。\r\n\n    无奈之下，沐云溪闭上眼睛，红着脸吃下了那枚仙果。\r\n\n    柔软的唇舌触碰到姜无痕的指尖，心中升起一股异样的感觉。\r\n\n    “好吃吗？”', '--json']' timed out after 120 seconds
   ⚠️ Translation failed or still Chinese, skipped

📖 [1005/1372] 开局自曝系统_家族助我娶妻成仙/ch-0014.json
   Title: 第一卷 第14章 你这人皇幡，怎么冒黑气？
  ⚠️ API error (attempt 1): Command '['openclaw', 'infer', 'model', 'run', '--model', 'qclaw/pool-deepseek-v4-pro', '--prompt', 'Translate this Chinese chapter title to English. Return ONLY the English title, no quotes, no explanation, no other text:\n\n第一卷 第14章 你这人皇幡，怎么冒黑气？', '--json']' timed out after 120 seconds
  ⚠️ API error (attempt 2): Command '['openclaw', 'infer', 'model', 'run', '--model', 'qclaw/pool-deepseek-v4-pro', '--prompt', 'Translate this Chinese chapter title to English. Return ONLY the English title, no quotes, no explanation, no other text:\n\n第一卷 第14章 你这人皇幡，怎么冒黑气？', '--json']' timed out after 120 seconds
  ⚠️ API error (attempt 1): Command '['openclaw', 'infer', 'model', 'run', '--model', 'qclaw/pool-deepseek-v4-pro', '--prompt', 'Translate the following Chinese novel chapter content to English. Return ONLY the translation, no explanation, no notes, no Chinese text:\n\n时隔三日，姜家再次张灯结彩，处处挂满喜庆的红色。\r\n\n    帝子大婚，相较于上次的隆重，此番一切从简。\r\n\n    在经过一系列流程后，姜无痕轻车熟路的牵起沐云溪的小手，前往了早已装饰好的帝子殿。\r\n\n    只是这次，婚房安排在了偏殿。\r\n\n    灯火葳蕤，夜色撩人。\r\n\n    姜无痕赶走了来闹洞房的众人，沐凝薇却无论如何都赖着不走。\r\n\n    她跟沐云溪一起坐在婚床上，紧紧抱着她不放手。\r\n\n    同时，这丫头看向姜无痕的眼神中，再次浮现出警惕。\r\n\n    最后还是在沐云溪的规劝下，离开了婚房，被雪姨带走。\r\n\n    “凝薇从小就跟着我睡，一时认生，让帝子见笑了……”\r\n\n    红盖头下，沐云溪轻笑道。\r\n\n    姜无痕坐在床边，用玉如意挑开了她的红盖头，看着她娇艳欲滴的绝美面容，紧紧地将她抱在怀里，迫不及待的亲了一口。\r\n\n    待到二人分开时，呼吸都有些急促。\r\n\n    “没关系，凝薇还小。如果她喜欢，可以过来跟你一起住……”姜无痕轻笑，双手开始不老实，“成亲之前，你喊帝子我不挑你理。现在，你该喊什么？”\r\n\n    “夫君~”\r\n\n    沐云溪嘤咛一声，连忙制止住了他的双手。\r\n\n    “都洞房花烛了，你还想再矜持一下？”\r\n\n    姜无痕坏笑道。\r\n\n    沐云溪摇头，双手捧住了姜无痕的脸，一脸认真的道：“夫君，我知道……你除了我，还有其他女人。我并不会妨碍你三妻四妾，但我希望你答应我……放过凝薇，别打她的主意。”\r\n\n    “她从小跟着我吃了很多苦，如今总算有了依靠。虽然她跟我并没有血缘关系，但我希望你答应我，永远让她喊你‘爹爹’，好吗？”\r\n\n    沐云溪仰起小脸，眼神里满是祈求。\r\n\n    跟女儿做姐妹这种事，她一时之间还接受不了。\r\n\n    “我答应你，以后只让她喊我‘爸爸’！”\r\n\n    姜无痕点头道。\r\n\n    沐云溪这才露出笑意，主动亲了上去。\r\n\n    姜无痕的动作越发粗暴，褪去了厚厚的婚服，只剩一袭轻薄的衣衫。\r\n\n    鸳鸯喜被里，沐云溪双手抵住姜无痕的胸膛，眼神迷离道：“夫君，还记得在炎阳仙舟之上，你曾问过我，讨要那三滴帝血做什么吗？”\r\n\n    “我现在不想知道了！”\r\n\n    姜无痕抓住她的小手，企图冲破最后的阻碍。\r\n\n    沐云溪却摇头，柔声细语的道：“你必须要知道，这三滴帝血，我想留一滴给凝薇，助她以后修炼。另外两滴，算是我的嫁妆……”\r\n\n    言语间，她取出一滴。\r\n\n    金色的帝血悬在二人之间，散发出阵阵帝威。\r\n\n    “我的仙心玉体，在初次交合时，会在我们彼此体内留下印记。今后……我的身体，只属于你！”\r\n\n    “仙心玉体又被称作双修神体，双修之际，无论是对道的感悟，还是修为提升，都有极大的增幅。而大帝的本源精血，拥有大帝的本源神力。若在初次双修时炼化，你我都将会得到难以想象的好处！”\r\n\n    沐云溪解释着，双手不再抵着他的胸口，而是勾住了他的脖子。\r\n\n    她望着那张近在咫尺的脸庞，眼神柔情似水：“夫君，我想……把最好的一切，都交给你……”\r\n\n    姜无痕看着她一脸认真的模样，忍不住笑道：“夫人，你没必要想这么多，我要的从来都不是你的双修神体，而是你这个人。”\r\n\n    “如果你真想为我做些什么的话，那就给我多生孩子，为家族添丁进口！”', '--json']' timed out after 120 seconds
  ⚠️ API error (attempt 2): Command '['openclaw', 'infer', 'model', 'run', '--model', 'qclaw/pool-deepseek-v4-pro', '--prompt', 'Translate the following Chinese novel chapter content to English. Return ONLY the translation, no explanation, no notes, no Chinese text:\n\n时隔三日，姜家再次张灯结彩，处处挂满喜庆的红色。\r\n\n    帝子大婚，相较于上次的隆重，此番一切从简。\r\n\n    在经过一系列流程后，姜无痕轻车熟路的牵起沐云溪的小手，前往了早已装饰好的帝子殿。\r\n\n    只是这次，婚房安排在了偏殿。\r\n\n    灯火葳蕤，夜色撩人。\r\n\n    姜无痕赶走了来闹洞房的众人，沐凝薇却无论如何都赖着不走。\r\n\n    她跟沐云溪一起坐在婚床上，紧紧抱着她不放手。\r\n\n    同时，这丫头看向姜无痕的眼神中，再次浮现出警惕。\r\n\n    最后还是在沐云溪的规劝下，离开了婚房，被雪姨带走。\r\n\n    “凝薇从小就跟着我睡，一时认生，让帝子见笑了……”\r\n\n    红盖头下，沐云溪轻笑道。\r\n\n    姜无痕坐在床边，用玉如意挑开了她的红盖头，看着她娇艳欲滴的绝美面容，紧紧地将她抱在怀里，迫不及待的亲了一口。\r\n\n    待到二人分开时，呼吸都有些急促。\r\n\n    “没关系，凝薇还小。如果她喜欢，可以过来跟你一起住……”姜无痕轻笑，双手开始不老实，“成亲之前，你喊帝子我不挑你理。现在，你该喊什么？”\r\n\n    “夫君~”\r\n\n    沐云溪嘤咛一声，连忙制止住了他的双手。\r\n\n    “都洞房花烛了，你还想再矜持一下？”\r\n\n    姜无痕坏笑道。\r\n\n    沐云溪摇头，双手捧住了姜无痕的脸，一脸认真的道：“夫君，我知道……你除了我，还有其他女人。我并不会妨碍你三妻四妾，但我希望你答应我……放过凝薇，别打她的主意。”\r\n\n    “她从小跟着我吃了很多苦，如今总算有了依靠。虽然她跟我并没有血缘关系，但我希望你答应我，永远让她喊你‘爹爹’，好吗？”\r\n\n    沐云溪仰起小脸，眼神里满是祈求。\r\n\n    跟女儿做姐妹这种事，她一时之间还接受不了。\r\n\n    “我答应你，以后只让她喊我‘爸爸’！”\r\n\n    姜无痕点头道。\r\n\n    沐云溪这才露出笑意，主动亲了上去。\r\n\n    姜无痕的动作越发粗暴，褪去了厚厚的婚服，只剩一袭轻薄的衣衫。\r\n\n    鸳鸯喜被里，沐云溪双手抵住姜无痕的胸膛，眼神迷离道：“夫君，还记得在炎阳仙舟之上，你曾问过我，讨要那三滴帝血做什么吗？”\r\n\n    “我现在不想知道了！”\r\n\n    姜无痕抓住她的小手，企图冲破最后的阻碍。\r\n\n    沐云溪却摇头，柔声细语的道：“你必须要知道，这三滴帝血，我想留一滴给凝薇，助她以后修炼。另外两滴，算是我的嫁妆……”\r\n\n    言语间，她取出一滴。\r\n\n    金色的帝血悬在二人之间，散发出阵阵帝威。\r\n\n    “我的仙心玉体，在初次交合时，会在我们彼此体内留下印记。今后……我的身体，只属于你！”\r\n\n    “仙心玉体又被称作双修神体，双修之际，无论是对道的感悟，还是修为提升，都有极大的增幅。而大帝的本源精血，拥有大帝的本源神力。若在初次双修时炼化，你我都将会得到难以想象的好处！”\r\n\n    沐云溪解释着，双手不再抵着他的胸口，而是勾住了他的脖子。\r\n\n    她望着那张近在咫尺的脸庞，眼神柔情似水：“夫君，我想……把最好的一切，都交给你……”\r\n\n    姜无痕看着她一脸认真的模样，忍不住笑道：“夫人，你没必要想这么多，我要的从来都不是你的双修神体，而是你这个人。”\r\n\n    “如果你真想为我做些什么的话，那就给我多生孩子，为家族添丁进口！”', '--json']' timed out after 120 seconds
   ⚠️ Translation failed or still Chinese, skipped

📖 [1006/1372] 开局自曝系统_家族助我娶妻成仙/ch-0015.json
   Title: 第一卷 第15章 想学啊？我教你啊！
  ⚠️ API error (attempt 1): Command '['openclaw', 'infer', 'model', 'run', '--model', 'qclaw/pool-deepseek-v4-pro', '--prompt', 'Translate this Chinese chapter title to English. Return ONLY the English title, no quotes, no explanation, no other text:\n\n第一卷 第15章 想学啊？我教你啊！', '--json']' timed out after 120 seconds
  ⚠️ API error (attempt 2): Command '['openclaw', 'infer', 'model', 'run', '--model', 'qclaw/pool-deepseek-v4-pro', '--prompt', 'Translate this Chinese chapter title to English. Return ONLY the English title, no quotes, no explanation, no other text:\n\n第一卷 第15章 想学啊？我教你啊！', '--json']' timed out after 120 seconds
  ⚠️ API error (attempt 1): Command '['openclaw', 'infer', 'model', 'run', '--model', 'qclaw/pool-deepseek-v4-pro', '--prompt', 'Translate the following Chinese novel chapter content to English. Return ONLY the translation, no explanation, no notes, no Chinese text:\n\n修为灌顶，一股强悍的力量，自姜无痕体内爆发。\r\n\n    只在眨眼间，他便冲破了天武境的桎梏，晋升洞天境！\r\n\n    而这，仅仅只是开始！\r\n\n    下一刻，他的修为气息，开始极速攀升——\r\n\n    洞天境第二重！\r\n\n    洞天境第三重！\r\n\n    ……\r\n\n    洞天境第九重！\r\n\n    突破！\r\n\n    化龙境境第一重！\r\n\n    ……\r\n\n    眨眼间，姜无痕的修为达到了化龙境第九重巅峰。\r\n\n    几乎是同时，他一把抓住勒在自己脖子上的那条胳膊，出乎预料的又细又软。\r\n\n    “给我，放开！”\r\n\n    姜无痕手腕发力，直接将对方甩了出去。\r\n\n    一道衣着粉嫩的身影在地上滚了两圈，立刻站了起来。\r\n\n    他这才看清对方——\r\n\n    不是别人，正是沐凝薇！\r\n\n    “凝薇？大清早的，你发什么疯！”\r\n\n    姜无痕皱眉道。\r\n\n    也得亏是她，其他人如果敢偷袭姜家帝子，雪姨和那十几位圣人级别的护道者，早就动手了！\r\n\n    沐凝薇眼眶红红的，眼角还挂着泪痕，一脸倔强道：“我才没有发疯，你是坏人，我要教训你这个大骗子！”\r\n\n    说完，她纵身一跃，再度攻向姜无痕。\r\n\n    洞天境第九重的修为尽显！\r\n\n    这个修为并不算高，但当双方正面交锋时，姜无痕却被她一记小粉拳震退。\r\n\n    这时，他才反应过来，这看似弱不禁风的小丫头片子，实则是先天战体！\r\n\n    香香软软的泥头车啊！\r\n\n    姜无痕甩了甩又疼又麻的手腕，无奈笑道：“我干什么了？怎么就成坏人和大骗子了？”\r\n\n    “你，你欺负我娘亲！”\r\n\n    沐凝薇轻咬粉唇，美眸中有泪花打转：“昨晚，我清清楚楚的听到……我娘亲分明都向你求饶了，可你还是打了她整整一夜……”\r\n\n    姜无尘一阵哑然，合着你听了一晚上的墙角是吧？\r\n\n    那昨晚自己和沐云溪说的那些虎狼之词，是不是也都被她给听到了？', '--json']' timed out after 120 seconds
  ⚠️ API error (attempt 2): Command '['openclaw', 'infer', 'model', 'run', '--model', 'qclaw/pool-deepseek-v4-pro', '--prompt', 'Translate the following Chinese novel chapter content to English. Return ONLY the translation, no explanation, no notes, no Chinese text:\n\n修为灌顶，一股强悍的力量，自姜无痕体内爆发。\r\n\n    只在眨眼间，他便冲破了天武境的桎梏，晋升洞天境！\r\n\n    而这，仅仅只是开始！\r\n\n    下一刻，他的修为气息，开始极速攀升——\r\n\n    洞天境第二重！\r\n\n    洞天境第三重！\r\n\n    ……\r\n\n    洞天境第九重！\r\n\n    突破！\r\n\n    化龙境境第一重！\r\n\n    ……\r\n\n    眨眼间，姜无痕的修为达到了化龙境第九重巅峰。\r\n\n    几乎是同时，他一把抓住勒在自己脖子上的那条胳膊，出乎预料的又细又软。\r\n\n    “给我，放开！”\r\n\n    姜无痕手腕发力，直接将对方甩了出去。\r\n\n    一道衣着粉嫩的身影在地上滚了两圈，立刻站了起来。\r\n\n    他这才看清对方——\r\n\n    不是别人，正是沐凝薇！\r\n\n    “凝薇？大清早的，你发什么疯！”\r\n\n    姜无痕皱眉道。\r\n\n    也得亏是她，其他人如果敢偷袭姜家帝子，雪姨和那十几位圣人级别的护道者，早就动手了！\r\n\n    沐凝薇眼眶红红的，眼角还挂着泪痕，一脸倔强道：“我才没有发疯，你是坏人，我要教训你这个大骗子！”\r\n\n    说完，她纵身一跃，再度攻向姜无痕。\r\n\n    洞天境第九重的修为尽显！\r\n\n    这个修为并不算高，但当双方正面交锋时，姜无痕却被她一记小粉拳震退。\r\n\n    这时，他才反应过来，这看似弱不禁风的小丫头片子，实则是先天战体！\r\n\n    香香软软的泥头车啊！\r\n\n    姜无痕甩了甩又疼又麻的手腕，无奈笑道：“我干什么了？怎么就成坏人和大骗子了？”\r\n\n    “你，你欺负我娘亲！”\r\n\n    沐凝薇轻咬粉唇，美眸中有泪花打转：“昨晚，我清清楚楚的听到……我娘亲分明都向你求饶了，可你还是打了她整整一夜……”\r\n\n    姜无尘一阵哑然，合着你听了一晚上的墙角是吧？\r\n\n    那昨晚自己和沐云溪说的那些虎狼之词，是不是也都被她给听到了？', '--json']' timed out after 120 seconds
   ⚠️ Translation failed or still Chinese, skipped

📖 [1007/1372] 开局自曝系统_家族助我娶妻成仙/ch-0016.json
   Title: 第一卷 第16章 祖地帝威！
  ⚠️ API error (attempt 1): Command '['openclaw', 'infer', 'model', 'run', '--model', 'qclaw/pool-deepseek-v4-pro', '--prompt', 'Translate this Chinese chapter title to English. Return ONLY the English title, no quotes, no explanation, no other text:\n\n第一卷 第16章 祖地帝威！', '--json']' timed out after 120 seconds
  ⚠️ API error (attempt 2): Command '['openclaw', 'infer', 'model', 'run', '--model', 'qclaw/pool-deepseek-v4-pro', '--prompt', 'Translate this Chinese chapter title to English. Return ONLY the English title, no quotes, no explanation, no other text:\n\n第一卷 第16章 祖地帝威！', '--json']' timed out after 120 seconds
  ⚠️ API error (attempt 1): Command '['openclaw', 'infer', 'model', 'run', '--model', 'qclaw/pool-deepseek-v4-pro', '--prompt', 'Translate the following Chinese novel chapter content to English. Return ONLY the translation, no explanation, no notes, no Chinese text:\n\n姜无痕带沐凝薇来到姜家主殿前，他吩咐雪姨，先带沐凝薇去偏殿吃点东西，他一个人踏入了主殿。\r\n\n    主殿内，姜临天等一众家族高层还在帮忙筛选着诸天万界那些天之骄女的信息。\r\n\n    见姜无痕到来，大长老姜临战立刻迎了上来，上下打量着他，惊喜道：“小无痕，你的修为达到化龙境了？这仙心玉体，果然有点东西啊！”\r\n\n    “只可惜，你没用老夫为你准备的破天丹，不然……至少得是阴阳境修为！”\r\n\n    姜临战拍着姜无痕的肩膀，眼神里满是欣慰。\r\n\n    “老大，你少在这胡扯，就你那破玩意儿，自己留着用吧！”姜临渊走了过来，笑着道，“小无痕血气方刚，龙精虎猛，再找十个道侣都扛得住！”\r\n\n    “现在用不上，不代表以后用不上。难道你没听过，没有耕坏的地，只有累死的牛？”姜临战将玉瓶塞到姜无痕手里，嘱咐道，“别不好意思，拿着，以备不时之需！”\r\n\n    姜无痕抵不住他的热情，只能将这瓶破天丹收下。\r\n\n    “行了，小无痕大清早的过来，想必有正经事！”\r\n\n    姜临天摆摆手，再次把姜无痕摁在了家主宝座上。\r\n\n    对此，姜无痕已经坦然接受。\r\n\n    姜临战搓着手，迫不及待的问道：“小无痕，这次那个叫‘系统’的，是不是又给你什么好东西了？”\r\n\n    “家主，各位长老，你们最好都坐下听。这次的东西有点狠，我怕你们见了站不稳。”\r\n\n    姜无痕笑道。\r\n\n    一听这话，众人不乐意了。\r\n\n    “笑话，老夫纵横天下数万年，什么场面没见过？”\r\n\n    “小无痕，你只管拿出来，就算再拿出仙阶功法和极道帝兵，老夫也只会微微一笑，绝对不抽！”\r\n\n    见几人笃定的模样，姜无痕点了点头。\r\n\n    随即，他先是从系统空间内，取出了一卷古朴的兽皮，其上流露出的道蕴，即便准帝都心生悸动。\r\n\n    “小无痕，这个是……”\r\n\n    姜临战问道。\r\n\n    “十凶宝术之一，麒麟宝术！”\r\n\n    一句话，如平地惊雷，在众人耳畔炸响。\r\n\n    十凶宝术！\r\n\n    修至大成，可是堪比仙阶神通的存在！\r\n\n    放在任何一个不朽势力当中，都称得上是压箱底的手段！\r\n\n    “这承载宝术的兽皮，该不会就是麒麟古皇的遗蜕吧！”\r\n\n    姜临渊震撼道。\r\n\n    妖族古皇，那可是堪比人族大帝的恐怖存在！\r\n\n    抛开麒麟宝术不谈，仅仅是这块兽皮，也是不俗的宝物。\r\n\n    就在众人震撼时，姜无痕挥手祭出了极道人皇幡！\r\n\n    刹那间，诡异的金色大幡自殿内浮现，其上铜铃晃动，发出阵阵摄人心魄的声响。\r\n\n    “万魂幡！”\r\n\n    “不对，此幡非但不显丝毫邪祟，反而中正大气，似乎有功德加持……”\r\n\n    “奇怪，这分明只是一件灵兵，老夫却看不透它。”\r\n\n    “小无痕，这究竟是什么东西？”\r\n\n    众人疑惑道。\r\n\n    “此物唤作极道人皇幡，是一件功德秘宝。灵器是它的初始形态，是以诸天大功德祭炼而成，杀生、炼魂不沾因果。”\r\n\n    “它是可以不断晋升的，而且，没有上限！”', '--json']' timed out after 120 seconds
  ⚠️ API error (attempt 2): Command '['openclaw', 'infer', 'model', 'run', '--model', 'qclaw/pool-deepseek-v4-pro', '--prompt', 'Translate the following Chinese novel chapter content to English. Return ONLY the translation, no explanation, no notes, no Chinese text:\n\n姜无痕带沐凝薇来到姜家主殿前，他吩咐雪姨，先带沐凝薇去偏殿吃点东西，他一个人踏入了主殿。\r\n\n    主殿内，姜临天等一众家族高层还在帮忙筛选着诸天万界那些天之骄女的信息。\r\n\n    见姜无痕到来，大长老姜临战立刻迎了上来，上下打量着他，惊喜道：“小无痕，你的修为达到化龙境了？这仙心玉体，果然有点东西啊！”\r\n\n    “只可惜，你没用老夫为你准备的破天丹，不然……至少得是阴阳境修为！”\r\n\n    姜临战拍着姜无痕的肩膀，眼神里满是欣慰。\r\n\n    “老大，你少在这胡扯，就你那破玩意儿，自己留着用吧！”姜临渊走了过来，笑着道，“小无痕血气方刚，龙精虎猛，再找十个道侣都扛得住！”\r\n\n    “现在用不上，不代表以后用不上。难道你没听过，没有耕坏的地，只有累死的牛？”姜临战将玉瓶塞到姜无痕手里，嘱咐道，“别不好意思，拿着，以备不时之需！”\r\n\n    姜无痕抵不住他的热情，只能将这瓶破天丹收下。\r\n\n    “行了，小无痕大清早的过来，想必有正经事！”\r\n\n    姜临天摆摆手，再次把姜无痕摁在了家主宝座上。\r\n\n    对此，姜无痕已经坦然接受。\r\n\n    姜临战搓着手，迫不及待的问道：“小无痕，这次那个叫‘系统’的，是不是又给你什么好东西了？”\r\n\n    “家主，各位长老，你们最好都坐下听。这次的东西有点狠，我怕你们见了站不稳。”\r\n\n    姜无痕笑道。\r\n\n    一听这话，众人不乐意了。\r\n\n    “笑话，老夫纵横天下数万年，什么场面没见过？”\r\n\n    “小无痕，你只管拿出来，就算再拿出仙阶功法和极道帝兵，老夫也只会微微一笑，绝对不抽！”\r\n\n    见几人笃定的模样，姜无痕点了点头。\r\n\n    随即，他先是从系统空间内，取出了一卷古朴的兽皮，其上流露出的道蕴，即便准帝都心生悸动。\r\n\n    “小无痕，这个是……”\r\n\n    姜临战问道。\r\n\n    “十凶宝术之一，麒麟宝术！”\r\n\n    一句话，如平地惊雷，在众人耳畔炸响。\r\n\n    十凶宝术！\r\n\n    修至大成，可是堪比仙阶神通的存在！\r\n\n    放在任何一个不朽势力当中，都称得上是压箱底的手段！\r\n\n    “这承载宝术的兽皮，该不会就是麒麟古皇的遗蜕吧！”\r\n\n    姜临渊震撼道。\r\n\n    妖族古皇，那可是堪比人族大帝的恐怖存在！\r\n\n    抛开麒麟宝术不谈，仅仅是这块兽皮，也是不俗的宝物。\r\n\n    就在众人震撼时，姜无痕挥手祭出了极道人皇幡！\r\n\n    刹那间，诡异的金色大幡自殿内浮现，其上铜铃晃动，发出阵阵摄人心魄的声响。\r\n\n    “万魂幡！”\r\n\n    “不对，此幡非但不显丝毫邪祟，反而中正大气，似乎有功德加持……”\r\n\n    “奇怪，这分明只是一件灵兵，老夫却看不透它。”\r\n\n    “小无痕，这究竟是什么东西？”\r\n\n    众人疑惑道。\r\n\n    “此物唤作极道人皇幡，是一件功德秘宝。灵器是它的初始形态，是以诸天大功德祭炼而成，杀生、炼魂不沾因果。”\r\n\n    “它是可以不断晋升的，而且，没有上限！”', '--json']' timed out after 120 seconds
   ⚠️ Translation failed or still Chinese, skipped

📖 [1008/1372] 开局自曝系统_家族助我娶妻成仙/ch-0017.json
   Title: 第一卷 第17章 极限圣体，万古青天一株莲！
  ⚠️ API error (attempt 1): Command '['openclaw', 'infer', 'model', 'run', '--model', 'qclaw/pool-deepseek-v4-pro', '--prompt', 'Translate this Chinese chapter title to English. Return ONLY the English title, no quotes, no explanation, no other text:\n\n第一卷 第17章 极限圣体，万古青天一株莲！', '--json']' timed out after 120 seconds
  ⚠️ API error (attempt 2): Command '['openclaw', 'infer', 'model', 'run', '--model', 'qclaw/pool-deepseek-v4-pro', '--prompt', 'Translate this Chinese chapter title to English. Return ONLY the English title, no quotes, no explanation, no other text:\n\n第一卷 第17章 极限圣体，万古青天一株莲！', '--json']' timed out after 120 seconds
  ⚠️ API error (attempt 1): Command '['openclaw', 'infer', 'model', 'run', '--model', 'qclaw/pool-deepseek-v4-pro', '--prompt', 'Translate the following Chinese novel chapter content to English. Return ONLY the translation, no explanation, no notes, no Chinese text:\n\n姜家祖地，姜无痕跟在姜临天身后，站在了五座巨大的神源面前。\r\n\n    所谓神源，是灵石的一种。\r\n\n    不过，却是圣人以上的强者，才有能力炼化的修炼资源。\r\n\n    即便只是拳头大小的神源块，就价值连城，足以换来数万枚极品灵石！\r\n\n    可就是这样珍贵的修炼资源，在姜家祖地，却有五座大山！\r\n\n    “诸位老祖，这位小辈乃是我姜家恒御大帝之子，名叫无痕！”\r\n\n    姜临天先是介绍了姜无痕，随即将系统的存在，告知了几位老祖。\r\n\n    即便是大帝，听到这样的事情，同样感觉匪夷所思。\r\n\n    但很快，他们就把系统奖励归结为天道垂赐，一切就显得合理了许多。\r\n\n    “原来，你是临御那小家伙的孩子，怪不得如此特殊！”\r\n\n    一座神源内，传来略显得意的声音。\r\n\n    姜临天轻笑，解释道：“无痕，这位是三祖，与始祖、五祖，都是我们这一脉的老祖。论辈分，是你的曾曾祖父！”\r\n\n    “见过三祖，见过各位老祖！”\r\n\n    姜无痕恭敬道。\r\n\n    “无需多礼！”\r\n\n    始祖的神源发出波动，沧桑的声音在祖地回荡：“临天，你方才说……无痕刚得到了新的奖励，那一枚元圣丹和三枚天圣丹要怎么用，可有人选？”\r\n\n    “回禀始祖，如今姜家小辈之中，还有两位神体，因此……我在考虑，将其中一枚天圣丹赐予一位拥有王体的小辈，或者……赐予一位年龄稍大些的神体……”\r\n\n    姜临天沉思片刻后，继续道：“至于这枚元圣丹，暂时还没想好赐予哪位小辈……”\r\n\n    将觉醒的机会留给家族小辈，是能够让整个姜家利益最大化的选择！\r\n\n    但特殊体质万中无一，即便是姜家，也没有太多的神体。\r\n\n    沉默片刻后，始祖再次开口道：“既然已经有了两位人选，便将此二人召来祖地。让我们几个老家伙也见识一下，血脉升华的过程！”\r\n\n    即便他们相信姜临天的话，但这种破天荒的事情，还是得亲眼见证才放心。\r\n\n    姜临天心领神会，立刻派遣镇守祖地的家族强者去接人。\r\n\n    很快，一男一女来到了祖地。\r\n\n    男人名叫姜凌尘，来自流落在下界的支脉，因在十五岁时觉醒了太初剑体，而被接引进入上界姜家。\r\n\n    女人名叫姜纤纤，是大长老姜临战的孙女，属于姜家嫡系。\r\n\n    她所觉醒的，乃是一种木属性神体，唤作净世莲体。\r\n\n    在修仙界，木属性向来是低人一等的存在。\r\n\n    净世莲体，也被称作最弱神体之一！\r\n\n    “拜见老祖，拜见家主，拜见帝子！”\r\n\n    二人对在场众人一一见礼。\r\n\n    “此番召尔等前来，是为了赐给你们一场造化！”姜临天上前，取出了两枚天圣丹，“这是帝子赐给你们的丹药，服下之后，可突破血脉极限，晋升圣体！”\r\n\n    此话一出，二人脸上皆露出惊讶之色。', '--json']' timed out after 120 seconds
  ⚠️ API error (attempt 2): Command '['openclaw', 'infer', 'model', 'run', '--model', 'qclaw/pool-deepseek-v4-pro', '--prompt', 'Translate the following Chinese novel chapter content to English. Return ONLY the translation, no explanation, no notes, no Chinese text:\n\n姜家祖地，姜无痕跟在姜临天身后，站在了五座巨大的神源面前。\r\n\n    所谓神源，是灵石的一种。\r\n\n    不过，却是圣人以上的强者，才有能力炼化的修炼资源。\r\n\n    即便只是拳头大小的神源块，就价值连城，足以换来数万枚极品灵石！\r\n\n    可就是这样珍贵的修炼资源，在姜家祖地，却有五座大山！\r\n\n    “诸位老祖，这位小辈乃是我姜家恒御大帝之子，名叫无痕！”\r\n\n    姜临天先是介绍了姜无痕，随即将系统的存在，告知了几位老祖。\r\n\n    即便是大帝，听到这样的事情，同样感觉匪夷所思。\r\n\n    但很快，他们就把系统奖励归结为天道垂赐，一切就显得合理了许多。\r\n\n    “原来，你是临御那小家伙的孩子，怪不得如此特殊！”\r\n\n    一座神源内，传来略显得意的声音。\r\n\n    姜临天轻笑，解释道：“无痕，这位是三祖，与始祖、五祖，都是我们这一脉的老祖。论辈分，是你的曾曾祖父！”\r\n\n    “见过三祖，见过各位老祖！”\r\n\n    姜无痕恭敬道。\r\n\n    “无需多礼！”\r\n\n    始祖的神源发出波动，沧桑的声音在祖地回荡：“临天，你方才说……无痕刚得到了新的奖励，那一枚元圣丹和三枚天圣丹要怎么用，可有人选？”\r\n\n    “回禀始祖，如今姜家小辈之中，还有两位神体，因此……我在考虑，将其中一枚天圣丹赐予一位拥有王体的小辈，或者……赐予一位年龄稍大些的神体……”\r\n\n    姜临天沉思片刻后，继续道：“至于这枚元圣丹，暂时还没想好赐予哪位小辈……”\r\n\n    将觉醒的机会留给家族小辈，是能够让整个姜家利益最大化的选择！\r\n\n    但特殊体质万中无一，即便是姜家，也没有太多的神体。\r\n\n    沉默片刻后，始祖再次开口道：“既然已经有了两位人选，便将此二人召来祖地。让我们几个老家伙也见识一下，血脉升华的过程！”\r\n\n    即便他们相信姜临天的话，但这种破天荒的事情，还是得亲眼见证才放心。\r\n\n    姜临天心领神会，立刻派遣镇守祖地的家族强者去接人。\r\n\n    很快，一男一女来到了祖地。\r\n\n    男人名叫姜凌尘，来自流落在下界的支脉，因在十五岁时觉醒了太初剑体，而被接引进入上界姜家。\r\n\n    女人名叫姜纤纤，是大长老姜临战的孙女，属于姜家嫡系。\r\n\n    她所觉醒的，乃是一种木属性神体，唤作净世莲体。\r\n\n    在修仙界，木属性向来是低人一等的存在。\r\n\n    净世莲体，也被称作最弱神体之一！\r\n\n    “拜见老祖，拜见家主，拜见帝子！”\r\n\n    二人对在场众人一一见礼。\r\n\n    “此番召尔等前来，是为了赐给你们一场造化！”姜临天上前，取出了两枚天圣丹，“这是帝子赐给你们的丹药，服下之后，可突破血脉极限，晋升圣体！”\r\n\n    此话一出，二人脸上皆露出惊讶之色。', '--json']' timed out after 120 seconds
   ⚠️ Translation failed or still Chinese, skipped

📖 [1009/1372] 开局自曝系统_家族助我娶妻成仙/ch-0018.json
   Title: 第一卷 第18章 人人如龙，不朽仙族！
  ⚠️ API error (attempt 1): Command '['openclaw', 'infer', 'model', 'run', '--model', 'qclaw/pool-deepseek-v4-pro', '--prompt', 'Translate this Chinese chapter title to English. Return ONLY the English title, no quotes, no explanation, no other text:\n\n第一卷 第18章 人人如龙，不朽仙族！', '--json']' timed out after 120 seconds
  ⚠️ API error (attempt 2): Command '['openclaw', 'infer', 'model', 'run', '--model', 'qclaw/pool-deepseek-v4-pro', '--prompt', 'Translate this Chinese chapter title to English. Return ONLY the English title, no quotes, no explanation, no other text:\n\n第一卷 第18章 人人如龙，不朽仙族！', '--json']' timed out after 120 seconds
  ⚠️ API error (attempt 1): Command '['openclaw', 'infer', 'model', 'run', '--model', 'qclaw/pool-deepseek-v4-pro', '--prompt', 'Translate the following Chinese novel chapter content to English. Return ONLY the translation, no explanation, no notes, no Chinese text:\n\n“这枚天圣丹，我想将其赠予云溪！”\r\n\n    “而这枚元圣丹，我想把它用在凝薇身上！”\r\n\n    姜无痕开口，说出了自己的想法。\r\n\n    一时间，祖地陷入了安静。\r\n\n    方才，五位老祖与姜临天神念对接，知晓了最近这段时间发生的一些事情。\r\n\n    “小无痕，能不能说说……为什么要做出这样的决定？”\r\n\n    三祖问道。\r\n\n    在他们看来，即便沐云溪嫁给了姜无痕，沐凝薇又是他的继女，但她们终究不是姜家的人。\r\n\n    非我族类，其心必异！\r\n\n    姜无痕并未直接回答，他先是屏退了姜凌尘和姜纤纤，这才开口道：“有系统在，只要能不断娶妻、生子，像天圣丹这样的东西，要多少有多少！”\r\n\n    “如今的关键是，一些大势力将他们的天骄女修视若珍宝，绝不会轻易让她们嫁到姜家为妾。与其上门提亲屡遭拒绝，倒不如……让他们将天骄女修主动送来和亲！”\r\n\n    此话一出，在场众人无不吃了一惊。\r\n\n    “主送送来？”姜临天眉头紧锁，轻叹一声，“这话说起来容易，可这怎么可能！”\r\n\n    “你忘了昨天在太凰仙朝，连一个小小的仙朝公主，对此事都嗤之以鼻，更别说那些大势力之中，真正的天骄了！”\r\n\n    姜临天一直在张罗这件事，自然知晓其中的难度。\r\n\n    “所以我说，将这次血脉升华的机会给云溪和凝薇，就是要各方势力看到，嫁入我姜家……并非是单纯的联姻，更是一场造化！”\r\n\n    姜无痕轻笑，继续解释道：“云溪虽是太凰仙朝的长公主，但由于当年那桩谣言，导致她声誉尽毁，又被囚禁多年，受人冷眼。”\r\n\n    “沐凝薇更是如此，虽然顶着个郡主的名头，却卑微的像是路边的野草，任谁都能来踩上一脚！”\r\n\n    “若是让她们母女俩成为圣体，甚至……极限圣体，这样的反差，足以那些曾经藐视她们，欺凌她们的人眼红，甚至嫉妒！”\r\n\n    “而那些大势力，又如何能抵挡血脉升华的诱惑？”\r\n\n    说白了，这就是一个阳谋！\r\n\n    树立典型，放出消息。\r\n\n    成为圣体的机会就摆在眼前，想要抓住这个机会，就看谁更主动了！\r\n\n    然而，姜临天闻言，却变了脸色。\r\n\n    “无痕，你这是想把天圣丹的消息泄露出去？绝对不行！”姜临天神色凝重，制止道，“关于你的任何事情，都是姜家的最高机密。即便只是血脉升华，也足以让各方势力疯狂！”', '--json']' timed out after 120 seconds
  ⚠️ API error (attempt 2): Command '['openclaw', 'infer', 'model', 'run', '--model', 'qclaw/pool-deepseek-v4-pro', '--prompt', 'Translate the following Chinese novel chapter content to English. Return ONLY the translation, no explanation, no notes, no Chinese text:\n\n“这枚天圣丹，我想将其赠予云溪！”\r\n\n    “而这枚元圣丹，我想把它用在凝薇身上！”\r\n\n    姜无痕开口，说出了自己的想法。\r\n\n    一时间，祖地陷入了安静。\r\n\n    方才，五位老祖与姜临天神念对接，知晓了最近这段时间发生的一些事情。\r\n\n    “小无痕，能不能说说……为什么要做出这样的决定？”\r\n\n    三祖问道。\r\n\n    在他们看来，即便沐云溪嫁给了姜无痕，沐凝薇又是他的继女，但她们终究不是姜家的人。\r\n\n    非我族类，其心必异！\r\n\n    姜无痕并未直接回答，他先是屏退了姜凌尘和姜纤纤，这才开口道：“有系统在，只要能不断娶妻、生子，像天圣丹这样的东西，要多少有多少！”\r\n\n    “如今的关键是，一些大势力将他们的天骄女修视若珍宝，绝不会轻易让她们嫁到姜家为妾。与其上门提亲屡遭拒绝，倒不如……让他们将天骄女修主动送来和亲！”\r\n\n    此话一出，在场众人无不吃了一惊。\r\n\n    “主送送来？”姜临天眉头紧锁，轻叹一声，“这话说起来容易，可这怎么可能！”\r\n\n    “你忘了昨天在太凰仙朝，连一个小小的仙朝公主，对此事都嗤之以鼻，更别说那些大势力之中，真正的天骄了！”\r\n\n    姜临天一直在张罗这件事，自然知晓其中的难度。\r\n\n    “所以我说，将这次血脉升华的机会给云溪和凝薇，就是要各方势力看到，嫁入我姜家……并非是单纯的联姻，更是一场造化！”\r\n\n    姜无痕轻笑，继续解释道：“云溪虽是太凰仙朝的长公主，但由于当年那桩谣言，导致她声誉尽毁，又被囚禁多年，受人冷眼。”\r\n\n    “沐凝薇更是如此，虽然顶着个郡主的名头，却卑微的像是路边的野草，任谁都能来踩上一脚！”\r\n\n    “若是让她们母女俩成为圣体，甚至……极限圣体，这样的反差，足以那些曾经藐视她们，欺凌她们的人眼红，甚至嫉妒！”\r\n\n    “而那些大势力，又如何能抵挡血脉升华的诱惑？”\r\n\n    说白了，这就是一个阳谋！\r\n\n    树立典型，放出消息。\r\n\n    成为圣体的机会就摆在眼前，想要抓住这个机会，就看谁更主动了！\r\n\n    然而，姜临天闻言，却变了脸色。\r\n\n    “无痕，你这是想把天圣丹的消息泄露出去？绝对不行！”姜临天神色凝重，制止道，“关于你的任何事情，都是姜家的最高机密。即便只是血脉升华，也足以让各方势力疯狂！”', '--json']' timed out after 120 seconds
   ⚠️ Translation failed or still Chinese, skipped

📖 [1010/1372] 开局自曝系统_家族助我娶妻成仙/ch-0019.json
   Title: 第一卷 第19章 人族无大帝，九大圣体战苍穹！
  ⚠️ API error (attempt 1): Command '['openclaw', 'infer', 'model', 'run', '--model', 'qclaw/pool-deepseek-v4-pro', '--prompt', 'Translate this Chinese chapter title to English. Return ONLY the English title, no quotes, no explanation, no other text:\n\n第一卷 第19章 人族无大帝，九大圣体战苍穹！', '--json']' timed out after 120 seconds
  ⚠️ API error (attempt 2): Command '['openclaw', 'infer', 'model', 'run', '--model', 'qclaw/pool-deepseek-v4-pro', '--prompt', 'Translate this Chinese chapter title to English. Return ONLY the English title, no quotes, no explanation, no other text:\n\n第一卷 第19章 人族无大帝，九大圣体战苍穹！', '--json']' timed out after 120 seconds
  ⚠️ API error (attempt 1): Command '['openclaw', 'infer', 'model', 'run', '--model', 'qclaw/pool-deepseek-v4-pro', '--prompt', 'Translate the following Chinese novel chapter content to English. Return ONLY the translation, no explanation, no notes, no Chinese text:\n\n没过多久，沐凝薇被带到了姜家祖地。\r\n\n    她一脸茫然的望着面前的五座神源山，嘴角还沾着糕点的碎屑。\r\n\n    “姜无痕，你让人带我来这里做什么？该不会是想把我骗到这没人的地方，再狠狠地欺负我吧？”沐凝薇皱着小眉头，一脸警惕道，“我警告你，如果娘亲找不见我，一定会跟你要人的！”\r\n\n    “闭嘴，快拜见我族老祖！”\r\n\n    姜无痕提醒道。\r\n\n    “老祖？”沐凝薇环顾四周，疑惑道，“这里除了我们，哪有人啊？”\r\n\n    “小无痕，这丫头……能行吗？怎么感觉脑袋不太灵光的模样？”三祖疑惑，担忧道，“可别浪费了那一枚元圣丹！”\r\n\n    “诶？石头说话了！”沐凝薇吓了一跳，转身就想走，“这到底是什么鬼地方，该不会闹鬼吧？”\r\n\n    “沐凝薇！”姜无痕瞪了她一眼，沉声道，“这里沉睡的，是我姜家的五位老祖，你给我放尊重点！不然，就算告诉你娘亲，她也要跟我一起教训你！”\r\n\n    “你，你，你……你别吓唬我啊，我娘亲才不会教训我呢！”沐凝薇虽依旧嘴硬，却乖巧的站在了姜无痕身边，“你别那么凶好不好？我听你的就是了。”\r\n\n    “这还差不多！”\r\n\n    姜无痕取出元圣丹递给她，嘱咐道：“含在嘴里，听我命令再咽下去！”\r\n\n    “哦。”\r\n\n    沐凝薇听话照做，将元圣丹放入口中。\r\n\n    姜无痕看向五位老祖，始祖开口道：“开始吧……”\r\n\n    “咽下去！”\r\n\n    姜无痕一声令下，沐凝薇将元圣丹吞了下去。\r\n\n    下一刻，一股恐怖的力量，在她体内爆发。\r\n\n    强悍霸道的力量，游走于她的四肢百骸，为其洗筋易髓。\r\n\n    她是为战而生的先天战体，升华的过程，自然比其他神体要狂暴许多。\r\n\n    “姜无痕，你这个大骗子，你又骗我……”沐凝薇跪在地上痛苦挣扎，声音嘶哑，“好难受，好痛苦……”\r\n\n    姜无痕在旁边看着，并未插手。\r\n\n    他心里清楚，这时候没人能帮她，只能靠她自己撑过去。\r\n\n    大概十息之后，痛苦渐渐消退，取而代之的是一种难以言喻的舒爽。\r\n\n    她的身上浮现出道道白光，体内血液流动，竟发出阵阵如惊涛骇浪般的轰鸣。\r\n\n    周身浮现天地异象，无尽苦海之上，涌现出璀璨的金色莲花。\r\n\n    “这，这是……苦海种金莲！”\r\n\n    “苦海种金莲，这是那种禁忌体质所独有的天地异象！”\r\n\n    “荒古战体……”\r\n\n    这一刻，祖地震动。\r\n\n    五位老祖看到这般情形，心中五味杂陈。', '--json']' timed out after 120 seconds
  ⚠️ API error (attempt 2): Command '['openclaw', 'infer', 'model', 'run', '--model', 'qclaw/pool-deepseek-v4-pro', '--prompt', 'Translate the following Chinese novel chapter content to English. Return ONLY the translation, no explanation, no notes, no Chinese text:\n\n没过多久，沐凝薇被带到了姜家祖地。\r\n\n    她一脸茫然的望着面前的五座神源山，嘴角还沾着糕点的碎屑。\r\n\n    “姜无痕，你让人带我来这里做什么？该不会是想把我骗到这没人的地方，再狠狠地欺负我吧？”沐凝薇皱着小眉头，一脸警惕道，“我警告你，如果娘亲找不见我，一定会跟你要人的！”\r\n\n    “闭嘴，快拜见我族老祖！”\r\n\n    姜无痕提醒道。\r\n\n    “老祖？”沐凝薇环顾四周，疑惑道，“这里除了我们，哪有人啊？”\r\n\n    “小无痕，这丫头……能行吗？怎么感觉脑袋不太灵光的模样？”三祖疑惑，担忧道，“可别浪费了那一枚元圣丹！”\r\n\n    “诶？石头说话了！”沐凝薇吓了一跳，转身就想走，“这到底是什么鬼地方，该不会闹鬼吧？”\r\n\n    “沐凝薇！”姜无痕瞪了她一眼，沉声道，“这里沉睡的，是我姜家的五位老祖，你给我放尊重点！不然，就算告诉你娘亲，她也要跟我一起教训你！”\r\n\n    “你，你，你……你别吓唬我啊，我娘亲才不会教训我呢！”沐凝薇虽依旧嘴硬，却乖巧的站在了姜无痕身边，“你别那么凶好不好？我听你的就是了。”\r\n\n    “这还差不多！”\r\n\n    姜无痕取出元圣丹递给她，嘱咐道：“含在嘴里，听我命令再咽下去！”\r\n\n    “哦。”\r\n\n    沐凝薇听话照做，将元圣丹放入口中。\r\n\n    姜无痕看向五位老祖，始祖开口道：“开始吧……”\r\n\n    “咽下去！”\r\n\n    姜无痕一声令下，沐凝薇将元圣丹吞了下去。\r\n\n    下一刻，一股恐怖的力量，在她体内爆发。\r\n\n    强悍霸道的力量，游走于她的四肢百骸，为其洗筋易髓。\r\n\n    她是为战而生的先天战体，升华的过程，自然比其他神体要狂暴许多。\r\n\n    “姜无痕，你这个大骗子，你又骗我……”沐凝薇跪在地上痛苦挣扎，声音嘶哑，“好难受，好痛苦……”\r\n\n    姜无痕在旁边看着，并未插手。\r\n\n    他心里清楚，这时候没人能帮她，只能靠她自己撑过去。\r\n\n    大概十息之后，痛苦渐渐消退，取而代之的是一种难以言喻的舒爽。\r\n\n    她的身上浮现出道道白光，体内血液流动，竟发出阵阵如惊涛骇浪般的轰鸣。\r\n\n    周身浮现天地异象，无尽苦海之上，涌现出璀璨的金色莲花。\r\n\n    “这，这是……苦海种金莲！”\r\n\n    “苦海种金莲，这是那种禁忌体质所独有的天地异象！”\r\n\n    “荒古战体……”\r\n\n    这一刻，祖地震动。\r\n\n    五位老祖看到这般情形，心中五味杂陈。', '--json']' timed out after 120 seconds
   ⚠️ Translation failed or still Chinese, skipped

📖 [1011/1372] 开局自曝系统_家族助我娶妻成仙/ch-0020.json
   Title: 第一卷 第20章 新的目标已经出现！
  ⚠️ API error (attempt 1): Command '['openclaw', 'infer', 'model', 'run', '--model', 'qclaw/pool-deepseek-v4-pro', '--prompt', 'Translate this Chinese chapter title to English. Return ONLY the English title, no quotes, no explanation, no other text:\n\n第一卷 第20章 新的目标已经出现！', '--json']' timed out after 120 seconds
  ⚠️ API error (attempt 2): Command '['openclaw', 'infer', 'model', 'run', '--model', 'qclaw/pool-deepseek-v4-pro', '--prompt', 'Translate this Chinese chapter title to English. Return ONLY the English title, no quotes, no explanation, no other text:\n\n第一卷 第20章 新的目标已经出现！', '--json']' timed out after 120 seconds
  ⚠️ API error (attempt 1): Command '['openclaw', 'infer', 'model', 'run', '--model', 'qclaw/pool-deepseek-v4-pro', '--prompt', 'Translate the following Chinese novel chapter content to English. Return ONLY the translation, no explanation, no notes, no Chinese text:\n\n帝子殿，主殿。\r\n\n    林清雅身穿一袭青色素雅的衣裙，正盘坐在床上修炼。\r\n\n    昨夜姜无痕和沐云溪大婚，整个帝子殿热闹非凡。\r\n\n    可这份热闹，却像是与她无关。\r\n\n    习惯了每天被姜无痕缠着，昨夜独守空房，感觉心里有些空落落的。\r\n\n    她想的太过入迷，就连姜无痕回来都没察觉到。\r\n\n    直到那温暖熟悉的臂膀，将她抱在怀中，林清雅这才回过神来。\r\n\n    她仰起小脸，明显有些意外：“夫君，你怎么来了？”\r\n\n    “怎么，我不能来吗？”\r\n\n    姜无痕笑问道。\r\n\n    林清雅连忙摇头，解释道：“当然不是，夫君想什么时候来都可以。只是，昨夜刚与新人大婚，今天不多陪陪新人，反倒来我这边，人家该以为是我不懂事，霸占着你了！”\r\n\n    “你真这么想？”\r\n\n    姜无痕饶有兴致的道。\r\n\n    林清雅低下头，有些不好意思的道：“其实，也有些舍不得夫君。不过，我现在有了身孕，无法更好的侍奉夫君，不能耽误夫君为家族开枝散叶的大计。夫君只管去就好，我不会多想的！”\r\n\n    “夫人这么通情达理，我反倒是更想补偿夫人了！”\r\n\n    姜无痕凑近，在她耳畔轻声道。\r\n\n    林清雅俏脸微红，眼角余光看向门外，小声呢喃道：“帝子殿现在人多起来了，先关门吧……”\r\n\n    “夫人，我说的不是这种补偿。”\r\n\n    姜无痕无奈笑道。\r\n\n    林清雅顿时羞红了脸，恨不得把脸埋进胸口，小声嘀咕道：“夫君，你一定是故意的，就想看我难为情的样子……”\r\n\n    “夫人，你这可就冤枉好人了，我是真的想补偿你的！”\r\n\n    姜无痕一脸无辜道。\r\n\n    “那，怎么补偿？”\r\n\n    林清雅一脸天真的道。\r\n\n    姜无痕上下打量着她，坏笑道：“今晚我们三个一起，这样既不会亏待云溪，又能陪着夫人你！”\r\n\n    一瞬间，林清雅小嘴微张，像是听到了什么不得了的事情，小脸以肉眼可见的速度变得红润。\r\n\n    “不可以！”\r\n\n    林清雅连忙摇头，又羞又气道：“夫君，这样不行的，我暂时还接受不了……”\r\n\n    “也就是说，以后有机会了？”\r\n\n    姜无痕饶有兴致的道。\r\n\n    林清雅没有再接话，脸红的像是熟透的苹果。\r\n\n    姜无痕见她这幅娇艳欲滴的模样，也是来了兴致。\r\n\n    “那还是，按夫人所说的方式……进行补偿吧！”\r\n\n    为了照顾她的身体，这次匆匆结束，前后不到半个时辰。\r\n\n    随即，在林清雅的催促下，姜无痕穿好衣服去了偏殿。\r\n\n    与此同时，偏殿内。\r\n\n    沐云溪已经穿戴齐整，恢复了平日的典雅端庄。\r\n\n    初为人妻的她，比昨日更显温婉知性，也更加妩媚动人。', '--json']' timed out after 120 seconds
  ⚠️ API error (attempt 2): Command '['openclaw', 'infer', 'model', 'run', '--model', 'qclaw/pool-deepseek-v4-pro', '--prompt', 'Translate the following Chinese novel chapter content to English. Return ONLY the translation, no explanation, no notes, no Chinese text:\n\n帝子殿，主殿。\r\n\n    林清雅身穿一袭青色素雅的衣裙，正盘坐在床上修炼。\r\n\n    昨夜姜无痕和沐云溪大婚，整个帝子殿热闹非凡。\r\n\n    可这份热闹，却像是与她无关。\r\n\n    习惯了每天被姜无痕缠着，昨夜独守空房，感觉心里有些空落落的。\r\n\n    她想的太过入迷，就连姜无痕回来都没察觉到。\r\n\n    直到那温暖熟悉的臂膀，将她抱在怀中，林清雅这才回过神来。\r\n\n    她仰起小脸，明显有些意外：“夫君，你怎么来了？”\r\n\n    “怎么，我不能来吗？”\r\n\n    姜无痕笑问道。\r\n\n    林清雅连忙摇头，解释道：“当然不是，夫君想什么时候来都可以。只是，昨夜刚与新人大婚，今天不多陪陪新人，反倒来我这边，人家该以为是我不懂事，霸占着你了！”\r\n\n    “你真这么想？”\r\n\n    姜无痕饶有兴致的道。\r\n\n    林清雅低下头，有些不好意思的道：“其实，也有些舍不得夫君。不过，我现在有了身孕，无法更好的侍奉夫君，不能耽误夫君为家族开枝散叶的大计。夫君只管去就好，我不会多想的！”\r\n\n    “夫人这么通情达理，我反倒是更想补偿夫人了！”\r\n\n    姜无痕凑近，在她耳畔轻声道。\r\n\n    林清雅俏脸微红，眼角余光看向门外，小声呢喃道：“帝子殿现在人多起来了，先关门吧……”\r\n\n    “夫人，我说的不是这种补偿。”\r\n\n    姜无痕无奈笑道。\r\n\n    林清雅顿时羞红了脸，恨不得把脸埋进胸口，小声嘀咕道：“夫君，你一定是故意的，就想看我难为情的样子……”\r\n\n    “夫人，你这可就冤枉好人了，我是真的想补偿你的！”\r\n\n    姜无痕一脸无辜道。\r\n\n    “那，怎么补偿？”\r\n\n    林清雅一脸天真的道。\r\n\n    姜无痕上下打量着她，坏笑道：“今晚我们三个一起，这样既不会亏待云溪，又能陪着夫人你！”\r\n\n    一瞬间，林清雅小嘴微张，像是听到了什么不得了的事情，小脸以肉眼可见的速度变得红润。\r\n\n    “不可以！”\r\n\n    林清雅连忙摇头，又羞又气道：“夫君，这样不行的，我暂时还接受不了……”\r\n\n    “也就是说，以后有机会了？”\r\n\n    姜无痕饶有兴致的道。\r\n\n    林清雅没有再接话，脸红的像是熟透的苹果。\r\n\n    姜无痕见她这幅娇艳欲滴的模样，也是来了兴致。\r\n\n    “那还是，按夫人所说的方式……进行补偿吧！”\r\n\n    为了照顾她的身体，这次匆匆结束，前后不到半个时辰。\r\n\n    随即，在林清雅的催促下，姜无痕穿好衣服去了偏殿。\r\n\n    与此同时，偏殿内。\r\n\n    沐云溪已经穿戴齐整，恢复了平日的典雅端庄。\r\n\n    初为人妻的她，比昨日更显温婉知性，也更加妩媚动人。', '--json']' timed out after 120 seconds
   ⚠️ Translation failed or still Chinese, skipped

📖 [1012/1372] 开局自曝系统_家族助我娶妻成仙/ch-0021.json
   Title: 第一卷 第21章 玫瑰不用长高，恋者自会弯腰！
  ⚠️ API error (attempt 1): Command '['openclaw', 'infer', 'model', 'run', '--model', 'qclaw/pool-deepseek-v4-pro', '--prompt', 'Translate this Chinese chapter title to English. Return ONLY the English title, no quotes, no explanation, no other text:\n\n第一卷 第21章 玫瑰不用长高，恋者自会弯腰！', '--json']' timed out after 120 seconds
  ⚠️ API error (attempt 2): Command '['openclaw', 'infer', 'model', 'run', '--model', 'qclaw/pool-deepseek-v4-pro', '--prompt', 'Translate this Chinese chapter title to English. Return ONLY the English title, no quotes, no explanation, no other text:\n\n第一卷 第21章 玫瑰不用长高，恋者自会弯腰！', '--json']' timed out after 120 seconds
  ⚠️ API error (attempt 1): Command '['openclaw', 'infer', 'model', 'run', '--model', 'qclaw/pool-deepseek-v4-pro', '--prompt', 'Translate the following Chinese novel chapter content to English. Return ONLY the translation, no explanation, no notes, no Chinese text:\n\n【慕绾儿】\r\n\n    【评分：91】\r\n\n    【身份：玄木界，大燕王朝公主】\r\n\n    【体质：建木王体】\r\n\n    【数据：168cm，90/62/92】\r\n\n    【雷：C+】\r\n\n    【对接次数：0】\r\n\n    ……\r\n\n    【砚清言】\r\n\n    【评分：92】\r\n\n    【身份：天水界，碧落宗圣女】\r\n\n    【体质：碧落冥王体】\r\n\n    【数据：158cm，82/58/84】\r\n\n    【雷：B+】\r\n\n    【对接次数：0】\r\n\n    ……\r\n\n    姜无痕翻看了半天，有些眼花缭乱。\r\n\n    下界天骄数量虽多，但良莠不齐。\r\n\n    他看了两百多个，评分能达到90以上的，连十分之一都不到。\r\n\n    即便是那些勉强能达到评分要求的，看上去也没什么特别出彩的地方，相比于林清雅、沐云溪，差了不止一星半点。\r\n\n    “小无痕，看了这么多，感觉怎么样？”姜临战凑过来，笑着问道，“方才老夫注意到了几个不错的，都是好生养的类型。如果娶回来，绝对能帮咱们姜家开枝散叶！”\r\n\n    姜临天端来一杯悟道茶，抬手打在姜无痕的肩膀上，劝慰道：“无痕，别听大长老瞎说，他上了年纪，眼光不行。”\r\n\n    “三千中千世界，无数小千世界，虽也诞生出了无数天骄，但相较于阎浮大世界，终究还是差了些。你既然与老祖们定下了‘阳谋’，确定要从下界寻道侣加以培养，一鸣惊人，就无需太过吹毛求疵，选个差不多的就行了！”\r\n\n    “待到计划成功，各大势力主动将他们的天之骄女送上门来的时候，想要什么样的道侣没有？”\r\n\n    在他看来，下界修士终究是下界修士，即便矬子里面拔将军，也根本无法与上界天骄相提并论。\r\n\n    来自下界的道侣，也仅仅只是一枚棋子而已！\r\n\n    “不急，我再找找……”\r\n\n    姜无痕继续翻看着，忽然，他的目光定格在一副画像投影上。\r\n\n    【安祈雪】\r\n\n    【评分：94】\r\n\n    【身份：创生莲华界，三生阁圣主】\r\n\n    【体质：并蒂仙灵体（神体）】\r\n\n    【数据：175cm，110/72/112】\r\n\n    【雷：E+】\r\n\n    【对接次数：0】\r\n\n    【弱点：尚未攻略，无法查看！】\r\n\n    一瞬间，姜无痕心头一惊！\r\n\n    这分数，这数值！\r\n\n    下界居然也能诞生出如此天骄！\r\n\n    同时，他看到了安祈雪的其他详细信息。\r\n\n    作为三生阁的圣主，掌控‘轮回法则’，乃是创生莲华界十大‘至尊’强者之一！', '--json']' timed out after 120 seconds
  ⚠️ API error (attempt 2): Command '['openclaw', 'infer', 'model', 'run', '--model', 'qclaw/pool-deepseek-v4-pro', '--prompt', 'Translate the following Chinese novel chapter content to English. Return ONLY the translation, no explanation, no notes, no Chinese text:\n\n【慕绾儿】\r\n\n    【评分：91】\r\n\n    【身份：玄木界，大燕王朝公主】\r\n\n    【体质：建木王体】\r\n\n    【数据：168cm，90/62/92】\r\n\n    【雷：C+】\r\n\n    【对接次数：0】\r\n\n    ……\r\n\n    【砚清言】\r\n\n    【评分：92】\r\n\n    【身份：天水界，碧落宗圣女】\r\n\n    【体质：碧落冥王体】\r\n\n    【数据：158cm，82/58/84】\r\n\n    【雷：B+】\r\n\n    【对接次数：0】\r\n\n    ……\r\n\n    姜无痕翻看了半天，有些眼花缭乱。\r\n\n    下界天骄数量虽多，但良莠不齐。\r\n\n    他看了两百多个，评分能达到90以上的，连十分之一都不到。\r\n\n    即便是那些勉强能达到评分要求的，看上去也没什么特别出彩的地方，相比于林清雅、沐云溪，差了不止一星半点。\r\n\n    “小无痕，看了这么多，感觉怎么样？”姜临战凑过来，笑着问道，“方才老夫注意到了几个不错的，都是好生养的类型。如果娶回来，绝对能帮咱们姜家开枝散叶！”\r\n\n    姜临天端来一杯悟道茶，抬手打在姜无痕的肩膀上，劝慰道：“无痕，别听大长老瞎说，他上了年纪，眼光不行。”\r\n\n    “三千中千世界，无数小千世界，虽也诞生出了无数天骄，但相较于阎浮大世界，终究还是差了些。你既然与老祖们定下了‘阳谋’，确定要从下界寻道侣加以培养，一鸣惊人，就无需太过吹毛求疵，选个差不多的就行了！”\r\n\n    “待到计划成功，各大势力主动将他们的天之骄女送上门来的时候，想要什么样的道侣没有？”\r\n\n    在他看来，下界修士终究是下界修士，即便矬子里面拔将军，也根本无法与上界天骄相提并论。\r\n\n    来自下界的道侣，也仅仅只是一枚棋子而已！\r\n\n    “不急，我再找找……”\r\n\n    姜无痕继续翻看着，忽然，他的目光定格在一副画像投影上。\r\n\n    【安祈雪】\r\n\n    【评分：94】\r\n\n    【身份：创生莲华界，三生阁圣主】\r\n\n    【体质：并蒂仙灵体（神体）】\r\n\n    【数据：175cm，110/72/112】\r\n\n    【雷：E+】\r\n\n    【对接次数：0】\r\n\n    【弱点：尚未攻略，无法查看！】\r\n\n    一瞬间，姜无痕心头一惊！\r\n\n    这分数，这数值！\r\n\n    下界居然也能诞生出如此天骄！\r\n\n    同时，他看到了安祈雪的其他详细信息。\r\n\n    作为三生阁的圣主，掌控‘轮回法则’，乃是创生莲华界十大‘至尊’强者之一！', '--json']' timed out after 120 seconds
   ⚠️ Translation failed or still Chinese, skipped

📖 [1013/1372] 开局自曝系统_家族助我娶妻成仙/ch-0022.json
   Title: 第一卷 第22章 吞噬我，成为神明！
  ⚠️ API error (attempt 1): Command '['openclaw', 'infer', 'model', 'run', '--model', 'qclaw/pool-deepseek-v4-pro', '--prompt', 'Translate this Chinese chapter title to English. Return ONLY the English title, no quotes, no explanation, no other text:\n\n第一卷 第22章 吞噬我，成为神明！', '--json']' timed out after 120 seconds
  ⚠️ API error (attempt 2): Command '['openclaw', 'infer', 'model', 'run', '--model', 'qclaw/pool-deepseek-v4-pro', '--prompt', 'Translate this Chinese chapter title to English. Return ONLY the English title, no quotes, no explanation, no other text:\n\n第一卷 第22章 吞噬我，成为神明！', '--json']' timed out after 120 seconds
  ⚠️ API error (attempt 1): Command '['openclaw', 'infer', 'model', 'run', '--model', 'qclaw/pool-deepseek-v4-pro', '--prompt', 'Translate the following Chinese novel chapter content to English. Return ONLY the translation, no explanation, no notes, no Chinese text:\n\n接引台，是阎浮大世界连接下方世界的通道，在五域之中，各有一座。\r\n\n    姜家位于东域，在接引台附近，早已聚集了不少人。\r\n\n    “拜见帝子，拜见六长老！”\r\n\n    见姜无痕几人到来，众人纷纷跪拜。\r\n\n    “都起来吧！”\r\n\n    姜清濯挥手，祭出了准帝兵级别的炎阳仙舟，横亘在接引台上方。\r\n\n    “此番前往创生莲华界，一切以守护帝子安危为重！”姜清濯看向众人，话语中透露出威严，“出发！”\r\n\n    一声令下，众人纷纷踏上炎阳仙舟。\r\n\n    姜凡、姜怜、姜凌尘、姜纤纤四位圣体，来到了姜无痕面前。\r\n\n    以姜凡为首，躬身行礼：“帝子，家主安排我等四人贴身保护帝子安危，属下愿竭尽心力，为帝子效死！”\r\n\n    “为帝子效死！”\r\n\n    其他三人点头附和。\r\n\n    姜清濯站在一旁，看着几人神情肃穆的模样，淡然道：“不必紧张，以你们几个如今的战力，随便拎出一个，都能给创生莲华界造成灭世级的毁灭！”\r\n\n    “此番为确保万无一失，家主让我带上了恒御大帝的证道帝兵……”\r\n\n    言语间，她祭出了万欲神炉。\r\n\n    这一次，除了这位携极道帝兵的大圣巅峰强者，还有雪姨这位圣人王，以及二十几位圣人，八十多位劫境尊者。\r\n\n    再加上四位圣体级的贴身护卫……\r\n\n    知道的他们是去接人，不知道的，还以为是要去灭世呢！\r\n\n    这阵仗，虽说有些夸张，但在姜家高层眼里，帝子的安危重于一切！\r\n\n    如果不是创生莲华界最多只能抗住大圣强者降临，姜无痕出这趟远门，他们非得把镇守生命禁区的恒御大帝摇回来，给姜无痕充当侍卫！\r\n\n    就在这时，姜无痕在人群中看到了一道熟悉的小身影。\r\n\n    “沐凝薇！”\r\n\n    姜无痕上前，将她从人群里揪了出来。\r\n\n    “嘻嘻，爹爹……”\r\n\n    沐凝薇像是个犯了错被抓住的孩子，脸上挂着尴尬的笑容。\r\n\n    姜无痕看向雪姨，无奈道：“她怎么在这？”\r\n\n    “帝子，我……”\r\n\n    雪姨面露难色，她今天并没有带沐凝薇修炼，也不清楚这丫头是怎么混上来的？\r\n\n    这时，姜纤纤解释道：“小叔，是我带凝薇来的……”\r\n\n    “这两天，她住在我那边，随时与我切磋。方才得到家主传讯，要去下方小世界，我就把她带上了……”\r\n\n    姜纤纤并不觉得有什么风险，而且，也正好让沐凝薇见见世面。\r\n\n    然而，姜无痕的脸色却沉了下来：“跟你说过多少遍了，在家族外要称职务！”\r\n\n    “是，帝子！”\r\n\n    姜纤纤低下头，不敢直视姜无痕。\r\n\n    虽说此行并无风险，但带着沐凝薇，总感觉有些怪怪的。\r\n\n    “算了，无痕，来都来了，就当是让这丫头长长见识了。”\r\n\n    姜清濯劝道。', '--json']' timed out after 120 seconds
  ⚠️ API error (attempt 2): Command '['openclaw', 'infer', 'model', 'run', '--model', 'qclaw/pool-deepseek-v4-pro', '--prompt', 'Translate the following Chinese novel chapter content to English. Return ONLY the translation, no explanation, no notes, no Chinese text:\n\n接引台，是阎浮大世界连接下方世界的通道，在五域之中，各有一座。\r\n\n    姜家位于东域，在接引台附近，早已聚集了不少人。\r\n\n    “拜见帝子，拜见六长老！”\r\n\n    见姜无痕几人到来，众人纷纷跪拜。\r\n\n    “都起来吧！”\r\n\n    姜清濯挥手，祭出了准帝兵级别的炎阳仙舟，横亘在接引台上方。\r\n\n    “此番前往创生莲华界，一切以守护帝子安危为重！”姜清濯看向众人，话语中透露出威严，“出发！”\r\n\n    一声令下，众人纷纷踏上炎阳仙舟。\r\n\n    姜凡、姜怜、姜凌尘、姜纤纤四位圣体，来到了姜无痕面前。\r\n\n    以姜凡为首，躬身行礼：“帝子，家主安排我等四人贴身保护帝子安危，属下愿竭尽心力，为帝子效死！”\r\n\n    “为帝子效死！”\r\n\n    其他三人点头附和。\r\n\n    姜清濯站在一旁，看着几人神情肃穆的模样，淡然道：“不必紧张，以你们几个如今的战力，随便拎出一个，都能给创生莲华界造成灭世级的毁灭！”\r\n\n    “此番为确保万无一失，家主让我带上了恒御大帝的证道帝兵……”\r\n\n    言语间，她祭出了万欲神炉。\r\n\n    这一次，除了这位携极道帝兵的大圣巅峰强者，还有雪姨这位圣人王，以及二十几位圣人，八十多位劫境尊者。\r\n\n    再加上四位圣体级的贴身护卫……\r\n\n    知道的他们是去接人，不知道的，还以为是要去灭世呢！\r\n\n    这阵仗，虽说有些夸张，但在姜家高层眼里，帝子的安危重于一切！\r\n\n    如果不是创生莲华界最多只能抗住大圣强者降临，姜无痕出这趟远门，他们非得把镇守生命禁区的恒御大帝摇回来，给姜无痕充当侍卫！\r\n\n    就在这时，姜无痕在人群中看到了一道熟悉的小身影。\r\n\n    “沐凝薇！”\r\n\n    姜无痕上前，将她从人群里揪了出来。\r\n\n    “嘻嘻，爹爹……”\r\n\n    沐凝薇像是个犯了错被抓住的孩子，脸上挂着尴尬的笑容。\r\n\n    姜无痕看向雪姨，无奈道：“她怎么在这？”\r\n\n    “帝子，我……”\r\n\n    雪姨面露难色，她今天并没有带沐凝薇修炼，也不清楚这丫头是怎么混上来的？\r\n\n    这时，姜纤纤解释道：“小叔，是我带凝薇来的……”\r\n\n    “这两天，她住在我那边，随时与我切磋。方才得到家主传讯，要去下方小世界，我就把她带上了……”\r\n\n    姜纤纤并不觉得有什么风险，而且，也正好让沐凝薇见见世面。\r\n\n    然而，姜无痕的脸色却沉了下来：“跟你说过多少遍了，在家族外要称职务！”\r\n\n    “是，帝子！”\r\n\n    姜纤纤低下头，不敢直视姜无痕。\r\n\n    虽说此行并无风险，但带着沐凝薇，总感觉有些怪怪的。\r\n\n    “算了，无痕，来都来了，就当是让这丫头长长见识了。”\r\n\n    姜清濯劝道。', '--json']' timed out after 120 seconds
   ⚠️ Translation failed or still Chinese, skipped

📖 [1014/1372] 开局自曝系统_家族助我娶妻成仙/ch-0023.json
   Title: 第一卷 第23章 轮回法则，尸傀玄功！
  ⚠️ API error (attempt 1): Command '['openclaw', 'infer', 'model', 'run', '--model', 'qclaw/pool-deepseek-v4-pro', '--prompt', 'Translate this Chinese chapter title to English. Return ONLY the English title, no quotes, no explanation, no other text:\n\n第一卷 第23章 轮回法则，尸傀玄功！', '--json']' timed out after 120 seconds
  ⚠️ API error (attempt 2): Command '['openclaw', 'infer', 'model', 'run', '--model', 'qclaw/pool-deepseek-v4-pro', '--prompt', 'Translate this Chinese chapter title to English. Return ONLY the English title, no quotes, no explanation, no other text:\n\n第一卷 第23章 轮回法则，尸傀玄功！', '--json']' timed out after 120 seconds
  ⚠️ API error (attempt 1): Command '['openclaw', 'infer', 'model', 'run', '--model', 'qclaw/pool-deepseek-v4-pro', '--prompt', 'Translate the following Chinese novel chapter content to English. Return ONLY the translation, no explanation, no notes, no Chinese text:\n\n三生大阵破灭，三生阁迎来了至暗时刻！\r\n\n    上万邪修狂笑着杀入三生阁，所过之处，如人间炼狱！\r\n\n    与此同时，恐怖的邪祟气息席卷，伴随着阵阵邪笑在大殿内回荡。\r\n\n    一道白衣身影撕裂虚空，出现在了殿内。\r\n\n    出云宗宗主，伊年怜！\r\n\n    一袭白衣，不染纤尘，手持一柄折扇，看上去是一副翩翩公子的打扮。\r\n\n    然而，此人却是这方小世界内，最强的邪修！\r\n\n    双手沾满了数不尽无辜者的鲜血，罪孽滔天！\r\n\n    在他身后，还跟着十几位出云宗长老，都是化龙境修为，周身散发出狰狞血气。\r\n\n    见此情形，安祈雪变了脸色，连忙将安兮兮护在了身后。\r\n\n    “伊年怜，你这个不守信用的家伙，当初明明约好三天时间。现在距离约定的时间，还有一天……”\r\n\n    安祈雪贝齿紧咬，眼底满是警惕。\r\n\n    伊年怜嘴角上扬，邪魅的脸上露出不屑冷笑：“安祈雪，你太天真了。三生阁的大阵像个乌龟壳，即便动用血祭的手段，至少也需要两天半的时间才能破开！”\r\n\n    “若不与你定下三天之约，在本座破阵的时候，你怕是就已经吞噬了你妹妹。哪会像现在这样，傻傻的等本座降临？”\r\n\n    伊年怜大笑，脸上满是得意之色。\r\n\n    “卑鄙！”\r\n\n    安兮兮怒斥道。\r\n\n    “呵呵，骂的可真好听！”伊年怜一步踏碎虚空，瞬息来到安祈雪面前，“等本座将你抓回去，关在笼子里，让你骂个够！”\r\n\n    音落，一只大手如鬼魅般探向安兮兮。\r\n\n    他清楚并蒂仙灵体的特性，最担心的莫过于姐妹俩融合！\r\n\n    只要将二人分开，安祈雪就没有修复道伤的机会。\r\n\n    整个三生阁，就是出云宗的囊中之物！\r\n\n    安兮兮不过是天武境修为，面对化龙巅峰的伊年怜，毫无抵抗之力。\r\n\n    关键时刻，安祈雪回过神来，反手祭出一柄灵剑，斩向伊年怜。\r\n\n    虽是灵兵，却也是三生阁的镇阁之宝。\r\n\n    “三生剑狱！”\r\n\n    一剑出，剑气纵横。\r\n\n    这拼尽全力的一剑，勉强将伊年怜震退。\r\n\n    “困兽之斗！”\r\n\n    伊年怜看了身后出云宗众长老一眼，大手一挥：“本座牵制安祈雪，尔等拿下其余众人！”\r\n\n    “记住，莫要伤了圣女小美人，她们姐妹俩……将是助本座突破‘至尊’，飞升上界的极品炉鼎！”\r\n\n    一声令下，出云宗众长老纷纷出手。\r\n\n    即便抛开双方巅峰战力不谈，出云宗这十几位化龙境长老，也要强出三生阁众长老不止一星半点。\r\n\n    老妪手中拐杖猛地砸在地上，咬牙怒喝道：“出云邪修，欺人太甚……”', '--json']' timed out after 120 seconds
  ⚠️ API error (attempt 2): Command '['openclaw', 'infer', 'model', 'run', '--model', 'qclaw/pool-deepseek-v4-pro', '--prompt', 'Translate the following Chinese novel chapter content to English. Return ONLY the translation, no explanation, no notes, no Chinese text:\n\n三生大阵破灭，三生阁迎来了至暗时刻！\r\n\n    上万邪修狂笑着杀入三生阁，所过之处，如人间炼狱！\r\n\n    与此同时，恐怖的邪祟气息席卷，伴随着阵阵邪笑在大殿内回荡。\r\n\n    一道白衣身影撕裂虚空，出现在了殿内。\r\n\n    出云宗宗主，伊年怜！\r\n\n    一袭白衣，不染纤尘，手持一柄折扇，看上去是一副翩翩公子的打扮。\r\n\n    然而，此人却是这方小世界内，最强的邪修！\r\n\n    双手沾满了数不尽无辜者的鲜血，罪孽滔天！\r\n\n    在他身后，还跟着十几位出云宗长老，都是化龙境修为，周身散发出狰狞血气。\r\n\n    见此情形，安祈雪变了脸色，连忙将安兮兮护在了身后。\r\n\n    “伊年怜，你这个不守信用的家伙，当初明明约好三天时间。现在距离约定的时间，还有一天……”\r\n\n    安祈雪贝齿紧咬，眼底满是警惕。\r\n\n    伊年怜嘴角上扬，邪魅的脸上露出不屑冷笑：“安祈雪，你太天真了。三生阁的大阵像个乌龟壳，即便动用血祭的手段，至少也需要两天半的时间才能破开！”\r\n\n    “若不与你定下三天之约，在本座破阵的时候，你怕是就已经吞噬了你妹妹。哪会像现在这样，傻傻的等本座降临？”\r\n\n    伊年怜大笑，脸上满是得意之色。\r\n\n    “卑鄙！”\r\n\n    安兮兮怒斥道。\r\n\n    “呵呵，骂的可真好听！”伊年怜一步踏碎虚空，瞬息来到安祈雪面前，“等本座将你抓回去，关在笼子里，让你骂个够！”\r\n\n    音落，一只大手如鬼魅般探向安兮兮。\r\n\n    他清楚并蒂仙灵体的特性，最担心的莫过于姐妹俩融合！\r\n\n    只要将二人分开，安祈雪就没有修复道伤的机会。\r\n\n    整个三生阁，就是出云宗的囊中之物！\r\n\n    安兮兮不过是天武境修为，面对化龙巅峰的伊年怜，毫无抵抗之力。\r\n\n    关键时刻，安祈雪回过神来，反手祭出一柄灵剑，斩向伊年怜。\r\n\n    虽是灵兵，却也是三生阁的镇阁之宝。\r\n\n    “三生剑狱！”\r\n\n    一剑出，剑气纵横。\r\n\n    这拼尽全力的一剑，勉强将伊年怜震退。\r\n\n    “困兽之斗！”\r\n\n    伊年怜看了身后出云宗众长老一眼，大手一挥：“本座牵制安祈雪，尔等拿下其余众人！”\r\n\n    “记住，莫要伤了圣女小美人，她们姐妹俩……将是助本座突破‘至尊’，飞升上界的极品炉鼎！”\r\n\n    一声令下，出云宗众长老纷纷出手。\r\n\n    即便抛开双方巅峰战力不谈，出云宗这十几位化龙境长老，也要强出三生阁众长老不止一星半点。\r\n\n    老妪手中拐杖猛地砸在地上，咬牙怒喝道：“出云邪修，欺人太甚……”', '--json']' timed out after 120 seconds
   ⚠️ Translation failed or still Chinese, skipped

📖 [1015/1372] 开局自曝系统_家族助我娶妻成仙/ch-0024.json
   Title: 第一卷 第24章 神兵天降，遍地开花！
  ⚠️ API error (attempt 1): Command '['openclaw', 'infer', 'model', 'run', '--model', 'qclaw/pool-deepseek-v4-pro', '--prompt', 'Translate this Chinese chapter title to English. Return ONLY the English title, no quotes, no explanation, no other text:\n\n第一卷 第24章 神兵天降，遍地开花！', '--json']' timed out after 120 seconds
  ⚠️ API error (attempt 2): Command '['openclaw', 'infer', 'model', 'run', '--model', 'qclaw/pool-deepseek-v4-pro', '--prompt', 'Translate this Chinese chapter title to English. Return ONLY the English title, no quotes, no explanation, no other text:\n\n第一卷 第24章 神兵天降，遍地开花！', '--json']' timed out after 120 seconds
  ⚠️ API error (attempt 1): Command '['openclaw', 'infer', 'model', 'run', '--model', 'qclaw/pool-deepseek-v4-pro', '--prompt', 'Translate the following Chinese novel chapter content to English. Return ONLY the translation, no explanation, no notes, no Chinese text:\n\n创生莲华界，炎阳仙舟之上。\r\n\n    姜无痕站在仙舟前方，负手而立，俯瞰下方化作人间炼狱的三生阁。\r\n\n    上万邪修掌控着十几万头尸傀，冲破了三生阁内的层层防线，肆意残杀、啃食着阁中弟子。\r\n\n    甚至，不少邪修看到年轻貌美的女弟子，在这满地狼藉的战场之上，实施暴行。\r\n\n    邪修和尸傀所过之处，犹如蝗虫过境，满是衣不蔽体的断臂残躯……\r\n\n    他们的修为虽不高，但这般残酷血腥的场面，却是让姜家众人面露难色。\r\n\n    沐凝薇、姜纤纤几个女孩子，忍不住直接吐了出来。\r\n\n    “此处虽场面血腥，但好在……出云宗尚未得手，安家姐妹依旧是完璧之身。”姜清濯站在姜无痕身旁，开口劝道，“无痕，你先回仙舟内部等着，这里交给我们……”\r\n\n    话还没说完，姜无痕突然注意到，一位化龙境的女邪修脚踏一颗灵兵级别的水晶骷髅头，身边禁锢着安兮兮，从三生阁的战圈中离去。\r\n\n    他一眼就认出了安兮兮，二话不说，提着极道人皇幡就冲了过去。\r\n\n    这般举动，把姜家众人吓了一跳。\r\n\n    “快，保护帝子！”\r\n\n    姜清濯当即喊道。\r\n\n    与此同时，姜无痕踏空而来，拦在了出云宗那位女长老面前。后者感受到姜无痕周身散发出的化龙境巅峰气息，不由得心头一惊。\r\n\n    “你是何人？敢管出云宗的闲事！”女长老打量着姜无痕，沉声威胁道，“我乃出云宗十二‘天尸长老’之一的苏羽鸢，我们宗主就在附近，不想死的……赶紧滚开！”\r\n\n    “聒噪！”\r\n\n    姜无痕冷哼，手腕一转，极道人皇幡撕裂出恐怖的罡气，直接将苏羽鸢连同她脚下的水晶骷髅灵兵斩为两段。\r\n\n    苏羽鸢，身死道消！\r\n\n    残躯坠落，而她身边的安兮兮并无御空手段，直直掉了下去。\r\n\n    就在她即将坠地时，姜无痕御空而来，一把将她抱住，安稳的放在了地上。\r\n\n    “没事吧？”\r\n\n    姜无痕低头看着她，淡然道。\r\n\n    安兮兮小嘴微张，惊讶的望着这位如神兵天降的黑衣少年，怔怔的出神。\r\n\n    “别发呆了，你姐姐呢？”\r\n\n    姜无痕捏了捏她的小脸，追问道。\r\n\n    安兮兮这才回过神来，连忙指着远处的大殿，迫不及待的喊道：“在‘三生殿’，出云宗的伊老魔也在。只要你能救我姐姐，我愿为你做任何事……”\r\n\n    “跟我走！”\r\n\n    姜无痕神色凝重，一把抱起安兮兮，冲向三生殿。\r\n\n    战场混乱，不少邪修注意到姜无痕和安兮兮，数万尸傀，围攻向二人。\r\n\n    “少侠，当心！”\r\n\n    安兮兮花容失色，连忙出言提醒。', '--json']' timed out after 120 seconds
  ⚠️ API error (attempt 2): Command '['openclaw', 'infer', 'model', 'run', '--model', 'qclaw/pool-deepseek-v4-pro', '--prompt', 'Translate the following Chinese novel chapter content to English. Return ONLY the translation, no explanation, no notes, no Chinese text:\n\n创生莲华界，炎阳仙舟之上。\r\n\n    姜无痕站在仙舟前方，负手而立，俯瞰下方化作人间炼狱的三生阁。\r\n\n    上万邪修掌控着十几万头尸傀，冲破了三生阁内的层层防线，肆意残杀、啃食着阁中弟子。\r\n\n    甚至，不少邪修看到年轻貌美的女弟子，在这满地狼藉的战场之上，实施暴行。\r\n\n    邪修和尸傀所过之处，犹如蝗虫过境，满是衣不蔽体的断臂残躯……\r\n\n    他们的修为虽不高，但这般残酷血腥的场面，却是让姜家众人面露难色。\r\n\n    沐凝薇、姜纤纤几个女孩子，忍不住直接吐了出来。\r\n\n    “此处虽场面血腥，但好在……出云宗尚未得手，安家姐妹依旧是完璧之身。”姜清濯站在姜无痕身旁，开口劝道，“无痕，你先回仙舟内部等着，这里交给我们……”\r\n\n    话还没说完，姜无痕突然注意到，一位化龙境的女邪修脚踏一颗灵兵级别的水晶骷髅头，身边禁锢着安兮兮，从三生阁的战圈中离去。\r\n\n    他一眼就认出了安兮兮，二话不说，提着极道人皇幡就冲了过去。\r\n\n    这般举动，把姜家众人吓了一跳。\r\n\n    “快，保护帝子！”\r\n\n    姜清濯当即喊道。\r\n\n    与此同时，姜无痕踏空而来，拦在了出云宗那位女长老面前。后者感受到姜无痕周身散发出的化龙境巅峰气息，不由得心头一惊。\r\n\n    “你是何人？敢管出云宗的闲事！”女长老打量着姜无痕，沉声威胁道，“我乃出云宗十二‘天尸长老’之一的苏羽鸢，我们宗主就在附近，不想死的……赶紧滚开！”\r\n\n    “聒噪！”\r\n\n    姜无痕冷哼，手腕一转，极道人皇幡撕裂出恐怖的罡气，直接将苏羽鸢连同她脚下的水晶骷髅灵兵斩为两段。\r\n\n    苏羽鸢，身死道消！\r\n\n    残躯坠落，而她身边的安兮兮并无御空手段，直直掉了下去。\r\n\n    就在她即将坠地时，姜无痕御空而来，一把将她抱住，安稳的放在了地上。\r\n\n    “没事吧？”\r\n\n    姜无痕低头看着她，淡然道。\r\n\n    安兮兮小嘴微张，惊讶的望着这位如神兵天降的黑衣少年，怔怔的出神。\r\n\n    “别发呆了，你姐姐呢？”\r\n\n    姜无痕捏了捏她的小脸，追问道。\r\n\n    安兮兮这才回过神来，连忙指着远处的大殿，迫不及待的喊道：“在‘三生殿’，出云宗的伊老魔也在。只要你能救我姐姐，我愿为你做任何事……”\r\n\n    “跟我走！”\r\n\n    姜无痕神色凝重，一把抱起安兮兮，冲向三生殿。\r\n\n    战场混乱，不少邪修注意到姜无痕和安兮兮，数万尸傀，围攻向二人。\r\n\n    “少侠，当心！”\r\n\n    安兮兮花容失色，连忙出言提醒。', '--json']' timed out after 120 seconds
   ⚠️ Translation failed or still Chinese, skipped

📖 [1016/1372] 开局自曝系统_家族助我娶妻成仙/ch-0025.json
   Title: 第一卷 第25章 不断吃惊的姐妹花！
  ⚠️ API error (attempt 1): Command '['openclaw', 'infer', 'model', 'run', '--model', 'qclaw/pool-deepseek-v4-pro', '--prompt', 'Translate this Chinese chapter title to English. Return ONLY the English title, no quotes, no explanation, no other text:\n\n第一卷 第25章 不断吃惊的姐妹花！', '--json']' timed out after 120 seconds
  ⚠️ API error (attempt 2): Command '['openclaw', 'infer', 'model', 'run', '--model', 'qclaw/pool-deepseek-v4-pro', '--prompt', 'Translate this Chinese chapter title to English. Return ONLY the English title, no quotes, no explanation, no other text:\n\n第一卷 第25章 不断吃惊的姐妹花！', '--json']' timed out after 120 seconds
  ⚠️ API error (attempt 1): Command '['openclaw', 'infer', 'model', 'run', '--model', 'qclaw/pool-deepseek-v4-pro', '--prompt', 'Translate the following Chinese novel chapter content to English. Return ONLY the translation, no explanation, no notes, no Chinese text:\n\n只一瞬！\r\n\n    出云宗十几位化龙境长老皆身死道消！\r\n\n    只留下血雾与遍地狼藉。\r\n\n    伊年怜看到这一幕，吓得面色惨白，呆愣原地。\r\n\n    即便是足以飞升上界的‘神明’，也做不到这种程度的事情！\r\n\n    下一刻，这位称霸此方小世界，身上背负了数万条人命的邪修老魔，没有丝毫犹豫的跪在了雪姨面前，磕头如捣蒜。\r\n\n    “上仙饶命！”\r\n\n    “小人只是下界小修，实在不知有什么地方得罪了上仙，还请上仙大人有大量，把小人当个屁给放了吧……”\r\n\n    伊年怜如今的卑微，与之前狰狞嗜杀的残暴，简直判若两人！\r\n\n    雪姨没有说话，回头看向了姜无痕。\r\n\n    她在询问姜无痕的意思。\r\n\n    伊年怜见状，顿时皱眉，眼底浮现出震惊与错愕。\r\n\n    这位仿若仙人般强大的女子，居然对一个跟自己修为差不多的小辈如此恭敬？\r\n\n    “倘若面对的只是那个小辈，尸魂幡内，百万邪魂尽出，未尝不能将其拿下，甚至……将他化作本座的傀儡！”\r\n\n    求生的本能，以及对权力的渴望，让他心里产生了一个大胆的想法。\r\n\n    几乎是在瞬间，伊年怜眼底闪过一抹狠色。\r\n\n    邪功运转，周身魔气赫然爆发，整个人如一支离弦之箭，手握尸魂幡，杀向姜无痕。\r\n\n    “敢坏本座的好事，让你也沦为本座的傀儡！”\r\n\n    伊年怜发了疯似的怒吼着，尸魂幡中，释放出了百万邪魂！\r\n\n    同时，殿外无数尸傀嘶吼着，将三生殿围得水泄不通。\r\n\n    “恩公，当心！”\r\n\n    安祈雪姐妹俩见状，吓得花容失色，连忙提醒。\r\n\n    下一刻，却见姜无痕祭出极道人皇幡，挥舞之下，百万邪魂瞬间湮灭。\r\n\n    同时，极道人皇幡斩碎了伊年怜手中的尸魂幡，连同他的身躯，竖着斩成了两段。\r\n\n    当伊年怜回过神来的时候，灵魂已经被摄入了极道人皇幡内。\r\n\n    “这，怎么可能！”伊年怜灵魂颤栗，惊骇万分，“本座怎么会输给一个……乳臭未干的小辈？”\r\n\n    “我乃出云邪尊，谁人敢斩我，谁人敢炼我……”\r\n\n    话音未落，极道人皇幡之上燃起地狱业火，伊年怜的灵魂在业火之中，发出全然不似人声的惊悚惨叫。\r\n\n    连同雪姨方才斩杀的十几位出云宗长老的灵魂，一同被卷入地狱业火，成为了滋养人皇幡的养料！\r\n\n    这一幕，更是让安祈雪姐妹俩大为吃惊！\r\n\n    伊年怜！\r\n\n    那可是成名已久的盖世老魔，创生莲华界百万修士的噩梦！\r\n\n    居然就这么轻松的被一击斩杀了？', '--json']' timed out after 120 seconds
  ⚠️ API error (attempt 2): Command '['openclaw', 'infer', 'model', 'run', '--model', 'qclaw/pool-deepseek-v4-pro', '--prompt', 'Translate the following Chinese novel chapter content to English. Return ONLY the translation, no explanation, no notes, no Chinese text:\n\n只一瞬！\r\n\n    出云宗十几位化龙境长老皆身死道消！\r\n\n    只留下血雾与遍地狼藉。\r\n\n    伊年怜看到这一幕，吓得面色惨白，呆愣原地。\r\n\n    即便是足以飞升上界的‘神明’，也做不到这种程度的事情！\r\n\n    下一刻，这位称霸此方小世界，身上背负了数万条人命的邪修老魔，没有丝毫犹豫的跪在了雪姨面前，磕头如捣蒜。\r\n\n    “上仙饶命！”\r\n\n    “小人只是下界小修，实在不知有什么地方得罪了上仙，还请上仙大人有大量，把小人当个屁给放了吧……”\r\n\n    伊年怜如今的卑微，与之前狰狞嗜杀的残暴，简直判若两人！\r\n\n    雪姨没有说话，回头看向了姜无痕。\r\n\n    她在询问姜无痕的意思。\r\n\n    伊年怜见状，顿时皱眉，眼底浮现出震惊与错愕。\r\n\n    这位仿若仙人般强大的女子，居然对一个跟自己修为差不多的小辈如此恭敬？\r\n\n    “倘若面对的只是那个小辈，尸魂幡内，百万邪魂尽出，未尝不能将其拿下，甚至……将他化作本座的傀儡！”\r\n\n    求生的本能，以及对权力的渴望，让他心里产生了一个大胆的想法。\r\n\n    几乎是在瞬间，伊年怜眼底闪过一抹狠色。\r\n\n    邪功运转，周身魔气赫然爆发，整个人如一支离弦之箭，手握尸魂幡，杀向姜无痕。\r\n\n    “敢坏本座的好事，让你也沦为本座的傀儡！”\r\n\n    伊年怜发了疯似的怒吼着，尸魂幡中，释放出了百万邪魂！\r\n\n    同时，殿外无数尸傀嘶吼着，将三生殿围得水泄不通。\r\n\n    “恩公，当心！”\r\n\n    安祈雪姐妹俩见状，吓得花容失色，连忙提醒。\r\n\n    下一刻，却见姜无痕祭出极道人皇幡，挥舞之下，百万邪魂瞬间湮灭。\r\n\n    同时，极道人皇幡斩碎了伊年怜手中的尸魂幡，连同他的身躯，竖着斩成了两段。\r\n\n    当伊年怜回过神来的时候，灵魂已经被摄入了极道人皇幡内。\r\n\n    “这，怎么可能！”伊年怜灵魂颤栗，惊骇万分，“本座怎么会输给一个……乳臭未干的小辈？”\r\n\n    “我乃出云邪尊，谁人敢斩我，谁人敢炼我……”\r\n\n    话音未落，极道人皇幡之上燃起地狱业火，伊年怜的灵魂在业火之中，发出全然不似人声的惊悚惨叫。\r\n\n    连同雪姨方才斩杀的十几位出云宗长老的灵魂，一同被卷入地狱业火，成为了滋养人皇幡的养料！\r\n\n    这一幕，更是让安祈雪姐妹俩大为吃惊！\r\n\n    伊年怜！\r\n\n    那可是成名已久的盖世老魔，创生莲华界百万修士的噩梦！\r\n\n    居然就这么轻松的被一击斩杀了？', '--json']' timed out after 120 seconds
   ⚠️ Translation failed or still Chinese, skipped

📖 [1017/1372] 开局自曝系统_家族助我娶妻成仙/ch-0026.json
   Title: 第一卷 第26章 修炼不努力，人皇幡里做兄弟！
  ⚠️ API error (attempt 1): Command '['openclaw', 'infer', 'model', 'run', '--model', 'qclaw/pool-deepseek-v4-pro', '--prompt', 'Translate this Chinese chapter title to English. Return ONLY the English title, no quotes, no explanation, no other text:\n\n第一卷 第26章 修炼不努力，人皇幡里做兄弟！', '--json']' timed out after 120 seconds
  ⚠️ API error (attempt 2): Command '['openclaw', 'infer', 'model', 'run', '--model', 'qclaw/pool-deepseek-v4-pro', '--prompt', 'Translate this Chinese chapter title to English. Return ONLY the English title, no quotes, no explanation, no other text:\n\n第一卷 第26章 修炼不努力，人皇幡里做兄弟！', '--json']' timed out after 120 seconds
  ⚠️ API error (attempt 1): Command '['openclaw', 'infer', 'model', 'run', '--model', 'qclaw/pool-deepseek-v4-pro', '--prompt', 'Translate the following Chinese novel chapter content to English. Return ONLY the translation, no explanation, no notes, no Chinese text:\n\n当三生阁众长老复活的那一刻，安祈雪姐妹的心里，就已经做出了决定。\r\n\n    死而复生，手段通天！\r\n\n    这既是姜无痕在向她们证明姜家的实力，又是赐予她们额外的恩惠。\r\n\n    威逼利诱，向来是谈判的重要手段。\r\n\n    “小女子安祈雪，愿携小妹安兮兮……侍奉恩公左右！”\r\n\n    安祈雪下跪行礼，看向姜无痕的眼神中，带着几分敬畏。\r\n\n    “姐姐……”\r\n\n    安兮兮也跟着跪下，低着头，满脸娇羞。\r\n\n    “善！”\r\n\n    姜无痕满意点头，上前将这对姐妹花扶起，并顺势将二人一左一右抱在怀中。\r\n\n    一时间，香玉满怀！\r\n\n    安兮兮虽显稚嫩，身子却软绵绵的，带着少女独有的青春触感。\r\n\n    安祈雪则是珠圆玉润，柔软饱满的手感，更是让人爱不释手。\r\n\n    反观二女，满脸羞涩，同时心生敬畏，娇躯微微颤抖，不敢抬头与姜无痕对视。\r\n\n    姜无痕不必在意这些，现在彼此了解的还不够，她们出身下界，对上位者心存敬畏是在所难免的。\r\n\n    待到日后深入了解几次就好了！\r\n\n    “雪姨，向家族传讯，事情一切顺利，让他们好好准备……迎接新的帝子妃！”\r\n\n    姜无痕淡然吩咐道。\r\n\n    “是，帝子！”\r\n\n    雪姨领命，走出了大殿。\r\n\n    不远处，三生阁的几位长老面面相觑，表情茫然。\r\n\n    他们记得自己已经死了，却又不知为何……突然复活。\r\n\n    并且复活之后，他们感觉自己变强了！\r\n\n    几位洞天境的长老，莫名其妙的晋升化龙境。而原本是化龙境第七重的老妪，直接达到化龙境巅峰，眼看就要破境飞升！\r\n\n    就连寿命，都至少增加了百年！\r\n\n    不过，结果好像没变，圣主和圣女还是要被人给带走……\r\n\n    “圣主……”\r\n\n    老妪强忍着心中恐惧，轻声唤道。\r\n\n    安祈雪娇躯一颤，轻咬粉唇，欲言又止。\r\n\n    姜无痕见状，并未责怪她们，温柔笑道：“爱妃可还有话，要跟下属交代？”\r\n\n    “可以吗？”\r\n\n    安祈雪怯生生的开口。\r\n\n    ‘爱妃’二字，让她的脸色越发红润。\r\n\n    姜无痕点头，轻笑道：“当然可以！”\r\n\n    “雪姨赐下的丹药，不仅让他们起死回生，对他们而言，更是一场造化。不出意外的话，他们此生都能突破到阴阳境……哦，也就是你们所说的‘神明’。”\r\n\n    “你若想将三生阁的道统搬到上界，可以带着你的门人一块儿走。如果选择将三生阁继续留在创生莲华界，我会让人动用些手段，补全这方小世界的些许法则，提升世界等级……”', '--json']' timed out after 120 seconds
  ⚠️ API error (attempt 2): Command '['openclaw', 'infer', 'model', 'run', '--model', 'qclaw/pool-deepseek-v4-pro', '--prompt', 'Translate the following Chinese novel chapter content to English. Return ONLY the translation, no explanation, no notes, no Chinese text:\n\n当三生阁众长老复活的那一刻，安祈雪姐妹的心里，就已经做出了决定。\r\n\n    死而复生，手段通天！\r\n\n    这既是姜无痕在向她们证明姜家的实力，又是赐予她们额外的恩惠。\r\n\n    威逼利诱，向来是谈判的重要手段。\r\n\n    “小女子安祈雪，愿携小妹安兮兮……侍奉恩公左右！”\r\n\n    安祈雪下跪行礼，看向姜无痕的眼神中，带着几分敬畏。\r\n\n    “姐姐……”\r\n\n    安兮兮也跟着跪下，低着头，满脸娇羞。\r\n\n    “善！”\r\n\n    姜无痕满意点头，上前将这对姐妹花扶起，并顺势将二人一左一右抱在怀中。\r\n\n    一时间，香玉满怀！\r\n\n    安兮兮虽显稚嫩，身子却软绵绵的，带着少女独有的青春触感。\r\n\n    安祈雪则是珠圆玉润，柔软饱满的手感，更是让人爱不释手。\r\n\n    反观二女，满脸羞涩，同时心生敬畏，娇躯微微颤抖，不敢抬头与姜无痕对视。\r\n\n    姜无痕不必在意这些，现在彼此了解的还不够，她们出身下界，对上位者心存敬畏是在所难免的。\r\n\n    待到日后深入了解几次就好了！\r\n\n    “雪姨，向家族传讯，事情一切顺利，让他们好好准备……迎接新的帝子妃！”\r\n\n    姜无痕淡然吩咐道。\r\n\n    “是，帝子！”\r\n\n    雪姨领命，走出了大殿。\r\n\n    不远处，三生阁的几位长老面面相觑，表情茫然。\r\n\n    他们记得自己已经死了，却又不知为何……突然复活。\r\n\n    并且复活之后，他们感觉自己变强了！\r\n\n    几位洞天境的长老，莫名其妙的晋升化龙境。而原本是化龙境第七重的老妪，直接达到化龙境巅峰，眼看就要破境飞升！\r\n\n    就连寿命，都至少增加了百年！\r\n\n    不过，结果好像没变，圣主和圣女还是要被人给带走……\r\n\n    “圣主……”\r\n\n    老妪强忍着心中恐惧，轻声唤道。\r\n\n    安祈雪娇躯一颤，轻咬粉唇，欲言又止。\r\n\n    姜无痕见状，并未责怪她们，温柔笑道：“爱妃可还有话，要跟下属交代？”\r\n\n    “可以吗？”\r\n\n    安祈雪怯生生的开口。\r\n\n    ‘爱妃’二字，让她的脸色越发红润。\r\n\n    姜无痕点头，轻笑道：“当然可以！”\r\n\n    “雪姨赐下的丹药，不仅让他们起死回生，对他们而言，更是一场造化。不出意外的话，他们此生都能突破到阴阳境……哦，也就是你们所说的‘神明’。”\r\n\n    “你若想将三生阁的道统搬到上界，可以带着你的门人一块儿走。如果选择将三生阁继续留在创生莲华界，我会让人动用些手段，补全这方小世界的些许法则，提升世界等级……”', '--json']' timed out after 120 seconds
   ⚠️ Translation failed or still Chinese, skipped

📖 [1018/1372] 开局自曝系统_家族助我娶妻成仙/ch-0027.json
   Title: 第一卷 第27章 意志本源，世界之主！
  ⚠️ API error (attempt 1): Command '['openclaw', 'infer', 'model', 'run', '--model', 'qclaw/pool-deepseek-v4-pro', '--prompt', 'Translate this Chinese chapter title to English. Return ONLY the English title, no quotes, no explanation, no other text:\n\n第一卷 第27章 意志本源，世界之主！', '--json']' timed out after 120 seconds
  ⚠️ API error (attempt 2): Command '['openclaw', 'infer', 'model', 'run', '--model', 'qclaw/pool-deepseek-v4-pro', '--prompt', 'Translate this Chinese chapter title to English. Return ONLY the English title, no quotes, no explanation, no other text:\n\n第一卷 第27章 意志本源，世界之主！', '--json']' timed out after 120 seconds
  ⚠️ API error (attempt 1): Command '['openclaw', 'infer', 'model', 'run', '--model', 'qclaw/pool-deepseek-v4-pro', '--prompt', 'Translate the following Chinese novel chapter content to English. Return ONLY the translation, no explanation, no notes, no Chinese text:\n\n“帝子，已经商议好了，三生阁祖师于万年前在创生莲华界开宗立派，目的就是为了给此方小世界的苍生一份安定。只是后辈徒孙无能，这才让出云宗崛起，邪修横行……”\r\n\n    “如今帝子携上界仙人斩除邪祟，肃清寰宇，三生阁自当继先祖遗志，守护界内苍生！”\r\n\n    安祈雪躬身行礼，道出了三生阁的选择。\r\n\n    对此，姜无痕也表示理解。\r\n\n    他立刻召来一位圣人和两位劫境尊者，淡然道：“自今日起，尔等坐镇创生莲华界，为三生阁荣誉长老。坐镇期间，随时与家族汇报此方界内的情况，百年后我会派人来替换你们，待到回归姜家，月俸及其他待遇……提升一级！”\r\n\n    坐镇小世界百年，回去之后，圣人享受圣人王待遇，尊者享受圣人待遇！\r\n\n    这对他们来说，简直就是恩赐！\r\n\n    “帝子放心，我等定不辱使命！”\r\n\n    三人躬身，神态恭敬。\r\n\n    姜无痕点头，随即看向安祈雪身旁，淡然道：“六长老，此方小世界的法则，还需要你来出手……”\r\n\n    姜清濯从安祈雪身边走出，她始终守护着安祈雪，之前阻止她燃烧本源，并为其治愈伤势的，便是姜清濯！\r\n\n    她点点头，从怀中取出一枚玲珑剔透的晶石，挥手打入了创生莲华界的地脉之中。\r\n\n    “这是一枚中千世界的法则本源，取自十二万年前陨灭的‘海神界’，足以让创生莲华界成长为仅次于中千世界的小世界。”\r\n\n    姜清濯解释道。\r\n\n    三生阁众人闻言，神情震撼。\r\n\n    随手拿出中千世界的法则本源，这是何等的手笔！\r\n\n    那位老妪已经感受到了世界法则变化，对于境界的禁锢开始松动。\r\n\n    她感觉，随时都能冲击阴阳境！\r\n\n    并且，突破之后，无需飞升上界。\r\n\n    就在这时，这方小世界之中的山川草木像是活过来一般，界内所有的一切，在此刻产生了共鸣。\r\n\n    世界意志凝聚，化作了一枚光球，降临在了姜无痕面前。\r\n\n    一瞬间，三生阁众人皆是神情一震。\r\n\n    他们生于斯，长于斯，一眼就认出，那是创生莲华界的意志本源！\r\n\n    世界凝聚出意志本源，代表着臣服！\r\n\n    只要将其炼化，就能成为世界之主！\r\n\n    三生阁历代祖师用尽各种办法，却始终没能成功。\r\n\n    而此刻，创生莲华界主动臣服，献上意志本源。\r\n\n    然而，姜无痕却连看都没看一眼，将其推到了安祈雪面前。\r\n\n    “帝子，您这是……”\r\n\n    安祈雪柳眉微蹙，不解道。\r\n\n    “我不需要这东西，倒是你，似乎挺感兴趣的……”姜无痕轻笑，淡然道，“虽说，你今后成了我的帝子妃，不会再缺资源，但此方小世界，毕竟是你的根脚所在。”\r\n\n    “你若成为此地的世界之主，今后无论身处何地，都能随时通过世界本源，回到创生莲华界。”', '--json']' timed out after 120 seconds
  ⚠️ API error (attempt 2): Command '['openclaw', 'infer', 'model', 'run', '--model', 'qclaw/pool-deepseek-v4-pro', '--prompt', 'Translate the following Chinese novel chapter content to English. Return ONLY the translation, no explanation, no notes, no Chinese text:\n\n“帝子，已经商议好了，三生阁祖师于万年前在创生莲华界开宗立派，目的就是为了给此方小世界的苍生一份安定。只是后辈徒孙无能，这才让出云宗崛起，邪修横行……”\r\n\n    “如今帝子携上界仙人斩除邪祟，肃清寰宇，三生阁自当继先祖遗志，守护界内苍生！”\r\n\n    安祈雪躬身行礼，道出了三生阁的选择。\r\n\n    对此，姜无痕也表示理解。\r\n\n    他立刻召来一位圣人和两位劫境尊者，淡然道：“自今日起，尔等坐镇创生莲华界，为三生阁荣誉长老。坐镇期间，随时与家族汇报此方界内的情况，百年后我会派人来替换你们，待到回归姜家，月俸及其他待遇……提升一级！”\r\n\n    坐镇小世界百年，回去之后，圣人享受圣人王待遇，尊者享受圣人待遇！\r\n\n    这对他们来说，简直就是恩赐！\r\n\n    “帝子放心，我等定不辱使命！”\r\n\n    三人躬身，神态恭敬。\r\n\n    姜无痕点头，随即看向安祈雪身旁，淡然道：“六长老，此方小世界的法则，还需要你来出手……”\r\n\n    姜清濯从安祈雪身边走出，她始终守护着安祈雪，之前阻止她燃烧本源，并为其治愈伤势的，便是姜清濯！\r\n\n    她点点头，从怀中取出一枚玲珑剔透的晶石，挥手打入了创生莲华界的地脉之中。\r\n\n    “这是一枚中千世界的法则本源，取自十二万年前陨灭的‘海神界’，足以让创生莲华界成长为仅次于中千世界的小世界。”\r\n\n    姜清濯解释道。\r\n\n    三生阁众人闻言，神情震撼。\r\n\n    随手拿出中千世界的法则本源，这是何等的手笔！\r\n\n    那位老妪已经感受到了世界法则变化，对于境界的禁锢开始松动。\r\n\n    她感觉，随时都能冲击阴阳境！\r\n\n    并且，突破之后，无需飞升上界。\r\n\n    就在这时，这方小世界之中的山川草木像是活过来一般，界内所有的一切，在此刻产生了共鸣。\r\n\n    世界意志凝聚，化作了一枚光球，降临在了姜无痕面前。\r\n\n    一瞬间，三生阁众人皆是神情一震。\r\n\n    他们生于斯，长于斯，一眼就认出，那是创生莲华界的意志本源！\r\n\n    世界凝聚出意志本源，代表着臣服！\r\n\n    只要将其炼化，就能成为世界之主！\r\n\n    三生阁历代祖师用尽各种办法，却始终没能成功。\r\n\n    而此刻，创生莲华界主动臣服，献上意志本源。\r\n\n    然而，姜无痕却连看都没看一眼，将其推到了安祈雪面前。\r\n\n    “帝子，您这是……”\r\n\n    安祈雪柳眉微蹙，不解道。\r\n\n    “我不需要这东西，倒是你，似乎挺感兴趣的……”姜无痕轻笑，淡然道，“虽说，你今后成了我的帝子妃，不会再缺资源，但此方小世界，毕竟是你的根脚所在。”\r\n\n    “你若成为此地的世界之主，今后无论身处何地，都能随时通过世界本源，回到创生莲华界。”', '--json']' timed out after 120 seconds
   ⚠️ Translation failed or still Chinese, skipped

📖 [1019/1372] 开局自曝系统_家族助我娶妻成仙/ch-0028.json
   Title: 第一卷 第28章 风流一脉相承，恒御大帝也干了！
  ⚠️ API error (attempt 1): Command '['openclaw', 'infer', 'model', 'run', '--model', 'qclaw/pool-deepseek-v4-pro', '--prompt', 'Translate this Chinese chapter title to English. Return ONLY the English title, no quotes, no explanation, no other text:\n\n第一卷 第28章 风流一脉相承，恒御大帝也干了！', '--json']' timed out after 120 seconds
  ⚠️ API error (attempt 2): Command '['openclaw', 'infer', 'model', 'run', '--model', 'qclaw/pool-deepseek-v4-pro', '--prompt', 'Translate this Chinese chapter title to English. Return ONLY the English title, no quotes, no explanation, no other text:\n\n第一卷 第28章 风流一脉相承，恒御大帝也干了！', '--json']' timed out after 120 seconds
  ⚠️ API error (attempt 1): Command '['openclaw', 'infer', 'model', 'run', '--model', 'qclaw/pool-deepseek-v4-pro', '--prompt', 'Translate the following Chinese novel chapter content to English. Return ONLY the translation, no explanation, no notes, no Chinese text:\n\n苍玄界，三千中千世界之一！\r\n\n    尸魂殿传承十几万年，乃是苍玄界内的唯一霸主！\r\n\n    尸魂殿主，封号炼天魔尊，一身修为达到轮回劫境第九重巅峰，已然触摸到了苍玄界的修为极限。\r\n\n    纵横苍玄界数千年，手上沾染了百万条人命，是不折不扣的邪道老魔！\r\n\n    下方的黑衣男人，乃是尸魂殿三尸长老之一的彭踞，轮回劫境第七重的修为。\r\n\n    作为炼天魔尊的左膀右臂，放眼苍玄界，也是实力排的进前五的强者！\r\n\n    此刻，他看向黑暗中的幽光，沉声恭敬道：“殿主，已经查明……那方小世界唤作创生莲华界，界内道统出云宗在前几日，与创生莲华界的土著霸主——三生阁爆发血战，原本稳占上风！”\r\n\n    “可不知为何，三生阁反败为胜，不仅灭掉了攻入阁内的邪修弟子，更是此战过后，又派遣强者前往出云宗，将出云宗彻底灭门！”\r\n\n    “如今的创生莲华界，再无邪修……”\r\n\n    话音未落，恐怖的气势自大殿上方爆发。\r\n\n    “一个极限修为不过化龙境的小世界势力，居然敢如此狂妄！”炼天魔尊怒吼，沉声道，“彭踞，你立刻前往上界，借用上界北域的接引台，前往创生莲华界。先灭三生阁，再重建我尸魂殿的道统！”\r\n\n    “至少需要三千小世界的邪修信仰之力，才能助本尊晋升圣人之境！”\r\n\n    “坏我尸魂殿道统者，务必赶尽杀绝，一个不留！”\r\n\n    ……\r\n\n    阎浮大世界，东域接引台。\r\n\n    炎阳仙舟降临的那一刻，外界已经聚集了不少人。\r\n\n    以姜临天为首，姜家众人翘首以盼。\r\n\n    仙舟开启，姜无痕左拥右抱的搂着安祈雪和安兮兮，走下了仙舟。\r\n\n    当姐妹俩看到眼前的景象时，再一次被狠狠地震撼到。\r\n\n    目之所及，是浩瀚无垠的疆域，仙台楼阁交错林立，在仙雾之中若隐若现。\r\n\n    四周天地灵气精纯无比，比起下界要浓郁百倍。\r\n\n    远处仙池之中，是凝聚为实体的灵液，上方灵雾飘散，仿若仙境！\r\n\n    姐妹俩不由得感慨，这就是传说中的上界吗？\r\n\n    称其为仙界都丝毫不为过！\r\n\n    这也难怪无数修士耗尽心血的提升境界，就是为了能够飞升到更高的地方，一睹高处的风景……\r\n\n    更让她们震撼的，是前来迎接的姜家众人。\r\n\n    安祈雪和安兮兮原本以为，此番带队的姜清濯就已经是姜家的绝顶强者了！\r\n\n    然而，当她们看到姜临天等人时，仿佛一粒蜉蝣见青天！\r\n\n    那种凡人仰望仙人的敬畏与无力感，遍布全身。', '--json']' timed out after 120 seconds
  ⚠️ API error (attempt 2): Command '['openclaw', 'infer', 'model', 'run', '--model', 'qclaw/pool-deepseek-v4-pro', '--prompt', 'Translate the following Chinese novel chapter content to English. Return ONLY the translation, no explanation, no notes, no Chinese text:\n\n苍玄界，三千中千世界之一！\r\n\n    尸魂殿传承十几万年，乃是苍玄界内的唯一霸主！\r\n\n    尸魂殿主，封号炼天魔尊，一身修为达到轮回劫境第九重巅峰，已然触摸到了苍玄界的修为极限。\r\n\n    纵横苍玄界数千年，手上沾染了百万条人命，是不折不扣的邪道老魔！\r\n\n    下方的黑衣男人，乃是尸魂殿三尸长老之一的彭踞，轮回劫境第七重的修为。\r\n\n    作为炼天魔尊的左膀右臂，放眼苍玄界，也是实力排的进前五的强者！\r\n\n    此刻，他看向黑暗中的幽光，沉声恭敬道：“殿主，已经查明……那方小世界唤作创生莲华界，界内道统出云宗在前几日，与创生莲华界的土著霸主——三生阁爆发血战，原本稳占上风！”\r\n\n    “可不知为何，三生阁反败为胜，不仅灭掉了攻入阁内的邪修弟子，更是此战过后，又派遣强者前往出云宗，将出云宗彻底灭门！”\r\n\n    “如今的创生莲华界，再无邪修……”\r\n\n    话音未落，恐怖的气势自大殿上方爆发。\r\n\n    “一个极限修为不过化龙境的小世界势力，居然敢如此狂妄！”炼天魔尊怒吼，沉声道，“彭踞，你立刻前往上界，借用上界北域的接引台，前往创生莲华界。先灭三生阁，再重建我尸魂殿的道统！”\r\n\n    “至少需要三千小世界的邪修信仰之力，才能助本尊晋升圣人之境！”\r\n\n    “坏我尸魂殿道统者，务必赶尽杀绝，一个不留！”\r\n\n    ……\r\n\n    阎浮大世界，东域接引台。\r\n\n    炎阳仙舟降临的那一刻，外界已经聚集了不少人。\r\n\n    以姜临天为首，姜家众人翘首以盼。\r\n\n    仙舟开启，姜无痕左拥右抱的搂着安祈雪和安兮兮，走下了仙舟。\r\n\n    当姐妹俩看到眼前的景象时，再一次被狠狠地震撼到。\r\n\n    目之所及，是浩瀚无垠的疆域，仙台楼阁交错林立，在仙雾之中若隐若现。\r\n\n    四周天地灵气精纯无比，比起下界要浓郁百倍。\r\n\n    远处仙池之中，是凝聚为实体的灵液，上方灵雾飘散，仿若仙境！\r\n\n    姐妹俩不由得感慨，这就是传说中的上界吗？\r\n\n    称其为仙界都丝毫不为过！\r\n\n    这也难怪无数修士耗尽心血的提升境界，就是为了能够飞升到更高的地方，一睹高处的风景……\r\n\n    更让她们震撼的，是前来迎接的姜家众人。\r\n\n    安祈雪和安兮兮原本以为，此番带队的姜清濯就已经是姜家的绝顶强者了！\r\n\n    然而，当她们看到姜临天等人时，仿佛一粒蜉蝣见青天！\r\n\n    那种凡人仰望仙人的敬畏与无力感，遍布全身。', '--json']' timed out after 120 seconds
   ⚠️ Translation failed or still Chinese, skipped

📖 [1020/1372] 开局自曝系统_家族助我娶妻成仙/ch-0029.json
   Title: 第一卷 第29章 格局颠覆，重新洗牌！
  ⚠️ API error (attempt 1): Command '['openclaw', 'infer', 'model', 'run', '--model', 'qclaw/pool-deepseek-v4-pro', '--prompt', 'Translate this Chinese chapter title to English. Return ONLY the English title, no quotes, no explanation, no other text:\n\n第一卷 第29章 格局颠覆，重新洗牌！', '--json']' timed out after 120 seconds
  ⚠️ API error (attempt 2): Command '['openclaw', 'infer', 'model', 'run', '--model', 'qclaw/pool-deepseek-v4-pro', '--prompt', 'Translate this Chinese chapter title to English. Return ONLY the English title, no quotes, no explanation, no other text:\n\n第一卷 第29章 格局颠覆，重新洗牌！', '--json']' timed out after 120 seconds
  ⚠️ API error (attempt 1): Command '['openclaw', 'infer', 'model', 'run', '--model', 'qclaw/pool-deepseek-v4-pro', '--prompt', 'Translate the following Chinese novel chapter content to English. Return ONLY the translation, no explanation, no notes, no Chinese text:\n\n姜无痕一开口，在场众人的目光，纷纷落在了他的身上。\r\n\n    他看向众人，不急不缓的开口道：“在我们大张旗鼓的驾驭炎阳仙舟，前往创生莲华界的那一刻，计划就已经开始了！”\r\n\n    “各方大势力在彼此的地界安插眼线，这几乎是约定俗成的潜规则。此番接回小世界姐妹花的消息，势必要传遍各大势力。不过，这对他们来说，算不上什么重要信息，并不会引起高层的关注。”\r\n\n    “所以，需要我们添一把火！”\r\n\n    姜无痕轻笑，看向了姜临天，开口道：“家主，立刻对外宣布，姜家帝子于明日再纳道侣，对方是来自下方小世界的三生阁圣主安祈雪及其妹妹安兮兮，并广邀各方强者前来观礼。”\r\n\n    “放心吧，无痕，这件事我来安排！”\r\n\n    姜临天点头道。\r\n\n    “如此一来，这对姐妹花的身份，必将受到各方强者的关注！”姜无痕目光深邃，侃侃而谈，“接下来，我们要放出足以让所有人震撼且疯狂的重磅消息。动用姜家底蕴，助安祈雪和安兮兮血脉升华，成就圣体！”\r\n\n    这是之前在祖地就商量好的，也是这个计划的关键。\r\n\n    当然，提前放出消息，只是为了造势。\r\n\n    “到时候，各种猜疑满天飞，质疑声将会成为主流，并不断发酵。等到舆论压力达到顶峰时，让沐云溪、安祈雪、安兮兮三女接连服下天圣丹，并动用姜家的‘映照诸天’祭台，用这些真实画面，终结质疑声，让舆论成为真实！”\r\n\n    “而姜家，势必会遭到各方势力觊觎。这时候，就需要家族展示出足以震慑万族的实力底蕴，让那些觊觎，变成真正的忌惮，甚至敬畏！”\r\n\n    姜无痕看向五位长老，轻笑道：“到时，还需要各位老祖出面。无需动手，只需要释放帝威，昭告这片天地，我姜家除了我父亲恒御大帝，还有五尊当世大帝的底蕴！”\r\n\n    “小无痕，你放心，倘若只是威慑宵小，根本无需破封出关。”始祖点头，脸上却闪过一抹担忧，“只怕这么做，虽能震慑弱者，却也容易激起某些同样自封的老家伙的逆反心理。”\r\n\n    “若其他势力的大帝携极道帝兵而来，我们五位……也不得不有人破封迎战！”\r\n\n    他们虽是镇压了一个时代的大帝，如今却寿元将尽。\r\n\n    倘若破封出战，无论这一战的结果如何，都逃不过陨落的结局。\r\n\n    “倘若真到了那一刻，就由老夫出战吧！”始祖没有丝毫犹豫，开口道，“老夫自封的时间的最长，神源的承受能力，也已经快要到达极限了。”\r\n\n    “待我陨落之后，姜家的未来……就靠尔等守护了！”\r\n\n    始祖看向众人，脸上露出欣慰的笑。\r\n\n    “始祖，你是我们五个之中境界最高的，也是最见多识广的存在。这种事无论如何……也轮不到您来做！”二祖起身，沉声道，“您的神源，再封千年也没什么问题。”\r\n\n    “这一战，由我来！”\r\n\n    二祖一开口，其他三位老祖也纷纷起身，主动请缨出战。\r\n\n    姜无痕见状，连忙解释道：“各位老祖别激动，此事无需你们出手。让家主传讯，请我父亲回归坐镇。即便有外族大帝携极道帝兵而来，强弩之末……又怎敌巅峰大帝？”\r\n\n    “除非其他势力联手，不顾一切的想要毁掉姜家。但这样做，对他们没有半点好处！”', '--json']' timed out after 120 seconds
  ⚠️ API error (attempt 2): Command '['openclaw', 'infer', 'model', 'run', '--model', 'qclaw/pool-deepseek-v4-pro', '--prompt', 'Translate the following Chinese novel chapter content to English. Return ONLY the translation, no explanation, no notes, no Chinese text:\n\n姜无痕一开口，在场众人的目光，纷纷落在了他的身上。\r\n\n    他看向众人，不急不缓的开口道：“在我们大张旗鼓的驾驭炎阳仙舟，前往创生莲华界的那一刻，计划就已经开始了！”\r\n\n    “各方大势力在彼此的地界安插眼线，这几乎是约定俗成的潜规则。此番接回小世界姐妹花的消息，势必要传遍各大势力。不过，这对他们来说，算不上什么重要信息，并不会引起高层的关注。”\r\n\n    “所以，需要我们添一把火！”\r\n\n    姜无痕轻笑，看向了姜临天，开口道：“家主，立刻对外宣布，姜家帝子于明日再纳道侣，对方是来自下方小世界的三生阁圣主安祈雪及其妹妹安兮兮，并广邀各方强者前来观礼。”\r\n\n    “放心吧，无痕，这件事我来安排！”\r\n\n    姜临天点头道。\r\n\n    “如此一来，这对姐妹花的身份，必将受到各方强者的关注！”姜无痕目光深邃，侃侃而谈，“接下来，我们要放出足以让所有人震撼且疯狂的重磅消息。动用姜家底蕴，助安祈雪和安兮兮血脉升华，成就圣体！”\r\n\n    这是之前在祖地就商量好的，也是这个计划的关键。\r\n\n    当然，提前放出消息，只是为了造势。\r\n\n    “到时候，各种猜疑满天飞，质疑声将会成为主流，并不断发酵。等到舆论压力达到顶峰时，让沐云溪、安祈雪、安兮兮三女接连服下天圣丹，并动用姜家的‘映照诸天’祭台，用这些真实画面，终结质疑声，让舆论成为真实！”\r\n\n    “而姜家，势必会遭到各方势力觊觎。这时候，就需要家族展示出足以震慑万族的实力底蕴，让那些觊觎，变成真正的忌惮，甚至敬畏！”\r\n\n    姜无痕看向五位长老，轻笑道：“到时，还需要各位老祖出面。无需动手，只需要释放帝威，昭告这片天地，我姜家除了我父亲恒御大帝，还有五尊当世大帝的底蕴！”\r\n\n    “小无痕，你放心，倘若只是威慑宵小，根本无需破封出关。”始祖点头，脸上却闪过一抹担忧，“只怕这么做，虽能震慑弱者，却也容易激起某些同样自封的老家伙的逆反心理。”\r\n\n    “若其他势力的大帝携极道帝兵而来，我们五位……也不得不有人破封迎战！”\r\n\n    他们虽是镇压了一个时代的大帝，如今却寿元将尽。\r\n\n    倘若破封出战，无论这一战的结果如何，都逃不过陨落的结局。\r\n\n    “倘若真到了那一刻，就由老夫出战吧！”始祖没有丝毫犹豫，开口道，“老夫自封的时间的最长，神源的承受能力，也已经快要到达极限了。”\r\n\n    “待我陨落之后，姜家的未来……就靠尔等守护了！”\r\n\n    始祖看向众人，脸上露出欣慰的笑。\r\n\n    “始祖，你是我们五个之中境界最高的，也是最见多识广的存在。这种事无论如何……也轮不到您来做！”二祖起身，沉声道，“您的神源，再封千年也没什么问题。”\r\n\n    “这一战，由我来！”\r\n\n    二祖一开口，其他三位老祖也纷纷起身，主动请缨出战。\r\n\n    姜无痕见状，连忙解释道：“各位老祖别激动，此事无需你们出手。让家主传讯，请我父亲回归坐镇。即便有外族大帝携极道帝兵而来，强弩之末……又怎敌巅峰大帝？”\r\n\n    “除非其他势力联手，不顾一切的想要毁掉姜家。但这样做，对他们没有半点好处！”', '--json']' timed out after 120 seconds
   ⚠️ Translation failed or still Chinese, skipped

📖 [1021/1372] 开局自曝系统_家族助我娶妻成仙/ch-0030.json
   Title: 第一卷 第30章 黄金大世将至，时间不多了！
  ⚠️ API error (attempt 1): Command '['openclaw', 'infer', 'model', 'run', '--model', 'qclaw/pool-deepseek-v4-pro', '--prompt', 'Translate this Chinese chapter title to English. Return ONLY the English title, no quotes, no explanation, no other text:\n\n第一卷 第30章 黄金大世将至，时间不多了！', '--json']' timed out after 120 seconds
  ⚠️ API error (attempt 2): Command '['openclaw', 'infer', 'model', 'run', '--model', 'qclaw/pool-deepseek-v4-pro', '--prompt', 'Translate this Chinese chapter title to English. Return ONLY the English title, no quotes, no explanation, no other text:\n\n第一卷 第30章 黄金大世将至，时间不多了！', '--json']' timed out after 120 seconds
  ⚠️ API error (attempt 1): Command '['openclaw', 'infer', 'model', 'run', '--model', 'qclaw/pool-deepseek-v4-pro', '--prompt', 'Translate the following Chinese novel chapter content to English. Return ONLY the translation, no explanation, no notes, no Chinese text:\n\n装饰精美的请柬上，写着一行行金色的小字，前面的内容倒也正常，无非是常规的邀请话术。\r\n\n    而最后两行的内容，却让沐乾钊顿时瞪大了双眼。\r\n\n    “三生阁圣主安祈雪、圣女安兮兮，与我族帝子天赐佳偶，珠联璧合。在成婚次日，将赐予二女参天造化，以太古秘法助二女成就无上圣体！”\r\n\n    沐乾钊忍不住揉了揉眼睛，确认自己没有看错。\r\n\n    那可是无上圣体！\r\n\n    纵观整个太凰仙朝的年轻一代，都找不出一个圣体。\r\n\n    姜家到底藏着怎样的手段，能将两个从下界找来的土著，提升为圣体？\r\n\n    “疯了，姜家这伙人……完全是疯了！”\r\n\n    “这种事，怎么可能！”\r\n\n    沐乾钊完全不相信。\r\n\n    但眼下，这红纸金字写着，姜家总不会拿这种事，跟各大势力的强者开玩笑吧？\r\n\n    “这群疯子，他们到底想干什么……”沐乾钊已经乱了分寸，目光落在身旁的老太监身上，“魏公公，你说……他们的目的是什么？”\r\n\n    “这……”魏公公愣了一下，一脸为难道，“老奴斗胆猜测，要么姜家当真掌控了提升体质的手段，要么……他们藏着更大的阴谋，像以此噱头，吸引各方势力的关注。”\r\n\n    “哼，提升体质的手段并不罕见，但想要造出一尊圣体，几乎要耗尽一座不朽帝族的底蕴，他们没理由付出这么大的代价，去帮两个小世界的土著！”\r\n\n    沐乾钊冷哼，沉声道：“给朕查清楚，姓安的那对姐妹到底是什么底细，还有……姜家究竟有什么目的！”\r\n\n    “太凰仙朝从不落于人后，这种事……决不能这么不明不白！”\r\n\n    沐乾钊咬牙切齿，眼神冰冷。\r\n\n    “是……”\r\n\n    魏公公连忙点头，慌慌张张的离开。\r\n\n    御书房内，只剩沐乾钊看着手中的请柬，整个人陷入了沉思。\r\n\n    ……\r\n\n    瑶池圣地，圣心宫。\r\n\n    圣女齐梦瑶正在与西王母品茶对弈，一位瑶池长老匆匆而来，隔着五彩屏风禀报：“启禀圣主、圣女，姜家的请柬到了！”\r\n\n    “请柬？”西王母怔了一下，柳眉微蹙，“姜家这是又有什么喜事了？”\r\n\n    言语间，她玉手轻挥，请柬飘过五彩屏风，落在了她的面前。\r\n\n    当她看完里面的内容时，脸上露出了一抹饶有兴致的神色。', '--json']' timed out after 120 seconds
  ⚠️ API error (attempt 2): Command '['openclaw', 'infer', 'model', 'run', '--model', 'qclaw/pool-deepseek-v4-pro', '--prompt', 'Translate the following Chinese novel chapter content to English. Return ONLY the translation, no explanation, no notes, no Chinese text:\n\n装饰精美的请柬上，写着一行行金色的小字，前面的内容倒也正常，无非是常规的邀请话术。\r\n\n    而最后两行的内容，却让沐乾钊顿时瞪大了双眼。\r\n\n    “三生阁圣主安祈雪、圣女安兮兮，与我族帝子天赐佳偶，珠联璧合。在成婚次日，将赐予二女参天造化，以太古秘法助二女成就无上圣体！”\r\n\n    沐乾钊忍不住揉了揉眼睛，确认自己没有看错。\r\n\n    那可是无上圣体！\r\n\n    纵观整个太凰仙朝的年轻一代，都找不出一个圣体。\r\n\n    姜家到底藏着怎样的手段，能将两个从下界找来的土著，提升为圣体？\r\n\n    “疯了，姜家这伙人……完全是疯了！”\r\n\n    “这种事，怎么可能！”\r\n\n    沐乾钊完全不相信。\r\n\n    但眼下，这红纸金字写着，姜家总不会拿这种事，跟各大势力的强者开玩笑吧？\r\n\n    “这群疯子，他们到底想干什么……”沐乾钊已经乱了分寸，目光落在身旁的老太监身上，“魏公公，你说……他们的目的是什么？”\r\n\n    “这……”魏公公愣了一下，一脸为难道，“老奴斗胆猜测，要么姜家当真掌控了提升体质的手段，要么……他们藏着更大的阴谋，像以此噱头，吸引各方势力的关注。”\r\n\n    “哼，提升体质的手段并不罕见，但想要造出一尊圣体，几乎要耗尽一座不朽帝族的底蕴，他们没理由付出这么大的代价，去帮两个小世界的土著！”\r\n\n    沐乾钊冷哼，沉声道：“给朕查清楚，姓安的那对姐妹到底是什么底细，还有……姜家究竟有什么目的！”\r\n\n    “太凰仙朝从不落于人后，这种事……决不能这么不明不白！”\r\n\n    沐乾钊咬牙切齿，眼神冰冷。\r\n\n    “是……”\r\n\n    魏公公连忙点头，慌慌张张的离开。\r\n\n    御书房内，只剩沐乾钊看着手中的请柬，整个人陷入了沉思。\r\n\n    ……\r\n\n    瑶池圣地，圣心宫。\r\n\n    圣女齐梦瑶正在与西王母品茶对弈，一位瑶池长老匆匆而来，隔着五彩屏风禀报：“启禀圣主、圣女，姜家的请柬到了！”\r\n\n    “请柬？”西王母怔了一下，柳眉微蹙，“姜家这是又有什么喜事了？”\r\n\n    言语间，她玉手轻挥，请柬飘过五彩屏风，落在了她的面前。\r\n\n    当她看完里面的内容时，脸上露出了一抹饶有兴致的神色。', '--json']' timed out after 120 seconds
   ⚠️ Translation failed or still Chinese, skipped

📖 [1022/1372] 开局阴阳宗_从反杀师姐开始斩妖除魔/ch-0001.json
   Title: 第一章阴阳门
  ⚠️ API error (attempt 1): Command '['openclaw', 'infer', 'model', 'run', '--model', 'qclaw/pool-deepseek-v4-pro', '--prompt', 'Translate this Chinese chapter title to English. Return ONLY the English title, no quotes, no explanation, no other text:\n\n第一章阴阳门', '--json']' timed out after 120 seconds
  ⚠️ API error (attempt 2): Command '['openclaw', 'infer', 'model', 'run', '--model', 'qclaw/pool-deepseek-v4-pro', '--prompt', 'Translate this Chinese chapter title to English. Return ONLY the English title, no quotes, no explanation, no other text:\n\n第一章阴阳门', '--json']' timed out after 120 seconds
  ⚠️ API error (attempt 1): Command '['openclaw', 'infer', 'model', 'run', '--model', 'qclaw/pool-deepseek-v4-pro', '--prompt', 'Translate the following Chinese novel chapter content to English. Return ONLY the translation, no explanation, no notes, no Chinese text:\n\n大周武德九年，妖物横行，宗门林立，修炼一途开始盛行，其间有正魔之分。\r\n\n    阴阳门，山岳高耸入云，直拔天际，山腰的一片树林之中，藏有连片的屋舍。\r\n\n    这是门内弟子生活的地方，亦是修炼的地方……\r\n\n    一间普通屋舍内，床板正在“嘎吱嘎吱”作响，烛光微微摇曳，发出昏沉的亮光，堪堪照亮床板上两人的身影。\r\n\n    男子身形瘦弱，形容枯槁，显然一副被榨干的模样。\r\n\n    此刻，他躺在床上，闭着双目一动不动，鼻间似乎早已没有了呼吸。\r\n\n    女子还在卖力收租，丝毫没有察觉男伴的异样，反而只顾自己的感受。\r\n\n    但是几秒后，男子的手指竟奇迹般地动了两下，本该冰冷的尸体，却缓缓睁开了眼睛。\r\n\n    他眼中满是迷茫，因为他刚刚才穿越过来，按理说他现在该思考异乡人的哲学三问了。\r\n\n    不过好兄弟传来的愉悦，让他放弃了思考。\r\n\n    他仔细一看，就看见一抹倩影正在工作，他不忍心打扰。\r\n\n    不过几秒后，就听见那个女子说道：“软货，你怎么这么快。”\r\n\n    男子一愣，低头一看，果然如此。\r\n\n    我去，原主这么弱！\r\n\n    未等他有多少感想，那个女子居然直接抓住，质问道：\r\n\n    “我给你的功法，怎么才练这么一点。”\r\n\n    什么功法，男子赶紧回忆。\r\n\n    我叫张守安，拥有九阳归元体，是眼前这个女子——江燕，的炉鼎，他给了我一本功法，叫什么来着？\r\n\n    他一阵思索，最终才想了起来。\r\n\n    阴阳合欢功……\r\n\n    不过下一秒，他的表情骤变。\r\n\n    这个妖女是要通过这个功法，来吸干自己，来提升境界。\r\n\n    自己的九阳归元体，按理说本是修炼的绝佳体制，拥有者修炼事半功倍。\r\n\n    只不过，这也是双修的绝佳炉鼎，这个妖女为了尽快提升到练气圆满，竞争真传弟子的名额，竟然要一次性吸干自己。\r\n\n    简直可恶。\r\n\n    不过前提是，我的阴阳合欢功必须修炼到小成，不然效果会大打折扣。\r\n\n    好在原主偷偷发现了这个秘密，从此每天摸鱼度日。\r\n\n    原来如此，“唔”……未等张守安回话，江燕竟然直接爬上前来，一手掐住了张守安的脖颈，指甲微微渗入皮肉，流出丝丝鲜血。\r\n\n    她语气冰冷，低头在张守安耳边轻声说道：\r\n\n    “我知道你就差最后一点了，我有事要离开两天，要是我回来后还是这样，我就亲自取了你的命！”\r\n\n    说罢，他手指轻轻弹了一下张守安的兄弟，让张守安倒吸了一口凉气。', '--json']' timed out after 120 seconds

🛑 Stopping after current chapter...
